timestamp_sec,elapsed_sec,total_physical_mb_written,interval_mb_written,write_rate_mbps
1786359403.93,2.01,9665183.59,0.49,0.24
1786359405.95,4.02,9665266.60,83.01,41.50
1786359407.97,6.04,9665448.73,182.13,91.06
1786359409.98,8.06,9665660.64,211.91,105.96
1786359412.00,10.08,9665885.25,224.61,112.30
1786359414.02,12.09,9666114.26,229.00,114.50
1786359416.04,14.11,9666346.68,232.42,116.21
1786359418.06,16.13,9666661.13,314.45,157.23
1786359420.08,18.15,9666892.58,231.45,115.72
1786359422.09,20.16,9667124.51,231.93,115.97
1786359424.10,22.18,9667357.42,232.91,116.46
1786359426.12,24.19,9667615.72,258.30,129.15
1786359428.12,26.20,9667847.66,231.93,115.97
1786359430.13,28.20,9668080.57,232.91,116.46
1786359432.14,30.22,9668313.48,232.91,116.46
1786359434.16,32.23,9668604.49,291.02,145.51
1786359436.17,34.24,9668833.50,229.00,114.50
1786359438.18,36.25,9669065.92,232.42,116.21
1786359440.19,38.26,9669296.39,230.47,115.23
1786359442.20,40.27,9669529.30,232.91,116.46
1786359444.21,42.29,9669759.77,230.47,115.23
1786359446.23,44.30,9669991.70,231.93,115.97
1786359448.24,46.31,9670226.56,234.86,117.43
1786359450.25,48.33,9670486.33,259.77,129.88
1786359452.26,50.33,9670782.23,295.90,147.95
1786359454.27,52.35,9671014.65,232.42,116.21
1786359456.28,54.36,9671244.63,229.98,114.99
1786359458.30,56.37,9671474.61,229.98,114.99
1786359460.31,58.38,9671752.93,278.32,139.16
1786359462.32,60.39,9672021.00,268.07,134.03
1786359464.33,62.40,9672256.35,235.35,117.68
1786359466.34,64.41,9672487.30,230.96,115.48
1786359468.35,66.42,9672718.26,230.96,115.48
1786359470.36,68.43,9672977.54,259.28,129.64
1786359472.36,70.44,9673208.50,230.96,115.48
1786359474.37,72.45,9673438.48,229.98,114.99
1786359476.39,74.46,9673668.95,230.47,115.23
1786359478.40,76.47,9673902.83,233.89,116.94
1786359480.41,78.48,9674162.11,259.28,129.64
1786359482.42,80.49,9674394.53,232.42,116.21
1786359484.43,82.50,9674626.46,231.93,115.97
1786359486.44,84.51,9674858.89,232.42,116.21
1786359488.45,86.53,9675091.80,232.91,116.46
1786359490.47,88.54,9675323.73,231.93,115.97
1786359492.48,90.55,9675557.62,233.89,116.94
1786359494.49,92.56,9675819.82,262.21,131.10
1786359496.50,94.57,9676117.19,297.36,148.68
1786359498.51,96.58,9676347.66,230.47,115.23
1786359500.52,98.60,9676578.12,230.47,115.23
1786359502.53,100.61,9676811.04,232.91,116.46
1786359504.55,102.62,9677042.48,231.45,115.72
1786359506.56,104.63,9677345.70,303.22,151.61
1786359508.57,106.64,9677591.31,245.61,122.80
1786359510.58,108.65,9677825.68,234.38,117.19
1786359512.59,110.66,9678058.59,232.91,116.46
1786359514.60,112.68,9678291.02,232.42,116.21
1786359516.62,114.69,9678522.46,231.45,115.72
1786359518.63,116.70,9678753.42,230.96,115.48
1786359520.64,118.71,9679014.16,260.74,130.37
1786359522.65,120.72,9679246.58,232.42,116.21
1786359524.65,122.73,9679479.98,233.40,116.70
1786359526.90,124.97,9679738.77,258.79,129.39
1786359528.90,126.98,9679971.19,232.42,116.21
1786359530.92,128.99,9680202.15,230.96,115.48
1786359532.93,131.00,9680431.64,229.49,114.75
1786359534.94,133.01,9680662.11,230.47,115.23
1786359536.95,135.02,9680975.10,312.99,156.49
1786359538.96,137.03,9681217.29,242.19,121.09
1786359540.97,139.04,9681451.66,234.38,117.19
1786359542.98,141.06,9681681.64,229.98,114.99
1786359545.00,143.07,9681912.11,230.47,115.23
1786359547.01,145.08,9682160.16,248.05,124.02
1786359549.02,147.09,9682402.83,242.68,121.34
1786359551.03,149.10,9682694.34,291.50,145.75
1786359553.04,151.11,9682927.73,233.40,116.70
1786359555.27,153.35,9683161.62,233.89,116.94
1786359557.29,155.36,9683419.92,258.30,129.15
1786359559.29,157.37,9683653.32,233.40,116.70
1786359561.31,159.38,9683884.77,231.45,115.72
1786359563.32,161.39,9684118.65,233.89,116.94
1786359565.33,163.40,9684352.05,233.40,116.70
1786359567.34,165.41,9684583.50,231.45,115.72
1786359569.35,167.42,9684839.84,256.35,128.17
1786359571.36,169.43,9685074.71,234.86,117.43
1786359573.37,171.44,9685307.13,232.42,116.21
1786359575.38,173.45,9685539.55,232.42,116.21
1786359577.39,175.46,9685770.02,230.47,115.23
1786359579.40,177.47,9686003.91,233.89,116.94
1786359581.41,179.49,9686236.33,232.42,116.21
1786359583.43,181.50,9686469.24,232.91,116.46
1786359585.44,183.51,9686728.52,259.28,129.64
1786359587.45,185.52,9687028.81,300.29,150.15
1786359589.46,187.53,9687260.25,231.45,115.72
1786359591.47,189.54,9687538.57,278.32,139.16
1786359593.48,191.56,9687769.53,230.96,115.48
1786359595.50,193.57,9688000.98,231.45,115.72
1786359597.51,195.58,9688260.25,259.28,129.64
1786359599.52,197.59,9688550.29,290.04,145.02
1786359601.53,199.60,9688782.71,232.42,116.21
1786359603.54,201.61,9689013.67,230.96,115.48
1786359605.55,203.62,9689246.09,232.42,116.21
1786359607.62,205.69,9689504.39,258.30,129.15
1786359609.63,207.70,9689735.35,230.96,115.48
1786359611.63,209.71,9689965.33,229.98,114.99
1786359613.64,211.72,9690195.80,230.47,115.23
1786359615.66,213.73,9690428.71,232.91,116.46
1786359617.67,215.74,9690665.04,236.33,118.16
1786359619.68,217.75,9690897.46,232.42,116.21
1786359621.70,219.77,9691130.86,233.40,116.70
1786359623.71,221.78,9691366.21,235.35,117.68
1786359625.73,223.80,9691598.14,231.93,115.97
1786359627.75,225.82,9691830.08,231.93,115.97
1786359629.77,227.84,9692062.50,232.42,116.21
1786359631.78,229.86,9692322.75,260.25,130.13
1786359633.80,231.87,9692554.69,231.93,115.97
1786359635.82,233.89,9692785.16,230.47,115.23
1786359637.83,235.91,9693015.62,230.47,115.23
1786359639.85,237.92,9693249.02,233.40,116.70
1786359641.87,239.94,9693481.93,232.91,116.46
1786359643.89,241.96,9693713.87,231.93,115.97
1786359645.91,243.98,9693945.80,231.93,115.97
1786359647.93,246.00,9694181.64,235.84,117.92
1786359649.94,248.01,9694395.02,213.38,106.69
1786359651.96,250.03,9694617.68,222.66,111.33
1786359653.98,252.05,9694853.03,235.35,117.68
1786359656.00,254.07,9695084.47,231.45,115.72
1786359658.02,256.09,9695316.89,232.42,116.21
1786359660.04,258.11,9695549.32,232.42,116.21
1786359662.07,260.14,9695709.47,160.16,80.08
1786359664.08,262.15,9695929.69,220.21,110.11
1786359666.10,264.17,9696160.16,230.47,115.23
1786359668.13,266.20,9696379.39,219.24,109.62
1786359670.15,268.22,9696599.12,219.73,109.86
1786359672.16,270.23,9696818.36,219.24,109.62
1786359674.18,272.25,9697002.93,184.57,92.29
1786359676.20,274.27,9697211.91,208.98,104.49
1786359678.21,276.28,9697444.34,232.42,116.21
1786359680.23,278.30,9697675.78,231.45,115.72
1786359682.25,280.32,9697882.32,206.54,103.27
1786359684.27,282.35,9698116.21,233.89,116.94
1786359686.29,284.36,9698263.18,146.97,73.49
1786359688.31,286.38,9698496.09,232.91,116.46
1786359690.33,288.40,9698703.12,207.03,103.52
1786359692.35,290.42,9698921.88,218.75,109.38
1786359694.36,292.44,9699129.39,207.52,103.76
1786359696.38,294.45,9699319.82,190.43,95.21
1786359698.40,296.47,9699541.99,222.17,111.08
1786359700.42,298.49,9699776.37,234.38,117.19
1786359702.44,300.51,9699976.07,199.71,99.85
1786359704.45,302.52,9700196.29,220.21,110.11
1786359706.47,304.55,9700415.04,218.75,109.38
1786359708.49,306.56,9700614.75,199.71,99.85
1786359710.51,308.58,9700802.73,187.99,93.99
1786359712.53,310.60,9701007.81,205.08,102.54
1786359714.55,312.62,9701240.23,232.42,116.21
1786359716.57,314.64,9701446.78,206.54,103.27
1786359718.59,316.66,9701679.20,232.42,116.21
1786359720.61,318.68,9701911.13,231.93,115.97
1786359722.62,320.70,9702023.93,112.79,56.40
1786359724.64,322.71,9702209.47,185.55,92.77
1786359726.66,324.73,9702407.71,198.24,99.12
1786359728.70,326.77,9702640.62,232.91,116.46
1786359730.72,328.79,9702873.05,232.42,116.21
1786359732.73,330.80,9703079.10,206.05,103.03
1786359734.75,332.82,9703310.55,231.45,115.72
1786359736.77,334.84,9703542.97,232.42,116.21
1786359738.79,336.86,9703754.88,211.91,105.96
1786359740.80,338.88,9703945.80,190.92,95.46
1786359742.82,340.89,9704130.86,185.06,92.53
1786359744.84,342.91,9704319.82,188.96,94.48
1786359746.85,344.93,9704513.18,193.36,96.68
1786359748.87,346.95,9704745.61,232.42,116.21
1786359750.89,348.97,9704977.05,231.45,115.72
1786359752.91,350.98,9705208.98,231.93,115.97
1786359754.93,353.00,9705414.55,205.57,102.78
1786359756.94,355.02,9705646.00,231.45,115.72
1786359758.96,357.04,9705878.42,232.42,116.21
1786359760.98,359.05,9706025.39,146.97,73.49
1786359763.00,361.07,9706259.77,234.38,117.19
1786359765.02,363.09,9706490.72,230.96,115.48
1786359767.04,365.11,9706722.17,231.45,115.72
1786359769.12,367.20,9706954.10,231.93,115.97
1786359771.14,369.22,9707187.01,232.91,116.46
1786359773.16,371.23,9707419.43,232.42,116.21
1786359775.18,373.25,9707624.51,205.08,102.54
1786359777.20,375.27,9707843.75,219.24,109.62
1786359779.22,377.29,9708011.23,167.48,83.74
1786359781.34,379.41,9708317.38,306.15,153.08
1786359783.36,381.43,9708546.88,229.49,114.75
1786359785.38,383.45,9708778.32,231.45,115.72
1786359787.40,385.47,9709011.72,233.40,116.70
1786359789.42,387.49,9709243.65,231.93,115.97
1786359791.44,389.51,9709477.05,233.40,116.70
1786359793.45,391.52,9709709.47,232.42,116.21
1786359795.47,393.54,9709923.83,214.36,107.18
1786359797.49,395.56,9710087.89,164.06,82.03
1786359799.51,397.58,9710293.46,205.57,102.78
1786359801.58,399.65,9710525.39,231.93,115.97
1786359803.60,401.67,9710757.81,232.42,116.21
1786359805.62,403.69,9710961.43,203.61,101.81
1786359807.63,405.71,9711174.80,213.38,106.69
1786359809.65,407.72,9711391.60,216.80,108.40
1786359811.67,409.74,9711614.26,222.66,111.33
1786359813.68,411.76,9711838.38,224.12,112.06
1786359815.70,413.77,9712060.06,221.68,110.84
1786359817.72,415.79,9712267.09,207.03,103.52
1786359819.74,417.81,9712461.43,194.34,97.17
1786359821.76,419.84,9712648.93,187.50,93.75
1786359823.78,421.85,9712876.46,227.54,113.77
1786359825.80,423.88,9713108.89,232.42,116.21
1786359827.82,425.90,9713342.77,233.89,116.94
1786359829.84,427.92,9713575.20,232.42,116.21
1786359831.86,429.93,9713781.74,206.54,103.27
1786359833.88,431.95,9714013.67,231.93,115.97
1786359835.90,433.97,9714181.64,167.97,83.98
1786359837.92,435.99,9714385.25,203.61,101.81
1786359839.94,438.01,9714617.68,232.42,116.21
1786359841.95,440.03,9714850.10,232.42,116.21
1786359843.98,442.06,9715082.52,232.42,116.21
1786359846.00,444.07,9715310.55,228.03,114.01
1786359848.02,446.09,9715520.02,209.47,104.74
1786359850.04,448.11,9715750.49,230.47,115.23
1786359852.06,450.13,9715979.98,229.49,114.75
1786359854.07,452.15,9716169.43,189.45,94.73
1786359856.18,454.26,9716375.98,206.54,103.27
1786359858.20,456.27,9716591.31,215.33,107.67
1786359860.22,458.29,9716823.73,232.42,116.21
1786359862.24,460.31,9717056.15,232.42,116.21
1786359864.26,462.33,9717287.11,230.96,115.48
1786359866.27,464.35,9717510.25,223.14,111.57
1786359868.29,466.36,9717729.49,219.24,109.62
1786359870.31,468.38,9717955.57,226.07,113.04
1786359872.33,470.40,9718183.11,227.54,113.77
1786359874.35,472.42,9718364.26,181.15,90.58
1786359876.36,474.44,9718579.59,215.33,107.67
1786359878.38,476.45,9718812.50,232.91,116.46
1786359880.40,478.47,9719034.18,221.68,110.84
1786359882.42,480.49,9719266.60,232.42,116.21
1786359884.44,482.51,9719498.54,231.93,115.97
1786359886.45,484.53,9719733.40,234.86,117.43
1786359888.47,486.54,9719962.89,229.49,114.75
1786359890.50,488.57,9720134.77,171.88,85.94
1786359892.52,490.59,9720293.46,158.69,79.35
1786359894.62,492.69,9720510.25,216.80,108.40
1786359896.63,494.71,9720724.12,213.87,106.93
1786359898.65,496.72,9720939.94,215.82,107.91
1786359900.67,498.74,9721159.18,219.24,109.62
1786359902.68,500.76,9721382.81,223.63,111.82
1786359904.70,502.78,9721614.75,231.93,115.97
1786359906.72,504.80,9721847.17,232.42,116.21
1786359908.75,506.82,9722117.19,270.02,135.01
1786359910.77,508.84,9722281.74,164.55,82.28
1786359912.83,510.90,9722539.06,257.32,128.66
1786359914.85,512.92,9722738.77,199.71,99.85
1786359916.87,514.94,9722961.43,222.66,111.33
1786359918.89,516.96,9723192.87,231.45,115.72
1786359920.91,518.98,9723421.39,228.52,114.26
1786359922.92,520.99,9723698.73,277.34,138.67
1786359924.94,523.01,9723942.87,244.14,122.07
1786359926.96,525.03,9724165.53,222.66,111.33
1786359928.98,527.05,9724334.96,169.43,84.72
1786359931.47,529.54,9724599.61,264.65,132.32
1786359933.48,531.56,9724818.85,219.24,109.62
1786359935.50,533.57,9725027.83,208.98,104.49
1786359937.52,535.59,9725246.58,218.75,109.38
1786359939.54,537.61,9725467.77,221.19,110.60
1786359941.56,539.63,9725700.20,232.42,116.21
1786359943.58,541.65,9725932.62,232.42,116.21
1786359945.60,543.67,9726166.02,233.40,116.70
1786359947.62,545.69,9726369.14,203.12,101.56
1786359949.64,547.71,9726545.41,176.27,88.13
1786359951.65,549.72,9726828.61,283.20,141.60
1786359953.67,551.74,9727037.11,208.50,104.25
1786359955.69,553.76,9727252.93,215.82,107.91
1786359957.71,555.78,9727464.36,211.43,105.71
1786359959.73,557.80,9727684.08,219.73,109.86
1786359961.74,559.82,9727902.34,218.26,109.13
1786359963.76,561.83,9728135.25,232.91,116.46
1786359965.78,563.85,9728366.21,230.96,115.48
1786359967.80,565.87,9728569.34,203.12,101.56
1786359969.81,567.89,9728764.65,195.31,97.66
1786359971.83,569.90,9728994.63,229.98,114.99
1786359973.85,571.92,9729221.19,226.56,113.28
1786359975.86,573.94,9729434.08,212.89,106.45
1786359977.88,575.95,9729663.57,229.49,114.75
1786359979.90,577.97,9729895.02,231.45,115.72
1786359981.91,579.98,9730105.96,210.94,105.47
1786359983.93,582.00,9730330.57,224.61,112.30
1786359985.94,584.01,9730575.20,244.63,122.31
1786359987.97,586.04,9730753.42,178.22,89.11
1786359989.99,588.06,9730986.33,232.91,116.46
1786359992.01,590.08,9731219.73,233.40,116.70
1786359994.03,592.10,9731437.99,218.26,109.13
1786359996.05,594.12,9731656.25,218.26,109.13
1786359998.07,596.14,9731886.72,230.47,115.23
1786360000.08,598.15,9732062.01,175.29,87.65
1786360002.10,600.17,9732318.85,256.84,128.42
1786360004.12,602.19,9732493.16,174.32,87.16
1786360006.14,604.21,9732701.66,208.50,104.25
1786360008.15,606.23,9732931.15,229.49,114.75
1786360010.17,608.24,9733162.60,231.45,115.72
1786360012.19,610.26,9733396.48,233.89,116.94
1786360014.21,612.28,9733627.44,230.96,115.48
1786360016.23,614.30,9733861.33,233.89,116.94
1786360018.23,616.31,9734080.08,218.75,109.38
1786360020.26,618.33,9734265.14,185.06,92.53
1786360022.27,620.35,9734498.54,233.40,116.70
1786360024.41,622.48,9734702.64,204.10,102.05
1786360026.42,624.50,9734871.58,168.95,84.47
1786360028.44,626.52,9735139.16,267.58,133.79
1786360030.45,628.53,9735369.14,229.98,114.99
1786360032.48,630.55,9735595.21,226.07,113.04
1786360034.49,632.56,9735802.73,207.52,103.76
1786360036.51,634.58,9736000.98,198.24,99.12
1786360038.52,636.60,9736216.31,215.33,107.67
1786360040.54,638.61,9736440.92,224.61,112.30
1786360042.56,640.64,9736660.16,219.24,109.62
1786360044.58,642.65,9736834.96,174.80,87.40
1786360046.64,644.71,9737065.92,230.96,115.48
1786360048.66,646.73,9737264.16,198.24,99.12
1786360050.67,648.74,9737488.28,224.12,112.06
1786360052.69,650.76,9737723.14,234.86,117.43
1786360054.71,652.78,9737955.08,231.93,115.97
1786360056.73,654.80,9738187.01,231.93,115.97
1786360058.74,656.82,9738456.54,269.53,134.77
1786360060.76,658.83,9738625.00,168.46,84.23
1786360062.78,660.85,9738829.10,204.10,102.05
1786360064.80,662.87,9739036.13,207.03,103.52
1786360066.82,664.89,9739266.60,230.47,115.23
1786360068.83,666.90,9739500.00,233.40,116.70
1786360070.85,668.92,9739731.45,231.45,115.72
1786360072.87,670.94,9739964.36,232.91,116.46
1786360074.89,672.96,9740195.80,231.45,115.72
1786360076.91,674.98,9740425.29,229.49,114.75
1786360078.92,676.99,9740618.65,193.36,96.68
1786360080.96,679.03,9740804.20,185.55,92.77
1786360082.97,681.05,9740998.54,194.34,97.17
1786360084.99,683.07,9741151.86,153.32,76.66
1786360087.01,685.08,9741380.86,229.00,114.50
1786360089.08,687.16,9741612.30,231.45,115.72
1786360091.11,689.18,9741844.24,231.93,115.97
1786360093.13,691.20,9742076.17,231.93,115.97
1786360095.14,693.22,9742306.64,230.47,115.23
1786360097.16,695.23,9742538.57,231.93,115.97
1786360099.17,697.24,9742745.12,206.54,103.27
1786360101.19,699.26,9742900.88,155.76,77.88
1786360103.21,701.28,9743123.05,222.17,111.08
1786360105.23,703.30,9743354.00,230.96,115.48
1786360107.24,705.31,9743586.43,232.42,116.21
1786360109.26,707.33,9743814.45,228.03,114.01
1786360111.28,709.35,9744027.34,212.89,106.45
1786360113.30,711.37,9744251.95,224.61,112.30
1786360115.32,713.39,9744485.84,233.89,116.94
1786360117.33,715.41,9744691.89,206.05,103.03
1786360119.46,717.54,9744859.38,167.48,83.74
1786360121.49,719.56,9745094.24,234.86,117.43
1786360123.50,721.58,9745271.97,177.73,88.87
1786360125.53,723.60,9745439.94,167.97,83.98
1786360127.55,725.62,9745606.93,166.99,83.50
1786360129.57,727.65,9745827.64,220.70,110.35
1786360131.59,729.66,9746043.46,215.82,107.91
1786360133.61,731.68,9746255.86,212.40,106.20
1786360135.63,733.70,9746487.79,231.93,115.97
1786360137.65,735.72,9746719.24,231.45,115.72
1786360139.66,737.74,9746910.64,191.41,95.70
1786360141.75,739.82,9747091.80,181.15,90.58
1786360143.77,741.84,9747288.09,196.29,98.14
1786360145.78,743.86,9747536.13,248.05,124.02
1786360147.80,745.87,9747743.16,207.03,103.52
1786360149.82,747.89,9747979.98,236.82,118.41
1786360151.84,749.91,9748204.59,224.61,112.30
1786360153.86,751.93,9748431.64,227.05,113.53
1786360155.88,753.95,9748656.25,224.61,112.30
1786360157.89,755.96,9748807.13,150.88,75.44
1786360159.91,757.98,9749011.23,204.10,102.05
1786360161.93,760.00,9749208.98,197.75,98.88
1786360163.95,762.02,9749391.11,182.13,91.06
1786360165.96,764.04,9749622.07,230.96,115.48
1786360167.98,766.05,9749852.05,229.98,114.99
1786360170.00,768.07,9750061.04,208.98,104.49
1786360172.02,770.09,9750292.48,231.45,115.72
1786360174.03,772.11,9750524.90,232.42,116.21
1786360176.06,774.13,9750758.79,233.89,116.94
1786360178.07,776.14,9750944.82,186.04,93.02
1786360180.09,778.16,9751130.86,186.04,93.02
1786360182.11,780.18,9751335.94,205.08,102.54
1786360184.12,782.20,9751507.81,171.88,85.94
1786360186.14,784.21,9751782.71,274.90,137.45
1786360188.16,786.23,9752012.21,229.49,114.75
1786360190.18,788.25,9752243.16,230.96,115.48
1786360192.20,790.27,9752476.07,232.91,116.46
1786360194.22,792.29,9752693.36,217.29,108.64
1786360196.23,794.30,9752868.65,175.29,87.65
1786360198.24,796.31,9753080.57,211.91,105.96
1786360200.26,798.33,9753284.18,203.61,101.81
1786360202.28,800.35,9753475.10,190.92,95.46
1786360204.29,802.37,9753696.78,221.68,110.84
1786360206.31,804.38,9753921.39,224.61,112.30
1786360208.32,806.39,9754147.46,226.07,113.04
1786360210.35,808.42,9754326.66,179.20,89.60
1786360212.37,810.44,9754534.67,208.01,104.00
1786360214.39,812.46,9754766.11,231.45,115.72
1786360216.40,814.47,9754975.10,208.98,104.49
1786360218.44,816.51,9755206.54,231.45,115.72
1786360220.47,818.54,9755373.54,166.99,83.50
1786360222.49,820.56,9755571.78,198.24,99.12
1786360224.51,822.58,9755753.91,182.13,91.06
1786360226.52,824.60,9755978.52,224.61,112.30
1786360228.54,826.61,9756185.55,207.03,103.52
1786360230.56,828.63,9756416.99,231.45,115.72
1786360232.58,830.66,9756649.41,232.42,116.21
1786360234.60,832.67,9756882.32,232.91,116.46
1786360236.62,834.70,9757091.80,209.47,104.74
1786360238.64,836.71,9757293.46,201.66,100.83
1786360240.66,838.73,9757507.32,213.87,106.93
1786360242.68,840.75,9757670.90,163.57,81.79
1786360244.70,842.77,9757896.97,226.07,113.04
1786360246.72,844.79,9758112.79,215.82,107.91
1786360248.73,846.80,9758302.25,189.45,94.73
1786360250.75,848.82,9758533.69,231.45,115.72
1786360252.76,850.84,9758764.16,230.47,115.23
1786360254.78,852.85,9758983.40,219.24,109.62
1786360256.81,854.88,9759174.32,190.92,95.46
1786360258.83,856.90,9759406.74,232.42,116.21
1786360260.85,858.92,9759590.33,183.59,91.80
1786360262.88,860.95,9759796.39,206.05,103.03
1786360264.90,862.97,9760032.71,236.33,118.16
1786360266.91,864.99,9760247.07,214.36,107.18
1786360268.93,867.00,9760479.00,231.93,115.97
1786360270.95,869.02,9760710.94,231.93,115.97
1786360272.97,871.04,9760942.87,231.93,115.97
1786360274.99,873.06,9761101.56,158.69,79.35
1786360277.02,875.09,9761297.36,195.80,97.90
1786360279.05,877.12,9761546.88,249.51,124.76
1786360281.06,879.13,9761731.93,185.06,92.53
1786360283.08,881.15,9762009.28,277.34,138.67
1786360285.09,883.16,9762243.65,234.38,117.19
1786360287.35,885.42,9762475.10,231.45,115.72
1786360289.37,887.44,9762694.82,219.73,109.86
1786360291.39,889.46,9762887.70,192.87,96.44
1786360293.41,891.48,9763101.56,213.87,106.93
1786360295.43,893.51,9763287.11,185.55,92.77
1786360297.50,895.58,9763500.49,213.38,106.69
1786360299.52,897.59,9763703.61,203.12,101.56
1786360301.54,899.61,9763934.57,230.96,115.48
1786360303.56,901.63,9764166.02,231.45,115.72
1786360305.57,903.65,9764391.11,225.10,112.55
1786360307.59,905.66,9764602.05,210.94,105.47
1786360309.60,907.68,9764791.50,189.45,94.73
1786360311.62,909.69,9765074.22,282.71,141.36
1786360313.64,911.71,9765236.82,162.60,81.30
1786360315.66,913.74,9765471.19,234.38,117.19
1786360317.68,915.75,9765637.70,166.50,83.25
1786360319.71,917.78,9765815.43,177.73,88.87
1786360321.73,919.80,9766046.88,231.45,115.72
1786360323.75,921.82,9766276.86,229.98,114.99
1786360325.77,923.84,9766507.81,230.96,115.48
1786360327.78,925.85,9766738.28,230.47,115.23
1786360329.80,927.87,9766959.47,221.19,110.60
1786360331.81,929.89,9767167.48,208.01,104.00
1786360333.86,931.93,9767341.31,173.83,86.91
1786360335.89,933.96,9767555.66,214.36,107.18
1786360337.90,935.98,9767727.54,171.88,85.94
1786360339.94,938.01,9767898.93,171.39,85.69
1786360341.96,940.03,9768131.35,232.42,116.21
1786360343.98,942.05,9768361.82,230.47,115.23
1786360346.00,944.07,9768596.68,234.86,117.43
1786360348.02,946.09,9768829.10,232.42,116.21
1786360350.03,948.10,9769060.55,231.45,115.72
1786360352.05,950.12,9769230.96,170.41,85.21
1786360354.08,952.15,9769411.13,180.18,90.09
1786360356.10,954.17,9769614.75,203.61,101.81
1786360358.11,956.19,9769781.25,166.50,83.25
1786360360.22,958.29,9769994.63,213.38,106.69
1786360362.23,960.31,9770241.21,246.58,123.29
1786360364.25,962.32,9770456.05,214.84,107.42
1786360366.27,964.34,9770686.52,230.47,115.23
1786360368.29,966.37,9770918.95,232.42,116.21
1786360370.31,968.38,9771151.86,232.91,116.46
1786360372.33,970.40,9771361.82,209.96,104.98
1786360374.36,972.43,9771581.54,219.73,109.86
1786360376.39,974.46,9771750.00,168.46,84.23
1786360378.41,976.48,9771963.87,213.87,106.93
1786360380.42,978.49,9772168.46,204.59,102.29
1786360382.44,980.51,9772389.65,221.19,110.60
1786360384.46,982.53,9772593.75,204.10,102.05
1786360386.48,984.55,9772901.37,307.62,153.81
1786360388.49,986.56,9773122.56,221.19,110.60
1786360390.51,988.58,9773300.78,178.22,89.11
1786360392.53,990.60,9773508.79,208.01,104.00
1786360394.59,992.66,9773715.82,207.03,103.52
1786360396.60,994.68,9773925.78,209.96,104.98
1786360398.63,996.70,9774128.42,202.64,101.32
1786360400.65,998.72,9774345.70,217.29,108.64
1786360402.66,1000.73,9774568.36,222.66,111.33
1786360404.68,1002.75,9774782.71,214.36,107.18
1786360406.70,1004.77,9775014.16,231.45,115.72
1786360408.72,1006.79,9775248.54,234.38,117.19
1786360410.73,1008.81,9775381.35,132.81,66.41
1786360412.76,1010.83,9775582.52,201.17,100.59
1786360414.77,1012.85,9775781.25,198.73,99.37
1786360416.79,1014.87,9775946.29,165.04,82.52
1786360418.81,1016.88,9776144.53,198.24,99.12
1786360420.84,1018.92,9776311.52,166.99,83.50
1786360422.87,1020.94,9776523.44,211.91,105.96
1786360425.16,1023.23,9776755.37,231.93,115.97
1786360427.18,1025.25,9776976.56,221.19,110.60
1786360429.19,1027.27,9777192.38,215.82,107.91
1786360431.21,1029.28,9777410.64,218.26,109.13
1786360433.23,1031.30,9777583.50,172.85,86.43
1786360435.26,1033.33,9777798.83,215.33,107.67
1786360437.28,1035.35,9778020.51,221.68,110.84
1786360439.32,1037.39,9778178.22,157.71,78.86
1786360441.34,1039.41,9778381.84,203.61,101.81
1786360443.36,1041.43,9778607.42,225.59,112.79
1786360445.38,1043.45,9778840.33,232.91,116.46
1786360447.40,1045.47,9779071.78,231.45,115.72
1786360449.42,1047.49,9779304.69,232.91,116.46
1786360451.44,1049.51,9779509.28,204.59,102.29
1786360453.46,1051.53,9779699.22,189.94,94.97
1786360455.49,1053.56,9779888.67,189.45,94.73
1786360457.51,1055.58,9780065.92,177.25,88.62
1786360459.52,1057.60,9780235.35,169.43,84.72
1786360461.54,1059.62,9780467.77,232.42,116.21
1786360463.56,1061.63,9780700.20,232.42,116.21
1786360465.58,1063.66,9780932.13,231.93,115.97
1786360467.60,1065.67,9781151.86,219.73,109.86
1786360469.62,1067.69,9781381.35,229.49,114.75
1786360471.63,1069.71,9781586.43,205.08,102.54
1786360473.65,1071.73,9781748.05,161.62,80.81
1786360475.67,1073.75,9781972.17,224.12,112.06
1786360477.70,1075.77,9782120.61,148.44,74.22
1786360479.72,1077.79,9782324.22,203.61,101.81
1786360481.73,1079.80,9782551.76,227.54,113.77
1786360483.75,1081.82,9782771.00,219.24,109.62
1786360485.77,1083.84,9782993.16,222.17,111.08
1786360487.79,1085.86,9783225.10,231.93,115.97
1786360489.80,1087.87,9783455.57,230.47,115.23
1786360491.82,1089.89,9783629.39,173.83,86.91
1786360493.87,1091.94,9783834.96,205.57,102.78
1786360495.89,1093.96,9784063.96,229.00,114.50
1786360497.91,1095.98,9784268.07,204.10,102.05
1786360499.93,1098.00,9784483.40,215.33,107.67
1786360501.95,1100.02,9784667.97,184.57,92.29
1786360503.96,1102.03,9784898.93,230.96,115.48
1786360505.98,1104.05,9785103.52,204.59,102.29
1786360508.00,1106.07,9785336.43,232.91,116.46
1786360510.01,1108.09,9785566.89,230.47,115.23
1786360512.03,1110.10,9785772.95,206.05,103.03
1786360514.05,1112.12,9785928.71,155.76,77.88
1786360516.07,1114.14,9786142.09,213.38,106.69
1786360518.09,1116.16,9786295.90,153.81,76.90
1786360520.11,1118.18,9786499.02,203.12,101.56
1786360522.12,1120.20,9786730.96,231.93,115.97
1786360524.14,1122.22,9786961.91,230.96,115.48
1786360526.16,1124.24,9787194.34,232.42,116.21
1786360528.18,1126.25,9787425.78,231.45,115.72
1786360530.20,1128.27,9787647.46,221.68,110.84
1786360532.22,1130.29,9787863.77,216.31,108.15
1786360534.24,1132.31,9788060.55,196.78,98.39
1786360536.26,1134.33,9788241.70,181.15,90.58
1786360538.28,1136.35,9788417.48,175.78,87.89
1786360540.30,1138.37,9788635.25,217.77,108.89
1786360542.32,1140.40,9788881.84,246.58,123.29
1786360544.34,1142.41,9789077.64,195.80,97.90
1786360546.36,1144.43,9789309.08,231.45,115.72
1786360548.38,1146.45,9789539.06,229.98,114.99
1786360550.39,1148.47,9789747.07,208.01,104.00
1786360552.41,1150.48,9789951.17,204.10,102.05
1786360554.43,1152.50,9790124.51,173.34,86.67
1786360556.46,1154.53,9790330.57,206.05,103.03
1786360558.48,1156.55,9790516.60,186.04,93.02
1786360560.51,1158.58,9790702.64,186.04,93.02
1786360562.52,1160.60,9790932.62,229.98,114.99
1786360564.54,1162.61,9791155.76,223.14,111.57
1786360566.56,1164.63,9791373.05,217.29,108.64
1786360568.58,1166.65,9791605.47,232.42,116.21
1786360570.60,1168.67,9791810.55,205.08,102.54
1786360572.62,1170.69,9791982.91,172.36,86.18
1786360574.64,1172.71,9792187.50,204.59,102.29
1786360576.66,1174.73,9792418.46,230.96,115.48
1786360578.67,1176.75,9792599.61,181.15,90.58
1786360580.69,1178.76,9792787.11,187.50,93.75
1786360582.71,1180.78,9793003.42,216.31,108.15
1786360584.73,1182.80,9793229.00,225.59,112.79
1786360586.75,1184.82,9793461.43,232.42,116.21
1786360588.77,1186.84,9793667.97,206.54,103.27
1786360590.78,1188.85,9793870.61,202.64,101.32
1786360592.81,1190.88,9794102.54,231.93,115.97
1786360594.83,1192.90,9794330.57,228.03,114.01
1786360596.85,1194.92,9794517.09,186.52,93.26
1786360598.87,1196.94,9794757.81,240.72,120.36
1786360600.89,1198.96,9794963.38,205.57,102.78
1786360602.90,1200.98,9795174.32,210.94,105.47
1786360604.92,1202.99,9795403.32,229.00,114.50
1786360606.94,1205.01,9795611.82,208.50,104.25
1786360608.96,1207.03,9795819.34,207.52,103.76
1786360610.98,1209.05,9796005.37,186.04,93.02
1786360613.01,1211.09,9796198.73,193.36,96.68
1786360615.27,1213.34,9796441.89,243.16,121.58
1786360617.29,1215.37,9796653.81,211.91,105.96
1786360619.31,1217.38,9796813.96,160.16,80.08
1786360621.33,1219.40,9797019.04,205.08,102.54
1786360623.35,1221.43,9797233.89,214.84,107.42
1786360625.38,1223.45,9797396.97,163.09,81.54
1786360627.40,1225.47,9797594.73,197.75,98.88
1786360629.41,1227.49,9797741.70,146.97,73.49
1786360631.44,1229.51,9797971.19,229.49,114.75
1786360633.46,1231.53,9798175.29,204.10,102.05
1786360635.48,1233.55,9798389.16,213.87,106.93
1786360637.51,1235.58,9798548.83,159.67,79.83
1786360639.53,1237.60,9798775.39,226.56,113.28
1786360641.55,1239.62,9798960.45,185.06,92.53
1786360643.57,1241.64,9799134.28,173.83,86.91
1786360645.58,1243.66,9799359.38,225.10,112.55
1786360647.60,1245.68,9799592.29,232.91,116.46
1786360649.62,1247.70,9799796.39,204.10,102.05
1786360651.64,1249.72,9799999.02,202.64,101.32
1786360653.67,1251.74,9800172.85,173.83,86.91
1786360655.69,1253.77,9800405.27,232.42,116.21
1786360657.72,1255.79,9800551.76,146.48,73.24
1786360659.74,1257.81,9800750.98,199.22,99.61
1786360661.75,1259.83,9800981.93,230.96,115.48
1786360663.77,1261.84,9801213.38,231.45,115.72
1786360665.78,1263.85,9801435.55,222.17,111.08
1786360667.79,1265.87,9801652.83,217.29,108.64
1786360669.81,1267.88,9801877.93,225.10,112.55
1786360671.83,1269.91,9802054.20,176.27,88.13
1786360673.85,1271.92,9802259.77,205.57,102.78
1786360675.87,1273.94,9802409.18,149.41,74.71
1786360677.89,1275.96,9802628.91,219.73,109.86
1786360679.91,1277.98,9802842.77,213.87,106.93
1786360681.94,1280.01,9803068.36,225.59,112.79
1786360683.96,1282.03,9803296.88,228.52,114.26
1786360685.98,1284.05,9803530.27,233.40,116.70
1786360688.00,1286.08,9803762.70,232.42,116.21
1786360690.02,1288.10,9803994.14,231.45,115.72
1786360692.04,1290.12,9804222.66,228.52,114.26
1786360694.07,1292.14,9804401.37,178.71,89.36
1786360696.09,1294.16,9804573.73,172.36,86.18
1786360698.11,1296.18,9804776.86,203.12,101.56
1786360700.13,1298.20,9804928.22,151.37,75.68
1786360702.15,1300.22,9805178.71,250.49,125.24
1786360704.17,1302.24,9805383.30,204.59,102.29
1786360706.19,1304.26,9805616.21,232.91,116.46
1786360708.21,1306.28,9805849.12,232.91,116.46
1786360710.23,1308.30,9806052.25,203.12,101.56
1786360712.25,1310.32,9806242.19,189.94,94.97
1786360714.28,1312.35,9806431.15,188.96,94.48
1786360716.30,1314.37,9806607.42,176.27,88.13
1786360718.31,1316.39,9806776.37,168.95,84.47
1786360720.34,1318.41,9807008.30,231.93,115.97
1786360722.35,1320.42,9807215.82,207.52,103.76
1786360724.37,1322.44,9807447.27,231.45,115.72
1786360726.39,1324.46,9807679.20,231.93,115.97
1786360728.41,1326.48,9807911.62,232.42,116.21
1786360730.43,1328.50,9808068.36,156.74,78.37
1786360732.44,1330.52,9808289.06,220.70,110.35
1786360734.46,1332.53,9808439.45,150.39,75.20
1786360736.48,1334.55,9808634.77,195.31,97.66
1786360738.50,1336.57,9808840.33,205.57,102.78
1786360740.52,1338.59,9809070.80,230.47,115.23
1786360742.55,1340.62,9809270.51,199.71,99.85
1786360744.55,1342.63,9809460.45,189.94,94.97
1786360746.57,1344.64,9809683.11,222.66,111.33
1786360748.59,1346.66,9809918.46,235.35,117.68
1786360750.61,1348.68,9810087.40,168.95,84.47
1786360752.62,1350.69,9810265.62,178.22,89.11
1786360754.64,1352.71,9810470.21,204.59,102.29
1786360756.65,1354.73,9810671.88,201.66,100.83
1786360758.68,1356.75,9810899.90,228.03,114.01
1786360760.70,1358.77,9811093.75,193.85,96.92
1786360762.87,1360.95,9811313.48,219.73,109.86
1786360764.89,1362.96,9811524.41,210.94,105.47
1786360766.91,1364.98,9811754.88,230.47,115.23
1786360768.92,1367.00,9811960.45,205.57,102.78
1786360770.94,1369.01,9812175.78,215.33,107.67
1786360772.96,1371.03,9812388.18,212.40,106.20
1786360774.98,1373.06,9812546.88,158.69,79.35
1786360777.00,1375.08,9812719.24,172.36,86.18
1786360779.02,1377.09,9812917.48,198.24,99.12
1786360781.04,1379.11,9813135.25,217.77,108.89
1786360783.07,1381.14,9813346.19,210.94,105.47
1786360785.08,1383.16,9813550.29,204.10,102.05
1786360787.10,1385.18,9813753.42,203.12,101.56
1786360789.12,1387.19,9813927.25,173.83,86.91
1786360791.14,1389.21,9814098.63,171.39,85.69
1786360793.17,1391.24,9814277.83,179.20,89.60
1786360795.19,1393.26,9814478.03,200.20,100.10
1786360797.21,1395.28,9814656.74,178.71,89.36
1786360799.23,1397.30,9814855.47,198.73,99.37
1786360801.24,1399.32,9815028.32,172.85,86.43
1786360803.26,1401.33,9815201.17,172.85,86.43
1786360805.28,1403.35,9815432.13,230.96,115.48
1786360807.30,1405.37,9815639.16,207.03,103.52
1786360809.35,1407.42,9815873.05,233.89,116.94
1786360811.44,1409.51,9816104.98,231.93,115.97
1786360813.46,1411.53,9816278.81,173.83,86.91
1786360815.49,1413.56,9816482.91,204.10,102.05
1786360817.51,1415.58,9816702.15,219.24,109.62
1786360819.52,1417.60,9816865.72,163.57,81.79
1786360821.54,1419.61,9817066.89,201.17,100.59
1786360823.57,1421.64,9817293.46,226.56,113.28
1786360825.60,1423.67,9817501.95,208.50,104.25
1786360827.61,1425.68,9817734.86,232.91,116.46
1786360829.62,1427.69,9817967.29,232.42,116.21
1786360831.63,1429.70,9818151.86,184.57,92.29
1786360833.64,1431.71,9818345.21,193.36,96.68
1786360835.65,1433.73,9818501.95,156.74,78.37
1786360837.67,1435.74,9818690.92,188.96,94.48
1786360839.69,1437.76,9818921.88,230.96,115.48
1786360841.70,1439.77,9819129.39,207.52,103.76
1786360843.70,1441.78,9819302.73,173.34,86.67
1786360845.71,1443.78,9819572.27,269.53,134.77
1786360847.72,1445.80,9819819.82,247.56,123.78
1786360849.75,1447.82,9820026.37,206.54,103.27
1786360851.75,1449.83,9820216.31,189.94,94.97
1786360853.76,1451.84,9820429.69,213.38,106.69
1786360855.79,1453.86,9820632.32,202.64,101.32
1786360857.80,1455.88,9820804.69,172.36,86.18
1786360859.83,1457.90,9821011.23,206.54,103.27
1786360861.84,1459.91,9821211.43,200.20,100.10
1786360863.85,1461.93,9821450.20,238.77,119.38
1786360865.86,1463.94,9821679.20,229.00,114.50
1786360867.88,1465.95,9821870.61,191.41,95.70
1786360869.89,1467.96,9822103.52,232.91,116.46
1786360871.90,1469.97,9822292.97,189.45,94.73
1786360873.91,1471.98,9822458.98,166.02,83.01
1786360875.92,1473.99,9822668.95,209.96,104.98
1786360877.93,1476.00,9822871.09,202.15,101.07
1786360879.94,1478.01,9823100.10,229.00,114.50
1786360881.95,1480.02,9823303.71,203.61,101.81
1786360883.96,1482.03,9823531.25,227.54,113.77
1786360885.97,1484.04,9823742.68,211.43,105.71
1786360887.97,1486.05,9823958.98,216.31,108.15
1786360889.98,1488.06,9824177.25,218.26,109.13
1786360891.99,1490.06,9824353.03,175.78,87.89
1786360894.00,1492.08,9824530.27,177.25,88.62
1786360896.02,1494.09,9824750.98,220.70,110.35
1786360898.02,1496.10,9824958.50,207.52,103.76
1786360900.04,1498.11,9825187.01,228.52,114.26
1786360902.06,1500.13,9825392.09,205.08,102.54
1786360904.07,1502.14,9825665.53,273.44,136.72
1786360906.09,1504.16,9825893.55,228.03,114.01
1786360908.10,1506.17,9826119.63,226.07,113.04
1786360910.11,1508.18,9826299.32,179.69,89.84
1786360912.11,1510.19,9826497.56,198.24,99.12
1786360914.14,1512.21,9826650.39,152.83,76.42
1786360916.15,1514.22,9826847.17,196.78,98.39
1786360918.16,1516.23,9827060.06,212.89,106.45
1786360920.17,1518.24,9827294.92,234.86,117.43
1786360922.18,1520.25,9827507.32,212.40,106.20
1786360924.19,1522.26,9827738.77,231.45,115.72
1786360926.19,1524.27,9827970.70,231.93,115.97
1786360928.20,1526.27,9828202.15,231.45,115.72
1786360930.21,1528.28,9828352.54,150.39,75.20
1786360932.22,1530.29,9828547.36,194.82,97.41
1786360934.23,1532.31,9828755.86,208.50,104.25
1786360936.25,1534.33,9828904.30,148.44,74.22
1786360938.27,1536.34,9829112.30,208.01,104.00
1786360940.28,1538.35,9829305.66,193.36,96.68
1786360942.30,1540.37,9829517.58,211.91,105.96
1786360944.31,1542.38,9829708.01,190.43,95.21
1786360946.32,1544.39,9829922.36,214.36,107.18
1786360948.42,1546.49,9830137.21,214.84,107.42
1786360950.43,1548.50,9830345.70,208.50,104.25
1786360952.44,1550.51,9830511.72,166.02,83.01
1786360954.46,1552.53,9830666.99,155.27,77.64
1786360956.47,1554.54,9830873.05,206.05,103.03
1786360958.48,1556.56,9831074.71,201.66,100.83
1786360960.50,1558.57,9831238.77,164.06,82.03
1786360962.51,1560.58,9831471.68,232.91,116.46
1786360964.52,1562.59,9831658.20,186.52,93.26
1786360966.54,1564.61,9831862.79,204.59,102.29
1786360968.55,1566.62,9832093.26,230.47,115.23
1786360970.56,1568.63,9832325.20,231.93,115.97
1786360972.57,1570.65,9832557.13,231.93,115.97
1786360974.58,1572.65,9832759.28,202.15,101.07
1786360976.59,1574.66,9832913.09,153.81,76.90
1786360978.60,1576.68,9833117.68,204.59,102.29
1786360980.62,1578.70,9833308.11,190.43,95.21
1786360982.63,1580.71,9833513.18,205.08,102.54
1786360984.64,1582.71,9833717.29,204.10,102.05
1786360986.65,1584.73,9833921.88,204.59,102.29
1786360988.67,1586.74,9834154.30,232.42,116.21
1786360990.68,1588.75,9834384.28,229.98,114.99
1786360992.69,1590.76,9834572.27,187.99,93.99
1786360994.72,1592.79,9834765.62,193.36,96.68
1786360996.73,1594.81,9834950.20,184.57,92.29
1786360998.74,1596.81,9835110.35,160.16,80.08
1786361000.75,1598.82,9835314.94,204.59,102.29
1786361002.76,1600.83,9835520.51,205.57,102.78
1786361004.77,1602.84,9835694.82,174.32,87.16
1786361006.78,1604.86,9835928.71,233.89,116.94
1786361008.79,1606.86,9836139.65,210.94,105.47
1786361010.80,1608.87,9836357.42,217.77,108.89
1786361012.81,1610.88,9836580.08,222.66,111.33
1786361014.82,1612.89,9836784.18,204.10,102.05
1786361016.83,1614.90,9836942.87,158.69,79.35
1786361018.85,1616.92,9837155.27,212.40,106.20
1786361020.86,1618.93,9837355.47,200.20,100.10
1786361022.87,1620.95,9837510.74,155.27,77.64
1786361024.95,1623.02,9837742.19,231.45,115.72
1786361026.96,1625.04,9837974.61,232.42,116.21
1786361028.98,1627.05,9838179.20,204.59,102.29
1786361030.99,1629.06,9838412.11,232.91,116.46
1786361033.01,1631.08,9838573.73,161.62,80.81
1786361035.02,1633.10,9838791.99,218.26,109.13
1786361037.04,1635.11,9838945.31,153.32,76.66
1786361039.05,1637.12,9839138.67,193.36,96.68
1786361041.06,1639.13,9839346.19,207.52,103.76
1786361043.07,1641.14,9839538.09,191.89,95.95
1786361045.08,1643.15,9839723.63,185.55,92.77
1786361047.09,1645.16,9839944.82,221.19,110.60
1786361049.10,1647.17,9840160.16,215.33,107.67
1786361051.11,1649.18,9840389.16,229.00,114.50
1786361053.12,1651.19,9840625.98,236.82,118.41
1786361055.13,1653.20,9840856.93,230.96,115.48
1786361057.15,1655.22,9841069.82,212.89,106.45
1786361059.17,1657.25,9841266.11,196.29,98.14
1786361061.18,1659.25,9841438.96,172.85,86.43
1786361063.19,1661.26,9841591.80,152.83,76.42
1786361065.21,1663.28,9841789.06,197.27,98.63
1786361067.22,1665.29,9841990.23,201.17,100.59
1786361069.23,1667.30,9842292.97,302.73,151.37
1786361071.24,1669.31,9842495.12,202.15,101.07
1786361073.25,1671.32,9842694.34,199.22,99.61
1786361075.28,1673.35,9842890.14,195.80,97.90
1786361077.30,1675.37,9843046.88,156.74,78.37
1786361079.32,1677.39,9843247.56,200.68,100.34
1786361081.33,1679.40,9843452.64,205.08,102.54
1786361083.34,1681.41,9843650.88,198.24,99.12
1786361085.36,1683.44,9843830.57,179.69,89.84
1786361087.38,1685.45,9844038.57,208.01,104.00
1786361089.39,1687.47,9844197.27,158.69,79.35
1786361091.40,1689.48,9844407.23,209.96,104.98
1786361093.42,1691.49,9844609.86,202.64,101.32
1786361095.43,1693.51,9844768.55,158.69,79.35
1786361097.46,1695.53,9844949.71,181.15,90.58
1786361099.46,1697.54,9845106.93,157.23,78.61
1786361101.49,1699.56,9845332.03,225.10,112.55
1786361103.50,1701.57,9845540.04,208.01,104.00
1786361105.51,1703.58,9845697.75,157.71,78.86
1786361107.52,1705.59,9845918.95,221.19,110.60
1786361109.53,1707.60,9846134.28,215.33,107.67
1786361111.55,1709.62,9846291.99,157.71,78.86
1786361113.64,1711.71,9846513.18,221.19,110.60
1786361115.65,1713.72,9846698.24,185.06,92.53
1786361117.66,1715.73,9846890.14,191.89,95.95
1786361119.68,1717.75,9847077.15,187.01,93.51
1786361121.69,1719.76,9847288.09,210.94,105.47
1786361123.72,1721.79,9847448.24,160.16,80.08
1786361125.72,1723.80,9847653.32,205.08,102.54
1786361127.73,1725.80,9847857.91,204.59,102.29
1786361129.74,1727.81,9848080.57,222.66,111.33
1786361131.77,1729.84,9848303.71,223.14,111.57
1786361133.78,1731.85,9848498.05,194.34,97.17
1786361135.80,1733.87,9848678.71,180.66,90.33
1786361137.80,1735.88,9848881.35,202.64,101.32
1786361139.82,1737.89,9849078.61,197.27,98.63
1786361141.84,1739.91,9849260.25,181.64,90.82
1786361143.85,1741.92,9849464.84,204.59,102.29
1786361145.86,1743.93,9849620.12,155.27,77.64
1786361147.87,1745.94,9849835.94,215.82,107.91
1786361149.88,1747.95,9850049.32,213.38,106.69
1786361151.90,1749.97,9850264.65,215.33,107.67
1786361153.91,1751.98,9850420.41,155.76,77.88
1786361155.92,1753.99,9850651.37,230.96,115.48
1786361157.93,1756.00,9850868.65,217.29,108.64
1786361159.94,1758.02,9851016.11,147.46,73.73
1786361161.95,1760.03,9851270.51,254.39,127.20
1786361163.97,1762.04,9851468.26,197.75,98.88
1786361165.98,1764.05,9851648.93,180.66,90.33
1786361167.99,1766.06,9851823.24,174.32,87.16
1786361170.00,1768.07,9851994.14,170.90,85.45
1786361172.01,1770.08,9852199.71,205.57,102.78
1786361174.02,1772.10,9852416.02,216.31,108.15
1786361176.03,1774.10,9852598.14,182.13,91.06
1786361178.04,1776.11,9852867.19,269.04,134.52
1786361180.05,1778.12,9853014.16,146.97,73.49
1786361182.06,1780.13,9853225.59,211.43,105.71
1786361184.07,1782.14,9853387.70,162.11,81.05
1786361186.08,1784.16,9853618.16,230.47,115.23
1786361188.10,1786.17,9853824.22,206.05,103.03
1786361190.11,1788.18,9853969.73,145.51,72.75
1786361192.12,1790.20,9854246.09,276.37,138.18
1786361194.15,1792.23,9854396.48,150.39,75.20
1786361196.17,1794.24,9854619.63,223.14,111.57
1786361198.18,1796.25,9854818.36,198.73,99.37
1786361200.20,1798.28,9854979.49,161.13,80.57
1786361202.22,1800.29,9855149.41,169.92,84.96
1786361204.23,1802.30,9855325.20,175.78,87.89
1786361206.24,1804.31,9855529.30,204.10,102.05
1786361208.25,1806.33,9855706.54,177.25,88.62
1786361210.27,1808.34,9855908.69,202.15,101.07
1786361212.28,1810.35,9856081.05,172.36,86.18
1786361214.31,1812.38,9856253.42,172.36,86.18
1786361216.32,1814.39,9856458.98,205.57,102.78
1786361218.33,1816.40,9856647.95,188.96,94.48
1786361220.35,1818.42,9856835.45,187.50,93.75
1786361222.36,1820.44,9856998.05,162.60,81.30
1786361224.37,1822.45,9857181.15,183.11,91.55
1786361226.39,1824.46,9857386.72,205.57,102.78
1786361228.40,1826.47,9857572.27,185.55,92.77
1786361230.42,1828.50,9857739.75,167.48,83.74
1786361232.44,1830.51,9857924.80,185.06,92.53
1786361234.45,1832.52,9858109.86,185.06,92.53
1786361236.46,1834.53,9858313.96,204.10,102.05
1786361238.47,1836.54,9858486.82,172.85,86.43
1786361240.48,1838.55,9858690.43,203.61,101.81
1786361242.50,1840.57,9858839.84,149.41,74.71
1786361244.51,1842.58,9859040.53,200.68,100.34
1786361246.71,1844.79,9859243.65,203.12,101.56
1786361248.72,1846.80,9859450.68,207.03,103.52
1786361250.75,1848.82,9859621.09,170.41,85.21
1786361252.76,1850.83,9859794.92,173.83,86.91
1786361254.77,1852.84,9859990.23,195.31,97.66
1786361256.78,1854.85,9860197.27,207.03,103.52
1786361258.79,1856.86,9860379.39,182.13,91.06
1786361260.80,1858.87,9860546.88,167.48,83.74
1786361262.81,1860.88,9860740.72,193.85,96.92
1786361264.82,1862.89,9860901.37,160.64,80.32
1786361266.84,1864.91,9861124.02,222.66,111.33
1786361268.85,1866.93,9861327.15,203.12,101.56
1786361270.87,1868.94,9861546.88,219.73,109.86
1786361272.89,1870.96,9861690.43,143.55,71.78
1786361274.90,1872.97,9861895.51,205.08,102.54
1786361276.91,1874.99,9862100.10,204.59,102.29
1786361278.92,1877.00,9862283.20,183.11,91.55
1786361280.93,1879.01,9862477.05,193.85,96.92
1786361282.95,1881.02,9862689.45,212.40,106.20
1786361284.98,1883.05,9862849.12,159.67,79.83
1786361286.98,1885.06,9863054.69,205.57,102.78
1786361289.00,1887.08,9863221.68,166.99,83.50
1786361291.02,1889.10,9863408.20,186.52,93.26
1786361293.03,1891.11,9863612.79,204.59,102.29
1786361295.15,1893.22,9863779.30,166.50,83.25
1786361297.16,1895.23,9863983.40,204.10,102.05
1786361299.17,1897.24,9864214.84,231.45,115.72
1786361301.18,1899.25,9864419.92,205.08,102.54
1786361303.19,1901.26,9864592.29,172.36,86.18
1786361305.20,1903.27,9864807.13,214.84,107.42
1786361307.21,1905.28,9865006.84,199.71,99.85
1786361309.22,1907.29,9865201.17,194.34,97.17
1786361311.25,1909.32,9865375.98,174.80,87.40
1786361313.26,1911.33,9865589.84,213.87,106.93
1786361315.27,1913.34,9865782.23,192.38,96.19
1786361317.28,1915.35,9865980.96,198.73,99.37
1786361319.28,1917.36,9866177.25,196.29,98.14
1786361321.30,1919.37,9866385.74,208.50,104.25
1786361323.32,1921.39,9866557.62,171.88,85.94
1786361325.33,1923.40,9866771.48,213.87,106.93
1786361327.33,1925.41,9866957.52,186.04,93.02
1786361329.34,1927.42,9867158.20,200.68,100.34
1786361331.35,1929.43,9867353.03,194.82,97.41
1786361333.36,1931.44,9867547.36,194.34,97.17
1786361335.37,1933.45,9867739.26,191.89,95.95
1786361337.38,1935.46,9867932.13,192.87,96.44
1786361339.40,1937.47,9868136.23,204.10,102.05
1786361341.41,1939.48,9868307.62,171.39,85.69
1786361343.41,1941.49,9868511.72,204.10,102.05
1786361345.42,1943.50,9868728.03,216.31,108.15
1786361347.45,1945.52,9868882.32,154.30,77.15
1786361349.46,1947.53,9869084.96,202.64,101.32
1786361351.47,1949.54,9869282.23,197.27,98.63
1786361353.49,1951.57,9869441.41,159.18,79.59
1786361355.51,1953.58,9869669.43,228.03,114.01
1786361357.53,1955.60,9869811.52,142.09,71.04
1786361359.54,1957.61,9870015.14,203.61,101.81
1786361361.56,1959.63,9870220.21,205.08,102.54
1786361363.57,1961.64,9870393.55,173.34,86.67
1786361365.58,1963.65,9870600.10,206.54,103.27
1786361367.59,1965.66,9870786.13,186.04,93.02
1786361369.60,1967.67,9870947.75,161.62,80.81
1786361371.61,1969.69,9871152.34,204.59,102.29
1786361373.63,1971.70,9871345.70,193.36,96.68
1786361375.65,1973.72,9871530.27,184.57,92.29
1786361377.67,1975.74,9871715.33,185.06,92.53
1786361379.68,1977.75,9871902.34,187.01,93.51
1786361381.68,1979.76,9872109.86,207.52,103.76
1786361383.70,1981.77,9872314.45,204.59,102.29
1786361385.71,1983.78,9872498.54,184.08,92.04
1786361387.73,1985.80,9872700.20,201.66,100.83
1786361389.74,1987.81,9872878.42,178.22,89.11
1786361391.75,1989.82,9873039.06,160.64,80.32
1786361393.76,1991.83,9873255.86,216.80,108.40
1786361395.77,1993.84,9873437.01,181.15,90.58
1786361397.78,1995.85,9873622.56,185.55,92.77
1786361399.79,1997.86,9873818.85,196.29,98.14
1786361401.80,1999.87,9873980.96,162.11,81.05
1786361403.82,2001.89,9874200.68,219.73,109.86
1786361405.83,2003.90,9874400.88,200.20,100.10
1786361407.84,2005.91,9874575.20,174.32,87.16
1786361409.86,2007.93,9874740.72,165.53,82.76
1786361411.88,2009.95,9874933.11,192.38,96.19
1786361413.90,2011.97,9875130.86,197.75,98.88
1786361415.91,2013.98,9875361.82,230.96,115.48
1786361417.93,2016.00,9875509.28,147.46,73.73
1786361419.95,2018.02,9875714.36,205.08,102.54
1786361421.96,2020.03,9875930.18,215.82,107.91
1786361423.97,2022.04,9876081.05,150.88,75.44
1786361426.00,2024.07,9876288.09,207.03,103.52
1786361428.01,2026.08,9876492.68,204.59,102.29
1786361430.02,2028.09,9876682.13,189.45,94.73
1786361432.02,2030.10,9876875.98,193.85,96.92
1786361434.05,2032.12,9877059.08,183.11,91.55
1786361436.07,2034.14,9877244.63,185.55,92.77
1786361438.07,2036.15,9877448.24,203.61,101.81
1786361440.08,2038.15,9877651.37,203.12,101.56
1786361442.11,2040.18,9877819.82,168.46,84.23
1786361444.12,2042.19,9877992.68,172.85,86.43
1786361446.13,2044.20,9878172.85,180.18,90.09
1786361448.14,2046.21,9878376.46,203.61,101.81
1786361450.15,2048.23,9878582.03,205.57,102.78
1786361452.16,2050.24,9878746.58,164.55,82.28
1786361454.17,2052.24,9878960.94,214.36,107.18
1786361456.18,2054.26,9879127.44,166.50,83.25
1786361458.20,2056.27,9879306.15,178.71,89.36
1786361460.21,2058.29,9879514.65,208.50,104.25
1786361462.23,2060.30,9879662.11,147.46,73.73
1786361464.24,2062.31,9879848.14,186.04,93.02
1786361466.25,2064.32,9880034.18,186.04,93.02
1786361468.26,2066.33,9880238.28,204.10,102.05
1786361470.27,2068.34,9880412.60,174.32,87.16
1786361472.28,2070.35,9880615.23,202.64,101.32
1786361474.29,2072.37,9880821.78,206.54,103.27
1786361476.32,2074.39,9880992.19,170.41,85.21
1786361478.33,2076.40,9881194.34,202.15,101.07
1786361480.34,2078.41,9881398.93,204.59,102.29
1786361482.35,2080.42,9881603.52,204.59,102.29
1786361484.36,2082.43,9881770.02,166.50,83.25
1786361486.37,2084.45,9881949.22,179.20,89.60
1786361488.39,2086.46,9882095.70,146.48,73.24
1786361490.40,2088.47,9882303.22,207.52,103.76
1786361492.41,2090.49,9882477.54,174.32,87.16
1786361494.42,2092.50,9882677.73,200.20,100.10
1786361496.44,2094.51,9882865.23,187.50,93.75
1786361498.46,2096.53,9883036.62,171.39,85.69
1786361500.48,2098.55,9883257.81,221.19,110.60
1786361502.50,2100.58,9883437.01,179.20,89.60
1786361504.53,2102.60,9883630.86,193.85,96.92
1786361506.54,2104.61,9883857.91,227.05,113.53
1786361508.58,2106.65,9884052.73,194.82,97.41
1786361510.58,2108.66,9884222.17,169.43,84.72
1786361512.61,2110.68,9884420.41,198.24,99.12
1786361514.62,2112.69,9884623.05,202.64,101.32
1786361516.64,2114.71,9884795.41,172.36,86.18
1786361518.65,2116.72,9884997.07,201.66,100.83
1786361520.66,2118.74,9885191.41,194.34,97.17
1786361522.67,2120.75,9885376.95,185.55,92.77
1786361524.68,2122.75,9885565.43,188.48,94.24
1786361526.70,2124.78,9885749.02,183.59,91.80
1786361528.73,2126.80,9885944.34,195.31,97.66
1786361530.75,2128.82,9886158.20,213.87,106.93
1786361532.76,2130.83,9886335.94,177.73,88.87
1786361534.77,2132.84,9886493.16,157.23,78.61
1786361536.79,2134.86,9886666.50,173.34,86.67
1786361538.80,2136.87,9886873.05,206.54,103.27
1786361540.82,2138.89,9887058.59,185.55,92.77
1786361542.83,2140.90,9887241.70,183.11,91.55
1786361544.85,2142.92,9887422.85,181.15,90.58
1786361546.86,2144.94,9887618.16,195.31,97.66
1786361548.88,2146.95,9887808.11,189.94,94.97
1786361550.90,2148.97,9887991.21,183.11,91.55
1786361552.91,2150.99,9888184.57,193.36,96.68
1786361554.94,2153.01,9888354.98,170.41,85.21
1786361556.95,2155.02,9888574.22,219.24,109.62
1786361559.01,2157.08,9888753.91,179.69,89.84
1786361561.02,2159.09,9888932.13,178.22,89.11
1786361563.03,2161.10,9889120.12,187.99,93.99
1786361565.04,2163.12,9889300.78,180.66,90.33
1786361567.05,2165.12,9889481.45,180.66,90.33
1786361569.07,2167.14,9889652.34,170.90,85.45
1786361571.08,2169.15,9889836.91,184.57,92.29
1786361573.09,2171.16,9890007.81,170.90,85.45
1786361575.10,2173.17,9890203.61,195.80,97.90
1786361577.11,2175.18,9890393.07,189.45,94.73
1786361579.12,2177.19,9890562.50,169.43,84.72
1786361581.15,2179.22,9890740.72,178.22,89.11
1786361583.16,2181.24,9890900.88,160.16,80.08
1786361585.18,2183.25,9891091.31,190.43,95.21
1786361587.19,2185.26,9891287.11,195.80,97.90
1786361589.21,2187.28,9891467.77,180.66,90.33
1786361591.24,2189.31,9891657.23,189.45,94.73
1786361593.25,2191.32,9891830.08,172.85,86.43
1786361595.26,2193.33,9892015.14,185.06,92.53
1786361597.27,2195.34,9892182.62,167.48,83.74
1786361599.29,2197.37,9892386.72,204.10,102.05
1786361601.30,2199.37,9892557.62,170.90,85.45
1786361603.32,2201.39,9892737.30,179.69,89.84
1786361605.33,2203.40,9892927.25,189.94,94.97
1786361607.37,2205.44,9893107.91,180.66,90.33
1786361609.38,2207.45,9893289.06,181.15,90.58
1786361611.40,2209.47,9893459.47,170.41,85.21
1786361613.41,2211.48,9893653.81,194.34,97.17
1786361615.43,2213.50,9893807.13,153.32,76.66
1786361617.44,2215.51,9894012.21,205.08,102.54
1786361619.45,2217.52,9894173.83,161.62,80.81
1786361621.46,2219.54,9894364.26,190.43,95.21
1786361623.47,2221.54,9894537.60,173.34,86.67
1786361625.49,2223.56,9894724.61,187.01,93.51
1786361627.50,2225.57,9894914.06,189.45,94.73
1786361629.51,2227.59,9895084.47,170.41,85.21
1786361631.52,2229.60,9895259.77,175.29,87.65
1786361633.55,2231.62,9895438.96,179.20,89.60
1786361635.56,2233.63,9895617.68,178.71,89.36
1786361637.58,2235.65,9895762.21,144.53,72.27
1786361639.59,2237.66,9895848.14,85.94,42.97
1786361641.67,2239.74,9895925.78,77.64,38.82
1786361643.72,2241.79,9896034.18,108.40,54.20
1786361645.73,2243.80,9896264.16,229.98,114.99
1786361647.74,2245.81,9896496.09,231.93,115.97
1786361649.75,2247.82,9896727.54,231.45,115.72
1786361651.76,2249.83,9896946.78,219.24,109.62
1786361653.77,2251.84,9897161.62,214.84,107.42
1786361655.79,2253.86,9897393.55,231.93,115.97
1786361657.80,2255.87,9897624.02,230.47,115.23
1786361659.81,2257.88,9897808.11,184.08,92.04
1786361661.87,2259.94,9897873.54,65.43,32.71
1786361663.88,2261.95,9898109.38,235.84,117.92
1786361665.89,2263.96,9898333.01,223.63,111.82
1786361667.90,2265.97,9898554.69,221.68,110.84
1786361669.91,2267.98,9898760.74,206.05,103.03
1786361671.92,2269.99,9898964.84,204.10,102.05
1786361673.93,2272.00,9899184.57,219.73,109.86
1786361675.94,2274.01,9899409.18,224.61,112.30
1786361677.95,2276.02,9899624.02,214.84,107.42
1786361679.96,2278.03,9899838.87,214.84,107.42
1786361681.97,2280.05,9899956.54,117.68,58.84
1786361683.98,2282.05,9900201.17,244.63,122.31
1786361685.99,2284.07,9900433.11,231.93,115.97
1786361688.01,2286.08,9900665.04,231.93,115.97
1786361690.02,2288.09,9900898.44,233.40,116.70
1786361692.03,2290.10,9901105.96,207.52,103.76
1786361694.04,2292.11,9901337.40,231.45,115.72
1786361696.05,2294.12,9901569.34,231.93,115.97
1786361698.06,2296.13,9901802.25,232.91,116.46
1786361700.07,2298.14,9901921.39,119.14,59.57
1786361702.14,2300.21,9902061.04,139.65,69.82
1786361704.15,2302.22,9902293.95,232.91,116.46
1786361706.16,2304.23,9902523.93,229.98,114.99
1786361708.17,2306.24,9902738.28,214.36,107.18
1786361710.18,2308.25,9902963.38,225.10,112.55
1786361712.19,2310.26,9903193.36,229.98,114.99
1786361714.20,2312.27,9903425.29,231.93,115.97
1786361716.21,2314.28,9903656.25,230.96,115.48
1786361718.22,2316.29,9903879.39,223.14,111.57
1786361720.23,2318.30,9903972.17,92.77,46.39
1786361723.08,2321.15,9904213.87,241.70,120.85
1786361725.09,2323.16,9904427.25,213.38,106.69
1786361727.10,2325.17,9904650.39,223.14,111.57
1786361729.11,2327.18,9904871.58,221.19,110.60
1786361731.12,2329.19,9905077.15,205.57,102.78
1786361733.13,2331.20,9905308.59,231.45,115.72
1786361735.14,2333.21,9905540.04,231.45,115.72
1786361737.15,2335.22,9905777.34,237.30,118.65
1786361739.16,2337.23,9905972.17,194.82,97.41
1786361741.21,2339.28,9906109.38,137.21,68.60
1786361743.23,2341.30,9906308.11,198.73,99.37
1786361745.24,2343.31,9906524.90,216.80,108.40
1786361747.25,2345.32,9906744.63,219.73,109.86
1786361749.26,2347.33,9906973.14,228.52,114.26
1786361751.27,2349.34,9907203.61,230.47,115.23
1786361753.28,2351.35,9907437.50,233.89,116.94
1786361755.29,2353.36,9907670.90,233.40,116.70
1786361757.30,2355.38,9907901.37,230.47,115.23
1786361759.31,2357.39,9908039.06,137.70,68.85
1786361761.37,2359.44,9908249.02,209.96,104.98
1786361763.38,2361.45,9908479.98,230.96,115.48
1786361765.39,2363.46,9908708.01,228.03,114.01
1786361767.40,2365.47,9908924.80,216.80,108.40
1786361769.41,2367.48,9909148.44,223.63,111.82
1786361771.42,2369.49,9909380.86,232.42,116.21
1786361773.43,2371.50,9909612.79,231.93,115.97
1786361775.44,2373.51,9909845.21,232.42,116.21
1786361777.68,2375.76,9910045.90,200.68,100.34
1786361779.73,2377.80,9910133.30,87.40,43.70
1786361781.74,2379.81,9910365.23,231.93,115.97
1786361783.75,2381.82,9910597.66,232.42,116.21
1786361785.76,2383.83,9910802.73,205.08,102.54
1786361787.77,2385.85,9911033.69,230.96,115.48
1786361789.78,2387.86,9911264.16,230.47,115.23
1786361791.80,2389.87,9911566.89,302.73,151.37
1786361793.81,2391.88,9911797.36,230.47,115.23
1786361795.82,2393.89,9912028.81,231.45,115.72
1786361797.83,2395.90,9912136.72,107.91,53.96
1786361799.93,2398.00,9912354.00,217.29,108.64
1786361801.94,2400.01,9912546.88,192.87,96.44
1786361803.94,2402.02,9912776.86,229.98,114.99
1786361805.95,2404.02,9912986.82,209.96,104.98
1786361807.96,2406.03,9913217.77,230.96,115.48
1786361809.97,2408.04,9913424.32,206.54,103.27
1786361811.98,2410.05,9913655.27,230.96,115.48
1786361813.99,2412.06,9913887.70,232.42,116.21
1786361816.01,2414.08,9914139.65,251.95,125.98
1786361818.13,2416.20,9914227.05,87.40,43.70
1786361820.14,2418.21,9914433.11,206.05,103.03
1786361822.15,2420.23,9914666.02,232.91,116.46
1786361824.17,2422.24,9914895.51,229.49,114.75
1786361826.18,2424.25,9915126.95,231.45,115.72
1786361828.19,2426.26,9915359.86,232.91,116.46
1786361830.20,2428.27,9915588.38,228.52,114.26
1786361832.21,2430.28,9915802.73,214.36,107.18
1786361834.22,2432.29,9916030.76,228.03,114.01
1786361836.23,2434.30,9916201.17,170.41,85.21
1786361838.36,2436.43,9916314.94,113.77,56.88
1786361840.37,2438.44,9916534.18,219.24,109.62
1786361842.38,2440.45,9916751.95,217.77,108.89
1786361844.39,2442.46,9916983.89,231.93,115.97
1786361846.40,2444.48,9917216.31,232.42,116.21
1786361848.42,2446.49,9917449.71,233.40,116.70
1786361850.43,2448.50,9917681.15,231.45,115.72
1786361852.44,2450.51,9917913.57,232.42,116.21
1786361854.45,2452.52,9918118.65,205.08,102.54
1786361856.46,2454.53,9918250.49,131.84,65.92
1786361858.55,2456.62,9918495.12,244.63,122.31
1786361860.56,2458.63,9918731.45,236.33,118.16
1786361862.90,2460.97,9918951.17,219.73,109.86
1786361864.90,2462.98,9919168.95,217.77,108.89
1786361866.92,2464.99,9919399.41,230.47,115.23
1786361868.93,2467.00,9919632.32,232.91,116.46
1786361870.94,2469.01,9919827.15,194.82,97.41
1786361872.95,2471.02,9920044.92,217.77,108.89
1786361874.96,2473.03,9920254.88,209.96,104.98
1786361877.06,2475.14,9920351.07,96.19,48.10
1786361879.10,2477.17,9920587.40,236.33,118.16
1786361881.11,2479.18,9920818.36,230.96,115.48
1786361883.11,2481.19,9921049.80,231.45,115.72
1786361885.12,2483.19,9921262.70,212.89,106.45
1786361887.13,2485.20,9921485.84,223.14,111.57
1786361889.14,2487.22,9921718.26,232.42,116.21
1786361891.16,2489.23,9921951.66,233.40,116.70
1786361893.36,2491.44,9922184.57,232.91,116.46
1786361895.37,2493.45,9922329.10,144.53,72.27
1786361897.45,2495.52,9922461.91,132.81,66.41
1786361899.46,2497.53,9922675.78,213.87,106.93
1786361901.47,2499.54,9922906.25,230.47,115.23
1786361903.48,2501.56,9923138.67,232.42,116.21
1786361905.50,2503.57,9923372.07,233.40,116.70
1786361907.73,2505.81,9923607.91,235.84,117.92
1786361909.75,2507.82,9923839.36,231.45,115.72
1786361911.76,2509.83,9924069.34,229.98,114.99
1786361913.76,2511.84,9924286.62,217.29,108.64
1786361915.77,2513.85,9924392.09,105.47,52.73
1786361917.84,2515.91,9924599.61,207.52,103.76
1786361919.85,2517.92,9924792.48,192.87,96.44
1786361921.86,2519.93,9925010.25,217.77,108.89
1786361923.87,2521.94,9925234.86,224.61,112.30
1786361925.88,2523.96,9925466.31,231.45,115.72
1786361927.90,2525.97,9925697.75,231.45,115.72
1786361929.91,2527.98,9925930.66,232.91,116.46
1786361931.92,2529.99,9926161.13,230.47,115.23
1786361933.93,2532.00,9926378.91,217.77,108.89
1786361936.03,2534.11,9926443.85,64.94,32.47
1786361938.05,2536.12,9926719.24,275.39,137.70
1786361940.06,2538.13,9926950.68,231.45,115.72
1786361942.07,2540.15,9927182.62,231.93,115.97
1786361944.09,2542.16,9927413.57,230.96,115.48
1786361946.10,2544.17,9927646.00,232.42,116.21
1786361948.11,2546.18,9927877.93,231.93,115.97
1786361950.12,2548.19,9928107.91,229.98,114.99
1786361952.14,2550.21,9928317.38,209.47,104.74
1786361954.15,2552.22,9928440.43,123.05,61.52
1786361956.29,2554.36,9928602.05,161.62,80.81
1786361958.29,2556.37,9928830.08,228.03,114.01
1786361960.30,2558.37,9929039.06,208.98,104.49
1786361962.31,2560.39,9929269.53,230.47,115.23
1786361964.33,2562.40,9929501.95,232.42,116.21
1786361966.34,2564.41,9929734.38,232.42,116.21
1786361968.34,2566.42,9929966.31,231.93,115.97
1786361970.35,2568.43,9930198.73,232.42,116.21
1786361972.37,2570.44,9930399.90,201.17,100.59
1786361974.38,2572.45,9930486.82,86.91,43.46
1786361976.50,2574.57,9930698.73,211.91,105.96
1786361978.51,2576.58,9930874.51,175.78,87.89
1786361980.52,2578.59,9931138.18,263.67,131.84
1786361982.53,2580.60,9931369.14,230.96,115.48
1786361984.54,2582.61,9931605.47,236.33,118.16
1786361986.55,2584.62,9931835.94,230.47,115.23
1786361988.56,2586.63,9932059.57,223.63,111.82
1786361990.57,2588.64,9932272.95,213.38,106.69
1786361992.58,2590.65,9932487.79,214.84,107.42
1786361994.59,2592.66,9932567.38,79.59,39.79
1786361996.67,2594.74,9932813.48,246.09,123.05
1786361998.68,2596.75,9933015.62,202.15,101.07
1786362000.69,2598.76,9933268.07,252.44,126.22
1786362002.70,2600.77,9933476.07,208.01,104.00
1786362004.71,2602.78,9933691.89,215.82,107.91
1786362006.72,2604.79,9933925.29,233.40,116.70
1786362008.73,2606.81,9934156.25,230.96,115.48
1786362010.74,2608.82,9934387.21,230.96,115.48
1786362012.75,2610.82,9934531.74,144.53,72.27
1786362014.82,2612.89,9934648.93,117.19,58.59
1786362016.82,2614.90,9934902.83,253.91,126.95
1786362018.83,2616.91,9935141.60,238.77,119.38
1786362020.84,2618.92,9935355.96,214.36,107.18
1786362022.85,2620.92,9935561.04,205.08,102.54
1786362024.86,2622.93,9935780.27,219.24,109.62
1786362026.87,2624.94,9936012.21,231.93,115.97
1786362028.88,2626.96,9936242.19,229.98,114.99
1786362030.89,2628.97,9936467.77,225.59,112.79
1786362032.90,2630.97,9936592.29,124.51,62.26
1786362034.92,2632.99,9936786.62,194.34,97.17
1786362036.93,2635.00,9936996.58,209.96,104.98
1786362038.94,2637.01,9937210.45,213.87,106.93
1786362040.95,2639.02,9937439.94,229.49,114.75
1786362042.96,2641.03,9937672.36,232.42,116.21
1786362044.97,2643.04,9937903.81,231.45,115.72
1786362046.98,2645.05,9938123.05,219.24,109.62
1786362048.99,2647.06,9938345.70,222.66,111.33
1786362051.00,2649.07,9938574.22,228.52,114.26
1786362053.01,2651.08,9938670.90,96.68,48.34
1786362055.13,2653.20,9938881.84,210.94,105.47
1786362057.14,2655.21,9939079.10,197.27,98.63
1786362059.15,2657.22,9939297.85,218.75,109.38
1786362061.17,2659.25,9939531.74,233.89,116.94
1786362063.19,2661.26,9939763.67,231.93,115.97
1786362065.20,2663.27,9939993.65,229.98,114.99
1786362067.21,2665.28,9940226.07,232.42,116.21
1786362069.22,2667.29,9940457.52,231.45,115.72
1786362071.23,2669.30,9940658.69,201.17,100.59
1786362073.33,2671.41,9940751.95,93.26,46.63
1786362075.42,2673.50,9941006.35,254.39,127.20
1786362077.43,2675.51,9941240.72,234.38,117.19
1786362079.45,2677.52,9941463.38,222.66,111.33
1786362081.46,2679.53,9941689.45,226.07,113.04
1786362083.47,2681.55,9941886.23,196.78,98.39
1786362085.49,2683.56,9942097.17,210.94,105.47
1786362087.49,2685.57,9942313.96,216.80,108.40
1786362089.51,2687.58,9942545.41,231.45,115.72
1786362091.52,2689.59,9942705.08,159.67,79.83
1786362093.53,2691.60,9942829.59,124.51,62.26
1786362095.54,2693.61,9943095.21,265.62,132.81
1786362097.55,2695.62,9943280.27,185.06,92.53
1786362099.56,2697.63,9943533.69,253.42,126.71
1786362101.57,2699.64,9943737.79,204.10,102.05
1786362103.58,2701.65,9943957.03,219.24,109.62
1786362105.59,2703.66,9944169.92,212.89,106.45
1786362107.60,2705.67,9944404.79,234.86,117.43
1786362109.61,2707.68,9944637.70,232.91,116.46
1786362111.62,2709.70,9944758.79,121.09,60.55
1786362113.68,2711.75,9944985.35,226.56,113.28
1786362115.69,2713.77,9945217.29,231.93,115.97
1786362117.70,2715.77,9945444.34,227.05,113.53
1786362119.71,2717.78,9945655.27,210.94,105.47
1786362121.72,2719.80,9945887.70,232.42,116.21
1786362123.73,2721.80,9946091.31,203.61,101.81
1786362125.74,2723.81,9946298.83,207.52,103.76
1786362127.75,2725.82,9946493.16,194.34,97.17
1786362129.76,2727.84,9946725.10,231.93,115.97
1786362131.78,2729.85,9946843.26,118.16,59.08
1786362133.91,2731.98,9947075.20,231.93,115.97
1786362135.92,2733.99,9947308.11,232.91,116.46
1786362137.93,2736.01,9947542.97,234.86,117.43
1786362139.94,2738.01,9947771.00,228.03,114.01
1786362141.95,2740.02,9947980.47,209.47,104.74
1786362143.97,2742.04,9948249.02,268.55,134.28
1786362145.98,2744.05,9948436.04,187.01,93.51
1786362147.99,2746.06,9948661.62,225.59,112.79
1786362150.00,2748.07,9948838.38,176.76,88.38
1786362152.11,2750.18,9948984.86,146.48,73.24
1786362154.12,2752.19,9949218.75,233.89,116.94
1786362156.13,2754.20,9949451.17,232.42,116.21
1786362158.14,2756.21,9949684.08,232.91,116.46
1786362160.15,2758.22,9949909.67,225.59,112.79
1786362162.16,2760.23,9950121.09,211.43,105.71
1786362164.17,2762.24,9950352.54,231.45,115.72
1786362166.18,2764.25,9950553.71,201.17,100.59
1786362168.19,2766.26,9950769.04,215.33,107.67
1786362170.20,2768.27,9950902.34,133.30,66.65
1786362172.24,2770.31,9951078.61,176.27,88.13
1786362174.25,2772.32,9951287.60,208.98,104.49
1786362176.26,2774.33,9951515.62,228.03,114.01
1786362178.27,2776.34,9951740.72,225.10,112.55
1786362180.28,2778.35,9951979.49,238.77,119.38
1786362182.29,2780.36,9952187.99,208.50,104.25
1786362184.30,2782.37,9952417.97,229.98,114.99
1786362186.31,2784.38,9952612.79,194.82,97.41
1786362188.32,2786.39,9952844.73,231.93,115.97
1786362190.32,2788.40,9952954.59,109.86,54.93
1786362192.38,2790.45,9953167.97,213.38,106.69
1786362194.39,2792.46,9953398.93,230.96,115.48
1786362196.40,2794.47,9953629.39,230.47,115.23
1786362198.41,2796.48,9953860.35,230.96,115.48
1786362200.42,2798.49,9954167.48,307.13,153.56
1786362202.44,2800.51,9954371.58,204.10,102.05
1786362204.45,2802.52,9954601.07,229.49,114.75
1786362206.46,2804.53,9954833.50,232.42,116.21
1786362208.47,2806.54,9954946.29,112.79,56.40
1786362210.48,2808.56,9955128.91,182.62,91.31
1786362212.49,2810.57,9955359.86,230.96,115.48
1786362214.50,2812.58,9955564.45,204.59,102.29
1786362216.52,2814.59,9955795.90,231.45,115.72
1786362218.53,2816.60,9956016.11,220.21,110.11
1786362220.53,2818.61,9956224.12,208.01,104.00
1786362222.54,2820.62,9956426.27,202.15,101.07
1786362224.55,2822.62,9956652.34,226.07,113.04
1786362226.56,2824.63,9956884.28,231.93,115.97
1786362228.57,2826.64,9957019.04,134.77,67.38
1786362230.70,2828.77,9957214.84,195.80,97.90
1786362232.71,2830.78,9957447.75,232.91,116.46
1786362234.72,2832.80,9957679.69,231.93,115.97
1786362236.73,2834.80,9957897.95,218.26,109.13
1786362238.74,2836.81,9958116.21,218.26,109.13
1786362240.75,2838.83,9958348.14,231.93,115.97
1786362242.76,2840.84,9958578.12,229.98,114.99
1786362244.78,2842.85,9958809.57,231.45,115.72
1786362246.79,2844.86,9959008.79,199.22,99.61
1786362248.80,2846.87,9959079.10,70.31,35.16
1786362250.80,2848.88,9959306.15,227.05,113.53
1786362252.81,2850.88,9959537.60,231.45,115.72
1786362254.82,2852.89,9959750.49,212.89,106.45
1786362256.83,2854.90,9959976.07,225.59,112.79
1786362258.84,2856.91,9960208.50,232.42,116.21
1786362260.85,2858.92,9960440.43,231.93,115.97
1786362262.86,2860.93,9960672.85,232.42,116.21
1786362264.87,2862.94,9960903.81,230.96,115.48
1786362266.88,2864.95,9961064.45,160.64,80.32
1786362269.02,2867.09,9961162.60,98.14,49.07
1786362271.17,2869.24,9961394.53,231.93,115.97
1786362273.18,2871.25,9961625.00,230.47,115.23
1786362275.19,2873.26,9961854.98,229.98,114.99
1786362277.38,2875.46,9962089.84,234.86,117.43
1786362279.40,2877.47,9962322.75,232.91,116.46
1786362281.41,2879.48,9962554.20,231.45,115.72
1786362283.42,2881.49,9962784.67,230.47,115.23
1786362285.43,2883.50,9963015.14,230.47,115.23
1786362287.44,2885.51,9963118.65,103.52,51.76
1786362289.47,2887.54,9963291.02,172.36,86.18
1786362291.48,2889.55,9963570.31,279.30,139.65
1786362293.49,2891.56,9963776.86,206.54,103.27
1786362295.49,2893.57,9963982.91,206.05,103.03
1786362297.50,2895.58,9964202.15,219.24,109.62
1786362299.51,2897.58,9964408.20,206.05,103.03
1786362301.52,2899.59,9964638.67,230.47,115.23
1786362303.53,2901.61,9964871.09,232.42,116.21
1786362305.55,2903.62,9965104.00,232.91,116.46
1786362307.56,2905.63,9965171.39,67.38,33.69
1786362309.57,2907.64,9965391.11,219.73,109.86
1786362311.58,2909.65,9965596.68,205.57,102.78
1786362313.59,2911.66,9965830.08,233.40,116.70
1786362315.60,2913.67,9966040.53,210.45,105.22
1786362317.61,2915.68,9966248.54,208.01,104.00
1786362319.62,2917.69,9966439.94,191.41,95.70
1786362321.63,2919.70,9966671.88,231.93,115.97
1786362323.64,2921.72,9966952.15,280.27,140.14
1786362325.66,2923.73,9967162.11,209.96,104.98
1786362328.35,2926.43,9967386.23,224.12,112.06
1786362330.36,2928.44,9967617.19,230.96,115.48
1786362332.38,2930.45,9967848.14,230.96,115.48
1786362334.39,2932.46,9968080.08,231.93,115.97
1786362336.39,2934.47,9968307.13,227.05,113.53
1786362338.40,2936.47,9968516.11,208.98,104.49
1786362340.41,2938.48,9968727.54,211.43,105.71
1786362342.42,2940.49,9968942.87,215.33,107.67
1786362344.43,2942.50,9969156.25,213.38,106.69
1786362346.44,2944.51,9969255.37,99.12,49.56
1786362348.45,2946.52,9969445.31,189.94,94.97
1786362350.46,2948.53,9969703.12,257.81,128.91
1786362352.47,2950.54,9969935.55,232.42,116.21
1786362354.48,2952.55,9970160.64,225.10,112.55
1786362356.49,2954.56,9970334.47,173.83,86.91
1786362358.50,2956.57,9970542.97,208.50,104.25
1786362360.51,2958.58,9970776.86,233.89,116.94
1786362362.53,2960.60,9971030.76,253.91,126.95
1786362364.53,2962.61,9971238.28,207.52,103.76
1786362366.55,2964.62,9971307.13,68.85,34.42
1786362368.69,2966.76,9971555.66,248.54,124.27
1786362370.70,2968.77,9971789.06,233.40,116.70
1786362372.73,2970.80,9972018.55,229.49,114.75
1786362374.74,2972.81,9972238.28,219.73,109.86
1786362376.76,2974.83,9972458.50,220.21,110.11
1786362378.77,2976.84,9972646.48,187.99,93.99
1786362380.78,2978.85,9972860.84,214.36,107.18
1786362382.79,2980.86,9973093.75,232.91,116.46
1786362384.80,2982.87,9973277.83,184.08,92.04
1786362386.83,2984.90,9973392.58,114.75,57.37
1786362388.85,2986.92,9973641.11,248.54,124.27
1786362390.86,2988.93,9973872.56,231.45,115.72
1786362392.87,2990.94,9974077.15,204.59,102.29
1786362394.88,2992.95,9974312.99,235.84,117.92
1786362396.89,2994.96,9974541.02,228.03,114.01
1786362398.90,2996.97,9974772.95,231.93,115.97
1786362400.91,2998.98,9975006.84,233.89,116.94
1786362402.92,3000.99,9975224.12,217.29,108.64
1786362404.93,3003.00,9975338.87,114.75,57.37
1786362406.99,3005.06,9975541.99,203.12,101.56
1786362409.00,3007.07,9975739.26,197.27,98.63
1786362411.01,3009.08,9975970.70,231.45,115.72
1786362413.02,3011.10,9976201.17,230.47,115.23
1786362415.03,3013.11,9976432.13,230.96,115.48
1786362417.05,3015.12,9976658.69,226.56,113.28
1786362419.06,3017.13,9976871.58,212.89,106.45
1786362421.07,3019.14,9977102.54,230.96,115.48
1786362423.08,3021.15,9977298.83,196.29,98.14
1786362425.09,3023.16,9977408.20,109.38,54.69
1786362427.11,3025.18,9977594.24,186.04,93.02
1786362429.11,3027.19,9977816.41,222.17,111.08
1786362431.13,3029.20,9978042.48,226.07,113.04
1786362433.14,3031.21,9978264.65,222.17,111.08
1786362435.15,3033.22,9978476.07,211.43,105.71
1786362437.16,3035.23,9978708.50,232.42,116.21
1786362439.17,3037.24,9978928.22,219.73,109.86
1786362441.17,3039.25,9979157.71,229.49,114.75
1786362443.19,3041.26,9979390.62,232.91,116.46
1786362445.20,3043.27,9979451.66,61.04,30.52
1786362447.49,3045.56,9979677.25,225.59,112.79
1786362449.50,3047.57,9979906.74,229.49,114.75
1786362451.51,3049.58,9980113.77,207.03,103.52
1786362453.52,3051.59,9980331.05,217.29,108.64
1786362455.53,3053.60,9980552.73,221.68,110.84
1786362457.54,3055.61,9980781.74,229.00,114.50
1786362459.55,3057.62,9981014.16,232.42,116.21
1786362461.56,3059.63,9981246.09,231.93,115.97
1786362463.57,3061.64,9981444.34,198.24,99.12
1786362465.64,3063.71,9981536.62,92.29,46.14
1786362467.66,3065.73,9981749.51,212.89,106.45
1786362469.67,3067.74,9981979.98,230.47,115.23
1786362471.68,3069.75,9982210.94,230.96,115.48
1786362473.69,3071.77,9982442.87,231.93,115.97
1786362475.71,3073.78,9982674.80,231.93,115.97
1786362477.72,3075.79,9982909.67,234.86,117.43
1786362479.72,3077.80,9983137.21,227.54,113.77
1786362481.73,3079.80,9983346.19,208.98,104.49
1786362483.74,3081.82,9983494.14,147.95,73.97
1786362485.81,3083.88,9983692.87,198.73,99.37
1786362487.82,3085.89,9983924.80,231.93,115.97
1786362489.83,3087.90,9984156.25,231.45,115.72
1786362491.84,3089.91,9984387.21,230.96,115.48
1786362493.85,3091.92,9984607.91,220.70,110.35
1786362495.86,3093.94,9984840.33,232.42,116.21
1786362497.89,3095.96,9985047.85,207.52,103.76
1786362499.89,3097.97,9985230.96,183.11,91.55
1786362501.90,3099.98,9985511.23,280.27,140.14
1786362503.92,3101.99,9985578.12,66.89,33.45
1786362506.07,3104.15,9985829.10,250.98,125.49
1786362508.09,3106.16,9986061.04,231.93,115.97
1786362510.09,3108.17,9986294.43,233.40,116.70
1786362512.11,3110.18,9986517.09,222.66,111.33
1786362514.12,3112.20,9986724.61,207.52,103.76
1786362516.13,3114.21,9986920.41,195.80,97.90
1786362518.14,3116.21,9987211.43,291.02,145.51
1786362520.15,3118.22,9987477.05,265.62,132.81
1786362522.16,3120.23,9987596.19,119.14,59.57
1786362524.27,3122.34,9987834.47,238.28,119.14
1786362526.43,3124.50,9988067.38,232.91,116.46
1786362528.44,3126.51,9988298.83,231.45,115.72
1786362530.45,3128.52,9988531.74,232.91,116.46
1786362532.46,3130.53,9988734.38,202.64,101.32
1786362534.47,3132.54,9988966.31,231.93,115.97
1786362536.48,3134.55,9989172.36,206.05,103.03
1786362538.49,3136.56,9989372.07,199.71,99.85
1786362540.50,3138.57,9989599.61,227.54,113.77
1786362542.60,3140.67,9989677.25,77.64,38.82
1786362544.61,3142.68,9989921.39,244.14,122.07
1786362546.62,3144.69,9990152.34,230.96,115.48
1786362548.87,3146.95,9990383.79,231.45,115.72
1786362550.88,3148.96,9990617.19,233.40,116.70
1786362552.89,3150.96,9990833.01,215.82,107.91
1786362554.91,3152.98,9991076.66,243.65,121.83
1786362556.92,3155.00,9991270.02,193.36,96.68
1786362558.93,3157.01,9991482.91,212.89,106.45
1786362560.94,3159.01,9991648.44,165.53,82.76
1786362562.96,3161.03,9991801.27,152.83,76.42
1786362564.97,3163.04,9992008.30,207.03,103.52
1786362566.98,3165.06,9992239.75,231.45,115.72
1786362569.00,3167.07,9992472.17,232.42,116.21
1786362571.01,3169.08,9992689.94,217.77,108.89
1786362573.02,3171.09,9992908.69,218.75,109.38
1786362575.03,3173.10,9993129.39,220.70,110.35
1786362577.03,3175.11,9993334.47,205.08,102.54
1786362579.04,3177.12,9993549.32,214.84,107.42
1786362581.05,3179.13,9993678.71,129.39,64.70
1786362584.37,3182.44,9993897.46,218.75,109.38
1786362586.38,3184.45,9994130.86,233.40,116.70
1786362588.39,3186.46,9994359.38,228.52,114.26
1786362590.40,3188.48,9994591.31,231.93,115.97
1786362592.42,3190.49,9994822.27,230.96,115.48
1786362594.43,3192.50,9995054.69,232.42,116.21
1786362596.44,3194.51,9995285.16,230.47,115.23
1786362598.44,3196.51,9995517.58,232.42,116.21
1786362600.45,3198.52,9995712.89,195.31,97.66
1786362602.46,3200.53,9995782.23,69.34,34.67
1786362604.47,3202.54,9996047.36,265.14,132.57
1786362606.48,3204.55,9996250.98,203.61,101.81
1786362608.49,3206.56,9996478.52,227.54,113.77
1786362610.50,3208.57,9996694.82,216.31,108.15
1786362612.51,3210.59,9996920.90,226.07,113.04
1786362614.52,3212.60,9997145.51,224.61,112.30
1786362616.54,3214.61,9997377.93,232.42,116.21
1786362618.55,3216.62,9997611.33,233.40,116.70
1786362620.56,3218.63,9997767.58,156.25,78.12
1786362622.57,3220.65,9997910.64,143.07,71.53
1786362624.58,3222.66,9998106.45,195.80,97.90
1786362626.59,3224.66,9998344.73,238.28,119.14
1786362628.60,3226.67,9998560.55,215.82,107.91
1786362630.61,3228.68,9998777.83,217.29,108.64
1786362632.62,3230.69,9999004.39,226.56,113.28
1786362634.63,3232.70,9999236.33,231.93,115.97
1786362636.64,3234.72,9999468.26,231.93,115.97
1786362638.65,3236.73,9999699.22,230.96,115.48
1786362640.67,3238.74,9999820.31,121.09,60.55
1786362642.79,3240.86,9999911.13,90.82,45.41
1786362644.88,3242.95,10000088.38,177.25,88.62
1786362646.89,3244.97,10000293.95,205.57,102.78
1786362648.91,3246.98,10000529.30,235.35,117.68
1786362650.92,3248.99,10000738.28,208.98,104.49
1786362652.93,3251.00,10000936.04,197.75,98.88
1786362654.93,3253.01,10001147.46,211.43,105.71
1786362656.94,3255.02,10001365.23,217.77,108.89
1786362658.96,3257.03,10001698.24,333.01,166.50
1786362660.97,3259.04,10001849.12,150.88,75.44
1786362663.76,3261.83,10002134.28,285.16,142.58
1786362665.77,3263.84,10002365.72,231.45,115.72
1786362667.78,3265.85,10002596.68,230.96,115.48
1786362669.79,3267.86,10002793.95,197.27,98.63
1786362671.81,3269.88,10002998.05,204.10,102.05
1786362673.82,3271.89,10003205.08,207.03,103.52
1786362675.83,3273.90,10003437.99,232.91,116.46
1786362677.84,3275.91,10003669.43,231.45,115.72
1786362679.85,3277.92,10003845.70,176.27,88.13
1786362681.95,3280.02,10003931.64,85.94,42.97
1786362684.16,3282.23,10004210.94,279.30,139.65
1786362686.17,3284.25,10004416.02,205.08,102.54
1786362688.18,3286.25,10004641.60,225.59,112.79
1786362690.19,3288.26,10004831.05,189.45,94.73
1786362692.21,3290.28,10005063.48,232.42,116.21
1786362694.22,3292.29,10005295.90,232.42,116.21
1786362696.23,3294.30,10005528.81,232.91,116.46
1786362698.24,3296.32,10005759.77,230.96,115.48
1786362700.26,3298.33,10005908.20,148.44,74.22
1786362703.39,3301.46,10006156.74,248.54,124.27
1786362705.40,3303.47,10006388.18,231.45,115.72
1786362707.41,3305.48,10006596.19,208.01,104.00
1786362709.42,3307.49,10006830.08,233.89,116.94
1786362711.43,3309.50,10007054.20,224.12,112.06
1786362713.44,3311.51,10007265.62,211.43,105.71
1786362715.45,3313.52,10007496.09,230.47,115.23
1786362717.46,3315.53,10007740.72,244.63,122.31
1786362719.47,3317.54,10007948.24,207.52,103.76
1786362721.55,3319.62,10008075.68,127.44,63.72
1786362723.56,3321.63,10008291.99,216.31,108.15
1786362725.57,3323.64,10008514.65,222.66,111.33
1786362727.58,3325.65,10008743.65,229.00,114.50
1786362729.59,3327.66,10008972.17,228.52,114.26
1786362731.60,3329.67,10009192.38,220.21,110.11
1786362733.61,3331.68,10009390.14,197.75,98.88
1786362735.61,3333.69,10009608.89,218.75,109.38
1786362737.63,3335.70,10009825.68,216.80,108.40
1786362739.64,3337.71,10009998.54,172.85,86.43
1786362741.70,3339.77,10010149.41,150.88,75.44
1786362743.71,3341.78,10010399.41,250.00,125.00
1786362745.72,3343.79,10010630.37,230.96,115.48
1786362747.73,3345.80,10010840.33,209.96,104.98
1786362749.74,3347.81,10011068.36,228.03,114.01
1786362751.75,3349.82,10011299.32,230.96,115.48
1786362753.76,3351.83,10011529.30,229.98,114.99
1786362755.77,3353.84,10011733.40,204.10,102.05
1786362757.78,3355.85,10011954.59,221.19,110.60
1786362759.79,3357.86,10012068.36,113.77,56.88
1786362761.92,3360.00,10012279.79,211.43,105.71
1786362763.95,3362.02,10012503.91,224.12,112.06
1786362765.96,3364.03,10012714.84,210.94,105.47
1786362767.97,3366.04,10012945.31,230.47,115.23
1786362769.98,3368.05,10013176.27,230.96,115.48
1786362771.99,3370.06,10013410.64,234.38,117.19
1786362774.00,3372.08,10013643.07,232.42,116.21
1786362776.01,3374.08,10013875.49,232.42,116.21
1786362778.02,3376.10,10014076.66,201.17,100.59
1786362780.10,3378.17,10014223.63,146.97,73.49
1786362782.11,3380.18,10014419.92,196.29,98.14
1786362784.12,3382.19,10014635.74,215.82,107.91
1786362786.13,3384.20,10014854.00,218.26,109.13
1786362788.14,3386.21,10015072.75,218.75,109.38
1786362790.15,3388.22,10015304.20,231.45,115.72
1786362792.16,3390.24,10015533.69,229.49,114.75
1786362794.18,3392.25,10015765.62,231.93,115.97
1786362796.19,3394.26,10015997.56,231.93,115.97
1786362798.20,3396.27,10016125.00,127.44,63.72
1786362801.03,3399.11,10016465.82,340.82,170.41
1786362803.04,3401.11,10016701.17,235.35,117.68
1786362805.05,3403.13,10016933.59,232.42,116.21
1786362807.06,3405.14,10017163.57,229.98,114.99
1786362809.08,3407.15,10017394.53,230.96,115.48
1786362811.09,3409.16,10017625.00,230.47,115.23
1786362813.11,3411.18,10017857.91,232.91,116.46
1786362815.12,3413.19,10018073.73,215.82,107.91
1786362817.13,3415.20,10018174.32,100.59,50.29
1786362819.20,3417.27,10018372.56,198.24,99.12
1786362821.21,3419.28,10018640.62,268.07,134.03
1786362823.22,3421.30,10018849.61,208.98,104.49
1786362825.28,3423.36,10019073.73,224.12,112.06
1786362827.30,3425.37,10019282.23,208.50,104.25
1786362829.30,3427.38,10019485.84,203.61,101.81
1786362831.32,3429.39,10019717.29,231.45,115.72
1786362833.33,3431.40,10019951.17,233.89,116.94
1786362835.34,3433.41,10020160.64,209.47,104.74
1786362837.41,3435.48,10020233.40,72.75,36.38
1786362839.45,3437.52,10020491.70,258.30,129.15
1786362841.46,3439.53,10020696.78,205.08,102.54
1786362843.46,3441.54,10020908.20,211.43,105.71
1786362845.47,3443.54,10021119.14,210.94,105.47
1786362847.48,3445.55,10021337.89,218.75,109.38
1786362849.50,3447.57,10021572.75,234.86,117.43
1786362851.51,3449.58,10021804.69,231.93,115.97
1786362853.52,3451.59,10022035.64,230.96,115.48
1786362855.53,3453.60,10022210.94,175.29,87.65
1786362857.54,3455.61,10022293.95,83.01,41.50
1786362859.55,3457.62,10022563.48,269.53,134.77
1786362861.56,3459.63,10022761.72,198.24,99.12
1786362863.56,3461.64,10022992.68,230.96,115.48
1786362865.57,3463.64,10023197.27,204.59,102.29
1786362867.59,3465.66,10023429.69,232.42,116.21
1786362869.60,3467.67,10023660.64,230.96,115.48
1786362871.61,3469.68,10023893.07,232.42,116.21
1786362873.62,3471.69,10024124.51,231.45,115.72
1786362875.63,3473.70,10024271.48,146.97,73.49
1786362877.65,3475.72,10024375.98,104.49,52.25
1786362879.66,3477.73,10024590.82,214.84,107.42
1786362881.67,3479.75,10024823.24,232.42,116.21
1786362883.69,3481.76,10025055.18,231.93,115.97
1786362885.70,3483.77,10025286.13,230.96,115.48
1786362887.71,3485.78,10025517.58,231.45,115.72
1786362889.72,3487.79,10025749.02,231.45,115.72
1786362891.73,3489.81,10025979.49,230.47,115.23
1786362893.75,3491.82,10026210.94,231.45,115.72
1786362895.75,3493.83,10026333.50,122.56,61.28
1786362897.81,3495.88,10026538.57,205.08,102.54
1786362899.82,3497.89,10026750.00,211.43,105.71
1786362901.83,3499.90,10026982.91,232.91,116.46
1786362903.83,3501.91,10027181.15,198.24,99.12
1786362905.84,3503.92,10027391.11,209.96,104.98
1786362907.85,3505.92,10027611.33,220.21,110.11
1786362909.86,3507.94,10027844.24,232.91,116.46
1786362911.88,3509.95,10028074.71,230.47,115.23
1786362913.89,3511.96,10028306.64,231.93,115.97
1786362915.90,3513.97,10028384.28,77.64,38.82
1786362918.23,3516.31,10028593.75,209.47,104.74
1786362920.24,3518.32,10028806.64,212.89,106.45
1786362922.25,3520.33,10029015.62,208.98,104.49
1786362924.26,3522.33,10029240.23,224.61,112.30
1786362926.27,3524.34,10029468.75,228.52,114.26
1786362928.29,3526.36,10029701.17,232.42,116.21
1786362930.30,3528.37,10029934.08,232.91,116.46
1786362932.30,3530.38,10030242.19,308.11,154.05
1786362934.31,3532.39,10030392.58,150.39,75.20
1786362936.41,3534.48,10030508.30,115.72,57.86
1786362938.42,3536.49,10030782.23,273.93,136.96
1786362940.43,3538.50,10031012.21,229.98,114.99
1786362942.44,3540.51,10031233.40,221.19,110.60
1786362944.45,3542.52,10031448.73,215.33,107.67
1786362946.46,3544.53,10031679.69,230.96,115.48
1786362948.47,3546.54,10031911.13,231.45,115.72
1786362950.48,3548.55,10032142.58,231.45,115.72
1786362952.49,3550.56,10032374.51,231.93,115.97
1786362954.50,3552.57,10032458.50,83.98,41.99
1786362957.16,3555.23,10032662.11,203.61,101.81
1786362959.17,3557.24,10032880.37,218.26,109.13
1786362961.18,3559.25,10033097.66,217.29,108.64
1786362963.19,3561.26,10033330.57,232.91,116.46
1786362965.20,3563.27,10033562.01,231.45,115.72
1786362967.21,3565.29,10033793.46,231.45,115.72
1786362969.22,3567.30,10034072.27,278.81,139.40
1786362971.23,3569.30,10034287.60,215.33,107.67
1786362973.24,3571.31,10034453.12,165.53,82.76
1786362975.27,3573.34,10034563.48,110.35,55.18
1786362977.28,3575.36,10034813.96,250.49,125.24
1786362979.29,3577.36,10035032.71,218.75,109.38
1786362981.30,3579.37,10035256.84,224.12,112.06
1786362983.31,3581.38,10035480.47,223.63,111.82
1786362985.32,3583.39,10035693.85,213.38,106.69
1786362987.33,3585.40,10035932.62,238.77,119.38
1786362989.34,3587.41,10036160.64,228.03,114.01
1786362991.35,3589.42,10036391.11,230.47,115.23
1786362993.36,3591.44,10036531.74,140.62,70.31
1786362995.44,3593.51,10036740.72,208.98,104.49
1786362997.45,3595.53,10036971.68,230.96,115.48
1786362999.47,3597.54,10037202.15,230.47,115.23
1786363001.48,3599.55,10037433.11,230.96,115.48
1786363003.49,3601.57,10037666.50,233.40,116.70
1786363005.50,3603.58,10037897.46,230.96,115.48
1786363007.52,3605.59,10038128.91,231.45,115.72
1786363009.52,3607.60,10038337.40,208.50,104.25
1786363011.53,3609.61,10038540.04,202.64,101.32
1786363013.61,3611.69,10038631.35,91.31,45.65
1786363015.71,3613.78,10038873.05,241.70,120.85
1786363017.72,3615.79,10039097.66,224.61,112.30
1786363019.73,3617.81,10039330.57,232.91,116.46
1786363021.74,3619.82,10039616.21,285.64,142.82
1786363023.75,3621.82,10039838.87,222.66,111.33
1786363025.76,3623.83,10040055.66,216.80,108.40
1786363027.77,3625.85,10040288.57,232.91,116.46
1786363029.89,3627.97,10040520.02,231.45,115.72
1786363031.90,3629.97,10040629.88,109.86,54.93
1786363034.89,3632.96,10040900.88,271.00,135.50
1786363036.90,3634.97,10041133.30,232.42,116.21
1786363038.91,3636.98,10041364.75,231.45,115.72
1786363040.91,3638.99,10041596.19,231.45,115.72
1786363042.92,3640.99,10041801.76,205.57,102.78
1786363044.93,3643.01,10042032.71,230.96,115.48
1786363046.94,3645.02,10042276.37,243.65,121.83
1786363048.96,3647.03,10042498.05,221.68,110.84
1786363050.97,3649.04,10042651.86,153.81,76.90
1786363052.99,3651.07,10042821.29,169.43,84.72
1786363055.00,3653.08,10043025.88,204.59,102.29
1786363057.01,3655.08,10043257.32,231.45,115.72
1786363059.02,3657.09,10043458.98,201.66,100.83
1786363061.03,3659.10,10043695.31,236.33,118.16
1786363063.04,3661.11,10043889.65,194.34,97.17
1786363065.05,3663.12,10044127.44,237.79,118.90
1786363067.06,3665.13,10044338.38,210.94,105.47
1786363069.06,3667.14,10044555.66,217.29,108.64
1786363071.08,3669.15,10044697.27,141.60,70.80
1786363073.14,3671.21,10044901.86,204.59,102.29
1786363075.15,3673.23,10045132.32,230.47,115.23
1786363077.17,3675.24,10045362.79,230.47,115.23
1786363079.18,3677.25,10045593.75,230.96,115.48
1786363081.19,3679.26,10045826.66,232.91,116.46
1786363083.20,3681.27,10046058.11,231.45,115.72
1786363085.21,3683.28,10046290.53,232.42,116.21
1786363087.22,3685.29,10046516.11,225.59,112.79
1786363089.23,3687.30,10046711.91,195.80,97.90
1786363091.37,3689.44,10046838.38,126.46,63.23
1786363093.38,3691.45,10047104.00,265.62,132.81
1786363095.39,3693.47,10047339.36,235.35,117.68
1786363097.41,3695.48,10047570.80,231.45,115.72
1786363099.41,3697.48,10047800.78,229.98,114.99
1786363101.42,3699.49,10048026.37,225.59,112.79
1786363103.43,3701.50,10048235.35,208.98,104.49
1786363105.44,3703.52,10048466.31,230.96,115.48
1786363107.46,3705.53,10048698.24,231.93,115.97
1786363109.47,3707.54,10048780.27,82.03,41.02
1786363112.27,3710.34,10048998.05,217.77,108.89
1786363114.28,3712.35,10049218.26,220.21,110.11
1786363116.28,3714.36,10049428.71,210.45,105.22
1786363118.29,3716.37,10049654.79,226.07,113.04
1786363120.31,3718.38,10049886.23,231.45,115.72
1786363122.32,3720.39,10050116.21,229.98,114.99
1786363124.33,3722.40,10050352.54,236.33,118.16
1786363126.52,3724.59,10050583.50,230.96,115.48
1786363128.53,3726.60,10050786.62,203.12,101.56
1786363130.54,3728.61,10050956.54,169.92,84.96
1786363132.55,3730.62,10051172.36,215.82,107.91
1786363134.56,3732.63,10051393.55,221.19,110.60
1786363136.57,3734.65,10051626.46,232.91,116.46
1786363138.59,3736.66,10051857.91,231.45,115.72
1786363140.60,3738.67,10052088.87,230.96,115.48
1786363142.61,3740.68,10052323.24,234.38,117.19
1786363144.61,3742.69,10052551.76,228.52,114.26
1786363146.62,3744.70,10052766.11,214.36,107.18
1786363148.63,3746.70,10052868.16,102.05,51.03
1786363150.69,3748.76,10053023.93,155.76,77.88
1786363152.70,3750.77,10053253.42,229.49,114.75
1786363154.71,3752.78,10053477.05,223.63,111.82
1786363156.72,3754.79,10053707.52,230.47,115.23
1786363158.73,3756.80,10053939.94,232.42,116.21
1786363160.74,3758.81,10054170.90,230.96,115.48
1786363162.75,3760.82,10054403.32,232.42,116.21
1786363164.76,3762.83,10054636.23,232.91,116.46
1786363167.09,3765.17,10054866.21,229.98,114.99
1786363169.11,3767.18,10054923.34,57.13,28.56
1786363171.39,3769.46,10055157.23,233.89,116.94
1786363173.40,3771.47,10055360.84,203.61,101.81
1786363175.41,3773.48,10055592.29,231.45,115.72
1786363177.42,3775.49,10055812.01,219.73,109.86
1786363179.43,3777.50,10056028.32,216.31,108.15
1786363181.44,3779.52,10056259.28,230.96,115.48
1786363183.51,3781.58,10056490.23,230.96,115.48
1786363185.52,3783.59,10056721.19,230.96,115.48
1786363187.53,3785.60,10056912.11,190.92,95.46
1786363189.60,3787.68,10057030.76,118.65,59.33
1786363191.61,3789.69,10057277.83,247.07,123.54
1786363193.62,3791.70,10057508.79,230.96,115.48
1786363195.64,3793.71,10057735.35,226.56,113.28
1786363197.65,3795.72,10057940.92,205.57,102.78
1786363199.65,3797.73,10058160.64,219.73,109.86
1786363201.66,3799.74,10058372.56,211.91,105.96
1786363203.67,3801.74,10058591.80,219.24,109.62
1786363205.68,3803.75,10058812.50,220.70,110.35
1786363207.69,3805.76,10058972.17,159.67,79.83
1786363210.46,3808.53,10059238.77,266.60,133.30
1786363212.47,3810.54,10059481.45,242.68,121.34
1786363214.48,3812.55,10059712.40,230.96,115.48
1786363216.49,3814.56,10059944.82,232.42,116.21
1786363218.50,3816.57,10060154.30,209.47,104.74
1786363220.51,3818.58,10060363.77,209.47,104.74
1786363222.51,3820.59,10060588.87,225.10,112.55
1786363224.52,3822.60,10060793.95,205.08,102.54
1786363226.53,3824.60,10060975.10,181.15,90.58
1786363228.59,3826.66,10061107.91,132.81,66.41
1786363230.60,3828.67,10061340.33,232.42,116.21
1786363232.61,3830.68,10061571.29,230.96,115.48
1786363234.62,3832.69,10061807.13,235.84,117.92
1786363236.63,3834.70,10062039.06,231.93,115.97
1786363238.64,3836.71,10062271.00,231.93,115.97
1786363240.65,3838.72,10062503.91,232.91,116.46
1786363242.67,3840.74,10062704.10,200.20,100.10
1786363244.68,3842.75,10062913.09,208.98,104.49
1786363246.69,3844.76,10063030.76,117.68,58.84
1786363249.88,3847.96,10063264.65,233.89,116.94
1786363251.89,3849.96,10063489.26,224.61,112.30
1786363253.90,3851.97,10063715.33,226.07,113.04
1786363255.91,3853.98,10063923.83,208.50,104.25
1786363257.92,3856.00,10064156.25,232.42,116.21
1786363259.93,3858.01,10064388.18,231.93,115.97
1786363261.95,3860.02,10064619.63,231.45,115.72
1786363263.96,3862.03,10064851.07,231.45,115.72
1786363265.97,3864.04,10065058.59,207.52,103.76
1786363267.98,3866.05,10065193.85,135.25,67.63
1786363269.99,3868.07,10065437.01,243.16,121.58
1786363272.01,3870.08,10065667.48,230.47,115.23
1786363274.02,3872.09,10065900.39,232.91,116.46
1786363276.02,3874.10,10066132.81,232.42,116.21
1786363278.03,3876.10,10066341.31,208.50,104.25
1786363280.04,3878.11,10066569.34,228.03,114.01
1786363282.05,3880.12,10066802.25,232.91,116.46
1786363284.06,3882.14,10067032.23,229.98,114.99
1786363286.08,3884.15,10067136.23,104.00,52.00
1786363288.12,3886.19,10067291.02,154.79,77.39
1786363290.13,3888.21,10067523.44,232.42,116.21
1786363292.15,3890.22,10067756.35,232.91,116.46
1786363294.16,3892.23,10067986.82,230.47,115.23
1786363296.17,3894.24,10068223.14,236.33,118.16
1786363298.18,3896.25,10068442.38,219.24,109.62
1786363300.19,3898.26,10068657.23,214.84,107.42
1786363302.20,3900.27,10068891.60,234.38,117.19
1786363304.35,3902.42,10069124.02,232.42,116.21
1786363306.36,3904.43,10069206.54,82.52,41.26
1786363308.42,3906.49,10069473.14,266.60,133.30
1786363310.43,3908.50,10069705.57,232.42,116.21
1786363312.44,3910.51,10069937.50,231.93,115.97
1786363314.45,3912.52,10070168.46,230.96,115.48
1786363316.46,3914.53,10070390.14,221.68,110.84
1786363318.47,3916.54,10070583.98,193.85,96.92
1786363320.48,3918.55,10070801.27,217.29,108.64
1786363322.50,3920.57,10071025.39,224.12,112.06
1786363324.51,3922.58,10071197.27,171.88,85.94
1786363326.57,3924.64,10071360.35,163.09,81.54
1786363328.58,3926.65,10071593.26,232.91,116.46
1786363330.59,3928.66,10071819.34,226.07,113.04
1786363332.60,3930.67,10072039.55,220.21,110.11
1786363334.61,3932.68,10072262.21,222.66,111.33
1786363336.62,3934.69,10072492.19,229.98,114.99
1786363338.63,3936.70,10072723.63,231.45,115.72
1786363340.64,3938.71,10072956.54,232.91,116.46
1786363342.65,3940.72,10073190.92,234.38,117.19
1786363344.66,3942.73,10073274.90,83.98,41.99
1786363347.55,3945.62,10073565.92,291.02,145.51
1786363349.56,3947.63,10073772.46,206.54,103.27
1786363351.57,3949.64,10074003.42,230.96,115.48
1786363353.58,3951.65,10074235.84,232.42,116.21
1786363355.59,3953.67,10074466.80,230.96,115.48
1786363357.60,3955.67,10074696.78,229.98,114.99
1786363359.61,3957.68,10074913.09,216.31,108.15
1786363361.62,3959.69,10075146.48,233.40,116.70
1786363363.63,3961.70,10075303.71,157.23,78.61
1786363365.65,3963.72,10075420.90,117.19,58.59
1786363367.66,3965.73,10075639.65,218.75,109.38
1786363369.67,3967.74,10075859.38,219.73,109.86
1786363371.68,3969.75,10076087.89,228.52,114.26
1786363373.69,3971.76,10076324.71,236.82,118.41
1786363375.70,3973.77,10076555.66,230.96,115.48
1786363377.71,3975.79,10076787.11,231.45,115.72
1786363379.73,3977.80,10077017.58,230.47,115.23
1786363381.74,3979.81,10077248.54,230.96,115.48
1786363383.75,3981.82,10077364.75,116.21,58.11
1786363385.77,3983.84,10077568.36,203.61,101.81
1786363387.77,3985.85,10077785.16,216.80,108.40
1786363389.78,3987.86,10077979.98,194.82,97.41
1786363391.79,3989.87,10078194.34,214.36,107.18
1786363393.84,3991.91,10078474.12,279.79,139.89
1786363395.85,3993.92,10078705.57,231.45,115.72
1786363397.86,3995.93,10078938.48,232.91,116.46
1786363399.87,3997.94,10079169.43,230.96,115.48
1786363401.88,3999.95,10079363.28,193.85,96.92
1786363403.91,4001.98,10079438.48,75.20,37.60
1786363405.98,4004.05,10079709.96,271.48,135.74
1786363407.99,4006.06,10079941.89,231.93,115.97
1786363410.00,4008.08,10080173.34,231.45,115.72
1786363412.01,4010.09,10080388.18,214.84,107.42
1786363414.02,4012.10,10080611.82,223.63,111.82
1786363416.04,4014.11,10080843.26,231.45,115.72
1786363418.05,4016.12,10081074.71,231.45,115.72
1786363420.06,4018.13,10081308.59,233.89,116.94
1786363422.07,4020.14,10081429.69,121.09,60.55
1786363424.08,4022.15,10081581.54,151.86,75.93
1786363426.09,4024.16,10081801.76,220.21,110.11
1786363428.10,4026.17,10082033.69,231.93,115.97
1786363430.11,4028.19,10082266.11,232.42,116.21
1786363432.12,4030.20,10082499.02,232.91,116.46
1786363434.13,4032.21,10082708.01,208.98,104.49
1786363436.14,4034.21,10082938.48,230.47,115.23
1786363438.15,4036.23,10083170.90,232.42,116.21
1786363440.17,4038.24,10083366.70,195.80,97.90
1786363442.18,4040.25,10083470.70,104.00,52.00
1786363445.59,4043.67,10083806.15,335.45,167.72
1786363447.60,4045.68,10084016.60,210.45,105.22
1786363449.61,4047.68,10084229.00,212.40,106.20
1786363451.62,4049.69,10084455.08,226.07,113.04
1786363453.63,4051.71,10084686.04,230.96,115.48
1786363455.65,4053.72,10084918.46,232.42,116.21
1786363457.66,4055.73,10085150.88,232.42,116.21
1786363459.67,4057.74,10085382.32,231.45,115.72
1786363461.68,4059.75,10085511.72,129.39,64.70
1786363463.71,4061.78,10085650.39,138.67,69.34
1786363465.72,4063.79,10085884.28,233.89,116.94
1786363467.73,4065.80,10086115.72,231.45,115.72
1786363469.74,4067.81,10086340.33,224.61,112.30
1786363471.74,4069.82,10086553.71,213.38,106.69
1786363473.75,4071.83,10086784.18,230.47,115.23
1786363475.77,4073.84,10087017.09,232.91,116.46
1786363477.78,4075.85,10087247.07,229.98,114.99
1786363479.79,4077.86,10087479.00,231.93,115.97
1786363481.80,4079.87,10087552.25,73.24,36.62
1786363483.82,4081.90,10087796.88,244.63,122.31
1786363485.83,4083.91,10087978.52,181.64,90.82
1786363487.85,4085.92,10088210.45,231.93,115.97
1786363489.86,4087.93,10088442.87,232.42,116.21
1786363491.87,4089.94,10088674.32,231.45,115.72
1786363493.88,4091.95,10088882.32,208.01,104.00
1786363495.89,4093.96,10089110.35,228.03,114.01
1786363497.90,4095.97,10089345.70,235.35,117.68
1786363499.91,4097.98,10089547.85,202.15,101.07
1786363502.01,4100.08,10089610.84,62.99,31.49
1786363504.02,4102.09,10089888.18,277.34,138.67
1786363506.03,4104.10,10090116.70,228.52,114.26
1786363508.03,4106.11,10090313.48,196.78,98.39
1786363510.04,4108.12,10090534.67,221.19,110.60
1786363512.06,4110.13,10090765.62,230.96,115.48
1786363514.07,4112.14,10091000.98,235.35,117.68
1786363516.08,4114.15,10091232.91,231.93,115.97
1786363518.08,4116.16,10091457.03,224.12,112.06
1786363520.09,4118.17,10091586.91,129.88,64.94
1786363523.72,4121.79,10091891.11,304.20,152.10
1786363525.73,4123.80,10092083.98,192.87,96.44
1786363527.73,4125.81,10092301.76,217.77,108.89
1786363529.74,4127.81,10092532.23,230.47,115.23
1786363531.75,4129.82,10092756.35,224.12,112.06
1786363533.76,4131.83,10092970.21,213.87,106.93
1786363535.78,4133.85,10093199.22,229.00,114.50
1786363537.79,4135.86,10093431.15,231.93,115.97
1786363539.80,4137.87,10093632.81,201.66,100.83
1786363541.85,4139.92,10093738.77,105.96,52.98
1786363543.88,4141.95,10093946.78,208.01,104.00
1786363545.89,4143.96,10094167.48,220.70,110.35
1786363547.90,4145.98,10094398.93,231.45,115.72
1786363549.92,4147.99,10094631.35,232.42,116.21
1786363551.93,4150.00,10094864.75,233.40,116.70
1786363553.94,4152.01,10095095.21,230.47,115.23
1786363555.95,4154.02,10095326.66,231.45,115.72
1786363557.96,4156.03,10095549.32,222.66,111.33
1786363559.97,4158.04,10095688.48,139.16,69.58
1786363562.03,4160.10,10095827.64,139.16,69.58
1786363564.04,4162.11,10096058.59,230.96,115.48
1786363566.05,4164.13,10096290.04,231.45,115.72
1786363568.06,4166.14,10096521.97,231.93,115.97
1786363570.07,4168.14,10096750.98,229.00,114.50
1786363572.08,4170.15,10096980.96,229.98,114.99
1786363574.09,4172.16,10097186.52,205.57,102.78
1786363576.10,4174.17,10097416.99,230.47,115.23
1786363578.11,4176.19,10097651.86,234.86,117.43
1786363580.12,4178.20,10097745.61,93.75,46.88
1786363582.15,4180.23,10097911.62,166.02,83.01
1786363584.17,4182.24,10098143.07,231.45,115.72
1786363586.17,4184.25,10098375.00,231.93,115.97
1786363588.18,4186.25,10098606.93,231.93,115.97
1786363590.19,4188.27,10098827.15,220.21,110.11
1786363592.20,4190.28,10099057.62,230.47,115.23
1786363594.21,4192.28,10099277.34,219.73,109.86
1786363596.22,4194.30,10099507.32,229.98,114.99
1786363598.24,4196.31,10099739.26,231.93,115.97
1786363600.29,4198.36,10099803.71,64.45,32.23
1786363602.30,4200.37,10100032.23,228.52,114.26
1786363604.31,4202.38,10100264.16,231.93,115.97
1786363606.32,4204.39,10100486.82,222.66,111.33
1786363608.33,4206.40,10100702.64,215.82,107.91
1786363610.34,4208.41,10100935.55,232.91,116.46
1786363612.35,4210.42,10101166.02,230.47,115.23
1786363614.36,4212.43,10101396.48,230.47,115.23
1786363616.37,4214.44,10101629.88,233.40,116.70
1786363618.75,4216.82,10101792.48,162.60,81.30
1786363620.80,4218.87,10101889.16,96.68,48.34
1786363622.81,4220.88,10102123.05,233.89,116.94
1786363624.82,4222.89,10102331.54,208.50,104.25
1786363626.83,4224.90,10102563.48,231.93,115.97
1786363628.84,4226.91,10102796.39,232.91,116.46
1786363630.85,4228.92,10103027.34,230.96,115.48
1786363632.86,4230.93,10103261.72,234.38,117.19
1786363634.87,4232.94,10103489.75,228.03,114.01
1786363636.89,4234.97,10103695.31,205.57,102.78
1786363638.90,4236.98,10103837.40,142.09,71.04
1786363640.92,4238.99,10103962.89,125.49,62.74
1786363642.93,4241.00,10104195.31,232.42,116.21
1786363644.94,4243.01,10104429.20,233.89,116.94
1786363646.95,4245.02,10104660.64,231.45,115.72
1786363648.96,4247.03,10104890.62,229.98,114.99
1786363650.97,4249.04,10105109.86,219.24,109.62
1786363652.98,4251.05,10105327.64,217.77,108.89
1786363654.99,4253.06,10105504.39,176.76,88.38
1786363657.00,4255.07,10105736.82,232.42,116.21
1786363659.01,4257.08,10105880.86,144.04,72.02
1786363661.03,4259.10,10106015.62,134.77,67.38
1786363663.04,4261.11,10106236.33,220.70,110.35
1786363665.05,4263.12,10106469.24,232.91,116.46
1786363667.06,4265.13,10106699.71,230.47,115.23
1786363669.08,4267.15,10106931.64,231.93,115.97
1786363671.09,4269.16,10107161.62,229.98,114.99
1786363673.09,4271.17,10107391.11,229.49,114.75
1786363675.10,4273.17,10107600.59,209.47,104.74
1786363677.12,4275.19,10107832.52,231.93,115.97
1786363679.13,4277.20,10107928.22,95.70,47.85
1786363681.18,4279.26,10108092.77,164.55,82.28
1786363683.20,4281.27,10108324.22,231.45,115.72
1786363685.21,4283.28,10108556.64,232.42,116.21
1786363687.22,4285.29,10108782.71,226.07,113.04
1786363689.23,4287.30,10108996.58,213.87,106.93
1786363691.24,4289.31,10109267.58,271.00,135.50
1786363693.26,4291.33,10109474.12,206.54,103.27
1786363695.27,4293.34,10109681.15,207.03,103.52
1786363697.28,4295.35,10109910.64,229.49,114.75
1786363699.29,4297.36,10109982.42,71.78,35.89
1786363701.49,4299.56,10110170.41,187.99,93.99
1786363703.50,4301.57,10110395.02,224.61,112.30
1786363705.51,4303.58,10110607.42,212.40,106.20
1786363707.52,4305.59,10110839.36,231.93,115.97
1786363709.53,4307.60,10111070.80,231.45,115.72
1786363711.55,4309.62,10111303.71,232.91,116.46
1786363713.56,4311.63,10111535.64,231.93,115.97
1786363715.57,4313.64,10111768.07,232.42,116.21
1786363717.58,4315.65,10111975.10,207.03,103.52
1786363719.59,4317.67,10112074.22,99.12,49.56
1786363721.60,4319.68,10112283.69,209.47,104.74
1786363723.61,4321.68,10112503.42,219.73,109.86
1786363725.62,4323.70,10112738.28,234.86,117.43
1786363727.73,4325.81,10112970.21,231.93,115.97
1786363729.75,4327.82,10113201.17,230.96,115.48
1786363731.76,4329.83,10113432.62,231.45,115.72
1786363733.77,4331.84,10113666.02,233.40,116.70
1786363735.78,4333.85,10113954.10,288.09,144.04
1786363737.79,4335.86,10114052.73,98.63,49.32
1786363739.82,4337.89,10114267.58,214.84,107.42
1786363741.83,4339.90,10114461.91,194.34,97.17
1786363743.84,4341.91,10114675.29,213.38,106.69
1786363745.84,4343.92,10114890.14,214.84,107.42
1786363747.85,4345.92,10115109.86,219.73,109.86
1786363749.87,4347.94,10115344.24,234.38,117.19
1786363751.88,4349.95,10115576.17,231.93,115.97
1786363753.89,4351.96,10115808.59,232.42,116.21
1786363755.90,4353.97,10116040.04,231.45,115.72
1786363757.91,4355.98,10116118.65,78.61,39.31
1786363760.28,4358.35,10116334.47,215.82,107.91
1786363762.29,4360.36,10116538.09,203.61,101.81
1786363764.30,4362.37,10116766.60,228.52,114.26
1786363766.37,4364.45,10116975.10,208.50,104.25
1786363768.38,4366.46,10117204.10,229.00,114.50
1786363770.40,4368.47,10117435.06,230.96,115.48
1786363772.41,4370.48,10117666.99,231.93,115.97
1786363774.42,4372.49,10117899.90,232.91,116.46
1786363776.43,4374.50,10118093.26,193.36,96.68
1786363778.45,4376.52,10118203.12,109.86,54.93
1786363780.46,4378.53,10118462.40,259.28,129.64
1786363782.47,4380.54,10118700.20,237.79,118.90
1786363784.48,4382.55,10118920.90,220.70,110.35
1786363786.49,4384.56,10119147.95,227.05,113.53
1786363788.50,4386.57,10119346.68,198.73,99.37
1786363790.51,4388.58,10119565.92,219.24,109.62
1786363792.52,4390.59,10119777.34,211.43,105.71
1786363794.53,4392.60,10119987.79,210.45,105.22
1786363796.54,4394.61,10120138.67,150.88,75.44
1786363799.57,4397.64,10120425.29,286.62,143.31
1786363801.58,4399.65,10120658.69,233.40,116.70
1786363803.59,4401.66,10120890.62,231.93,115.97
1786363805.60,4403.67,10121121.09,230.47,115.23
1786363807.61,4405.68,10121351.07,229.98,114.99
1786363809.63,4407.70,10121543.95,192.87,96.44
1786363811.64,4409.71,10121785.64,241.70,120.85
1786363813.65,4411.72,10121960.94,175.29,87.65
1786363815.66,4413.74,10122166.02,205.08,102.54
1786363817.79,4415.86,10122304.20,138.18,69.09
1786363819.79,4417.87,10122526.86,222.66,111.33
1786363821.80,4419.88,10122741.21,214.36,107.18
1786363823.81,4421.88,10122973.63,232.42,116.21
1786363825.82,4423.89,10123205.57,231.93,115.97
1786363827.83,4425.91,10123436.04,230.47,115.23
1786363829.84,4427.92,10123667.97,231.93,115.97
1786363831.85,4429.93,10123876.46,208.50,104.25
1786363833.86,4431.94,10124076.17,199.71,99.85
1786363835.87,4433.95,10124200.20,124.02,62.01
1786363837.90,4435.97,10124366.21,166.02,83.01
1786363839.91,4437.98,10124596.68,230.47,115.23
1786363841.92,4439.99,10124804.69,208.01,104.00
1786363843.93,4442.00,10125032.23,227.54,113.77
1786363845.94,4444.01,10125226.56,194.34,97.17
1786363847.95,4446.02,10125441.89,215.33,107.67
1786363849.96,4448.03,10125672.85,230.96,115.48
1786363851.97,4450.04,10125903.32,230.47,115.23
1786363853.98,4452.05,10126108.89,205.57,102.78
1786363855.99,4454.07,10126246.09,137.21,68.60
1786363858.06,4456.13,10126409.67,163.57,81.79
1786363860.07,4458.15,10126641.11,231.45,115.72
1786363862.20,4460.28,10126889.65,248.54,124.27
1786363864.21,4462.28,10127105.47,215.82,107.91
1786363866.22,4464.30,10127337.89,232.42,116.21
1786363868.23,4466.31,10127569.34,231.45,115.72
1786363870.24,4468.31,10127793.46,224.12,112.06
1786363872.25,4470.32,10128007.32,213.87,106.93
1786363874.26,4472.33,10128239.26,231.93,115.97
1786363876.27,4474.34,10128342.77,103.52,51.76
1786363878.34,4476.41,10128532.71,189.94,94.97
1786363880.35,4478.42,10128742.68,209.96,104.98
1786363882.36,4480.43,10128963.87,221.19,110.60
1786363884.37,4482.44,10129193.85,229.98,114.99
1786363886.38,4484.45,10129424.80,230.96,115.48
1786363888.39,4486.46,10129656.74,231.93,115.97
1786363890.39,4488.47,10129867.68,210.94,105.47
1786363892.41,4490.48,10130098.14,230.47,115.23
1786363894.41,4492.49,10130299.80,201.66,100.83
1786363896.48,4494.55,10130365.72,65.92,32.96
1786363898.49,4496.56,10130643.55,277.83,138.92
1786363900.50,4498.57,10130839.36,195.80,97.90
1786363902.51,4500.58,10131052.25,212.89,106.45
1786363904.52,4502.59,10131285.64,233.40,116.70
1786363906.53,4504.61,10131516.60,230.96,115.48
1786363908.54,4506.62,10131747.07,230.47,115.23
1786363910.55,4508.62,10131976.56,229.49,114.75
1786363912.56,4510.63,10132181.15,204.59,102.29
1786363914.57,4512.64,10132336.91,155.76,77.88
1786363918.39,4516.46,10132611.33,274.41,137.21
1786363920.40,4518.47,10132818.85,207.52,103.76
1786363922.41,4520.48,10133047.85,229.00,114.50
1786363924.41,4522.49,10133265.14,217.29,108.64
1786363926.42,4524.50,10133484.38,219.24,109.62
1786363928.44,4526.51,10133714.84,230.47,115.23
1786363930.45,4528.52,10133946.78,231.93,115.97
1786363932.46,4530.53,10134178.22,231.45,115.72
1786363934.47,4532.55,10134387.70,209.47,104.74
1786363936.48,4534.56,10134532.71,145.02,72.51
1786363938.50,4536.57,10134721.68,188.96,94.48
1786363940.50,4538.58,10134940.43,218.75,109.38
1786363942.51,4540.58,10135171.39,230.96,115.48
1786363944.52,4542.59,10135378.42,207.03,103.52
1786363946.53,4544.60,10135608.89,230.47,115.23
1786363948.54,4546.62,10135838.38,229.49,114.75
1786363950.56,4548.63,10136071.29,232.91,116.46
1786363952.57,4550.64,10136303.71,232.42,116.21
1786363954.58,4552.65,10136462.40,158.69,79.35
1786363956.60,4554.67,10136585.45,123.05,61.52
1786363958.61,4556.68,10136796.88,211.43,105.71
1786363960.62,4558.69,10137012.21,215.33,107.67
1786363962.63,4560.70,10137231.93,219.73,109.86
1786363964.64,4562.71,10137460.45,228.52,114.26
1786363966.65,4564.73,10137696.29,235.84,117.92
1786363968.67,4566.74,10137979.00,282.71,141.36
1786363970.67,4568.75,10138206.05,227.05,113.53
1786363972.68,4570.75,10138413.09,207.03,103.52
1786363974.69,4572.77,10138519.53,106.45,53.22
1786363976.78,4574.85,10138682.13,162.60,81.30
1786363978.79,4576.87,10138915.04,232.91,116.46
1786363980.81,4578.88,10139149.41,234.38,117.19
1786363982.82,4580.89,10139380.86,231.45,115.72
1786363984.83,4582.90,10139599.12,218.26,109.13
1786363986.84,4584.91,10139823.24,224.12,112.06
1786363988.85,4586.92,10140021.48,198.24,99.12
1786363990.86,4588.93,10140242.19,220.70,110.35
1786363992.87,4590.94,10140456.54,214.36,107.18
1786363994.88,4592.95,10140562.50,105.96,52.98
1786363996.94,4595.01,10140798.34,235.84,117.92
1786363998.95,4597.02,10141016.60,218.26,109.13
1786364000.96,4599.03,10141238.77,222.17,111.08
1786364002.97,4601.04,10141471.68,232.91,116.46
1786364004.98,4603.05,10141704.59,232.91,116.46
1786364006.99,4605.06,10141933.59,229.00,114.50
1786364009.00,4607.07,10142166.50,232.91,116.46
1786364011.01,4609.08,10142398.93,232.42,116.21
1786364013.03,4611.10,10142547.85,148.93,74.46
1786364015.15,4613.22,10142649.41,101.56,50.78
1786364017.16,4615.23,10142865.72,216.31,108.15
1786364019.17,4617.24,10143096.68,230.96,115.48
1786364021.18,4619.26,10143327.15,230.47,115.23
1786364023.20,4621.27,10143557.62,230.47,115.23
1786364025.21,4623.29,10143792.97,235.35,117.68
1786364027.41,4625.48,10144025.88,232.91,116.46
1786364029.42,4627.49,10144254.88,229.00,114.50
1786364031.43,4629.50,10144487.79,232.91,116.46
1786364033.44,4631.52,10144607.42,119.63,59.81
1786364035.54,4633.62,10144782.23,174.80,87.40
1786364037.56,4635.63,10145013.67,231.45,115.72
1786364039.57,4637.64,10145244.63,230.96,115.48
1786364041.58,4639.65,10145462.89,218.26,109.13
1786364043.58,4641.66,10145683.59,220.70,110.35
1786364045.60,4643.67,10145915.04,231.45,115.72
1786364047.61,4645.68,10146147.46,232.42,116.21
1786364049.62,4647.69,10146379.88,232.42,116.21
1786364051.63,4649.70,10146611.33,231.45,115.72
1786364053.64,4651.71,10146667.48,56.15,28.08
1786364055.68,4653.75,10146915.53,248.05,124.02
1786364057.69,4655.76,10147146.00,230.47,115.23
1786364059.70,4657.77,10147378.42,232.42,116.21
1786364061.71,4659.79,10147609.86,231.45,115.72
1786364063.72,4661.79,10147842.29,232.42,116.21
1786364065.73,4663.80,10148053.22,210.94,105.47
1786364067.74,4665.81,10148256.35,203.12,101.56
1786364069.75,4667.82,10148460.94,204.59,102.29
1786364071.76,4669.83,10148672.36,211.43,105.71
1786364073.80,4671.87,10148782.71,110.35,55.18
1786364075.81,4673.88,10148956.05,173.34,86.67
1786364077.82,4675.89,10149185.55,229.49,114.75
1786364079.83,4677.91,10149417.48,231.93,115.97
1786364081.85,4679.92,10149648.44,230.96,115.48
1786364083.86,4681.93,10149879.39,230.96,115.48
1786364085.87,4683.94,10150091.80,212.40,106.20
1786364087.88,4685.95,10150315.43,223.63,111.82
1786364089.89,4687.96,10150549.32,233.89,116.94
1786364091.89,4689.97,10150710.45,161.13,80.57
1786364093.92,4691.99,10150793.46,83.01,41.50
1786364095.99,4694.06,10151039.06,245.61,122.80
1786364098.00,4696.07,10151271.00,231.93,115.97
1786364100.01,4698.08,10151490.23,219.24,109.62
1786364102.02,4700.09,10151708.98,218.75,109.38
1786364104.03,4702.10,10151943.85,234.86,117.43
1786364106.04,4704.11,10152173.83,229.98,114.99
1786364108.05,4706.12,10152378.91,205.08,102.54
1786364110.06,4708.13,10152595.70,216.80,108.40
1786364112.07,4710.14,10152764.65,168.95,84.47
1786364114.15,4712.22,10152906.74,142.09,71.04
1786364116.16,4714.23,10153138.67,231.93,115.97
1786364118.17,4716.24,10153361.33,222.66,111.33
1786364120.18,4718.25,10153573.73,212.40,106.20
1786364122.19,4720.26,10153773.93,200.20,100.10
1786364124.20,4722.27,10153996.58,222.66,111.33
1786364126.21,4724.28,10154219.24,222.66,111.33
1786364128.27,4726.34,10154481.45,262.21,131.10
1786364130.28,4728.35,10154700.20,218.75,109.38
1786364132.29,4730.37,10154844.73,144.53,72.27
1786364134.41,4732.48,10154986.33,141.60,70.80
1786364136.42,4734.49,10155212.89,226.56,113.28
1786364138.42,4736.50,10155425.78,212.89,106.45
1786364140.44,4738.51,10155658.69,232.91,116.46
1786364142.45,4740.52,10155890.62,231.93,115.97
1786364144.46,4742.53,10156123.54,232.91,116.46
1786364146.47,4744.54,10156349.12,225.59,112.79
1786364148.48,4746.55,10156566.41,217.29,108.64
1786364150.49,4748.56,10156790.53,224.12,112.06
1786364152.50,4750.57,10156882.32,91.80,45.90
1786364154.62,4752.69,10157099.12,216.80,108.40
1786364156.63,4754.71,10157330.57,231.45,115.72
1786364158.65,4756.72,10157562.01,231.45,115.72
1786364160.66,4758.73,10157795.41,233.40,116.70
1786364162.66,4760.74,10158023.93,228.52,114.26
1786364164.68,4762.75,10158200.68,176.76,88.38
1786364166.69,4764.76,10158431.64,230.96,115.48
1786364168.70,4766.77,10158634.28,202.64,101.32
1786364170.71,4768.78,10158867.19,232.91,116.46
1786364172.72,4770.79,10158935.55,68.36,34.18
1786364174.94,4773.01,10159184.57,249.02,124.51
1786364176.95,4775.03,10159413.09,228.52,114.26
1786364178.96,4777.03,10159644.04,230.96,115.48
1786364180.97,4779.04,10159865.23,221.19,110.60
1786364182.98,4781.06,10160110.35,245.12,122.56
1786364184.99,4783.07,10160312.99,202.64,101.32
1786364187.00,4785.07,10160536.13,223.14,111.57
1786364189.01,4787.08,10160745.12,208.98,104.49
1786364191.02,4789.09,10160908.20,163.09,81.54
1786364193.04,4791.11,10161038.09,129.88,64.94
1786364195.05,4793.12,10161268.55,230.47,115.23
1786364197.06,4795.13,10161500.49,231.93,115.97
1786364199.07,4797.14,10161716.80,216.31,108.15
1786364201.08,4799.15,10161958.50,241.70,120.85
1786364203.11,4801.18,10162168.46,209.96,104.98
1786364205.12,4803.19,10162385.74,217.29,108.64
1786364207.12,4805.20,10162617.68,231.93,115.97
1786364209.13,4807.21,10162814.45,196.78,98.39
1786364211.14,4809.22,10162970.70,156.25,78.12
1786364214.59,4812.66,10163270.51,299.80,149.90
1786364216.60,4814.68,10163501.95,231.45,115.72
1786364218.62,4816.69,10163733.89,231.93,115.97
1786364220.63,4818.70,10163965.33,231.45,115.72
1786364222.63,4820.71,10164181.15,215.82,107.91
1786364224.64,4822.71,10164400.39,219.24,109.62
1786364226.66,4824.73,10164630.37,229.98,114.99
1786364228.67,4826.74,10164861.82,231.45,115.72
1786364230.68,4828.75,10165001.95,140.14,70.07
1786364232.69,4830.76,10165157.23,155.27,77.64
1786364234.69,4832.77,10165389.16,231.93,115.97
1786364236.70,4834.77,10165595.70,206.54,103.27
1786364238.71,4836.78,10165825.68,229.98,114.99
1786364240.72,4838.79,10166045.90,220.21,110.11
1786364242.73,4840.80,10166241.21,195.31,97.66
1786364244.74,4842.81,10166460.45,219.24,109.62
1786364246.75,4844.82,10166691.89,231.45,115.72
1786364248.76,4846.83,10166921.88,229.98,114.99
1786364250.77,4848.84,10167069.34,147.46,73.73
1786364253.49,4851.57,10167315.43,246.09,123.05
1786364255.50,4853.57,10167562.50,247.07,123.54
1786364257.51,4855.59,10167794.92,232.42,116.21
1786364259.52,4857.59,10168010.25,215.33,107.67
1786364261.53,4859.61,10168259.77,249.51,124.76
1786364263.55,4861.62,10168456.54,196.78,98.39
1786364265.56,4863.63,10168679.69,223.14,111.57
1786364267.56,4865.64,10168894.53,214.84,107.42
1786364269.57,4867.65,10169065.92,171.39,85.69
1786364271.65,4869.73,10169212.40,146.48,73.24
1786364273.67,4871.74,10169444.34,231.93,115.97
1786364275.69,4873.76,10169681.15,236.82,118.41
1786364277.70,4875.77,10169900.88,219.73,109.86
1786364279.71,4877.78,10170117.68,216.80,108.40
1786364281.72,4879.79,10170348.63,230.96,115.48
1786364283.73,4881.80,10170580.57,231.93,115.97
1786364285.74,4883.81,10170812.99,232.42,116.21
1786364287.75,4885.82,10171029.79,216.80,108.40
1786364289.76,4887.83,10171135.25,105.47,52.73
1786364291.83,4889.90,10171275.88,140.62,70.31
1786364293.84,4891.91,10171508.30,232.42,116.21
1786364295.85,4893.92,10171738.28,229.98,114.99
1786364297.86,4895.93,10171970.21,231.93,115.97
1786364299.87,4897.94,10172185.06,214.84,107.42
1786364301.88,4899.95,10172413.57,228.52,114.26
1786364303.89,4901.96,10172625.00,211.43,105.71
1786364305.90,4903.97,10172812.99,187.99,93.99
1786364307.91,4905.98,10173045.90,232.91,116.46
1786364309.92,4908.00,10173160.16,114.26,57.13
1786364311.96,4910.04,10173398.44,238.28,119.14
1786364313.97,4912.04,10173610.35,211.91,105.96
1786364315.99,4914.06,10173814.94,204.59,102.29
1786364317.99,4916.07,10174022.95,208.01,104.00
1786364320.00,4918.08,10174244.14,221.19,110.60
1786364322.01,4920.09,10174474.12,229.98,114.99
1786364324.03,4922.10,10174705.57,231.45,115.72
1786364326.04,4924.11,10174940.43,234.86,117.43
1786364328.20,4926.27,10175181.64,241.21,120.61
1786364330.21,4928.28,10175315.43,133.79,66.89
1786364332.22,4930.29,10175541.02,225.59,112.79
1786364334.23,4932.30,10175772.46,231.45,115.72
1786364336.24,4934.31,10176005.37,232.91,116.46
1786364338.25,4936.32,10176238.77,233.40,116.70
1786364340.26,4938.33,10176470.21,231.45,115.72
1786364342.27,4940.35,10176701.66,231.45,115.72
1786364344.28,4942.36,10176934.08,232.42,116.21
1786364346.31,4944.38,10177150.39,216.31,108.15
1786364348.32,4946.39,10177238.28,87.89,43.95
1786364351.14,4949.21,10177425.29,187.01,93.51
1786364353.15,4951.22,10177657.71,232.42,116.21
1786364355.16,4953.24,10177888.67,230.96,115.48
1786364357.18,4955.25,10178119.63,230.96,115.48
1786364359.19,4957.26,10178351.56,231.93,115.97
1786364361.19,4959.27,10178575.68,224.12,112.06
1786364363.20,4961.27,10178795.41,219.73,109.86
1786364365.21,4963.28,10179033.69,238.28,119.14
1786364367.22,4965.29,10179251.46,217.77,108.89
1786364369.30,4967.37,10179307.62,56.15,28.08
1786364371.39,4969.47,10179550.78,243.16,121.58
1786364373.41,4971.48,10179784.18,233.40,116.70
1786364375.41,4973.49,10180012.21,228.03,114.01
1786364377.42,4975.49,10180221.68,209.47,104.74
1786364379.44,4977.51,10180453.61,231.93,115.97
1786364381.45,4979.52,10180685.55,231.93,115.97
1786364383.46,4981.53,10180920.90,235.35,117.68
1786364385.47,4983.54,10181151.37,230.47,115.23
1786364387.48,4985.56,10181296.88,145.51,72.75
1786364389.56,4987.63,10181403.81,106.93,53.47
1786364391.57,4989.64,10181634.77,230.96,115.48
1786364393.58,4991.65,10181860.35,225.59,112.79
1786364395.59,4993.66,10182079.10,218.75,109.38
1786364397.60,4995.67,10182311.52,232.42,116.21
1786364399.61,4997.68,10182540.53,229.00,114.50
1786364401.62,4999.69,10182771.97,231.45,115.72
1786364403.63,5001.70,10183003.42,231.45,115.72
1786364405.64,5003.71,10183234.86,231.45,115.72
1786364407.65,5005.72,10183350.10,115.23,57.62
1786364409.77,5007.84,10183521.00,170.90,85.45
1786364411.78,5009.85,10183726.07,205.08,102.54
1786364413.79,5011.86,10183960.45,234.38,117.19
1786364415.81,5013.88,10184192.38,231.93,115.97
1786364418.02,5016.09,10184423.34,230.96,115.48
1786364420.03,5018.10,10184656.74,233.40,116.70
1786364422.18,5020.25,10184887.70,230.96,115.48
1786364424.19,5022.26,10185119.63,231.93,115.97
1786364426.20,5024.28,10185351.56,231.93,115.97
1786364428.21,5026.29,10185438.96,87.40,43.70
1786364430.29,5028.36,10185570.80,131.84,65.92
1786364432.30,5030.37,10185665.53,94.73,47.36
1786364434.31,5032.38,10185898.44,232.91,116.46
1786364436.32,5034.39,10186106.45,208.01,104.00
1786364438.33,5036.40,10186333.98,227.54,113.77
1786364440.34,5038.41,10186565.43,231.45,115.72
1786364442.35,5040.42,10186797.85,232.42,116.21
1786364444.36,5042.43,10187031.74,233.89,116.94
1786364446.37,5044.44,10187264.16,232.42,116.21
1786364448.38,5046.45,10187412.11,147.95,73.97
1786364450.45,5048.52,10187512.70,100.59,50.29
1786364452.46,5050.53,10187728.52,215.82,107.91
1786364454.47,5052.54,10187958.01,229.49,114.75
1786364456.48,5054.56,10188189.94,231.93,115.97
1786364458.49,5056.57,10188420.90,230.96,115.48
1786364460.51,5058.58,10188654.30,233.40,116.70
1786364462.52,5060.59,10188887.21,232.91,116.46
1786364464.53,5062.60,10189118.65,231.45,115.72
1786364466.54,5064.61,10189350.10,231.45,115.72
1786364468.55,5066.62,10189464.36,114.26,57.13
1786364470.62,5068.70,10189619.14,154.79,77.39
1786364472.64,5070.71,10189849.12,229.98,114.99
1786364474.65,5072.72,10190080.57,231.45,115.72
1786364476.66,5074.73,10190314.45,233.89,116.94
1786364478.67,5076.74,10190546.39,231.93,115.97
1786364480.68,5078.75,10190771.97,225.59,112.79
1786364482.69,5080.76,10190980.47,208.50,104.25
1786364484.70,5082.77,10191187.99,207.52,103.76
1786364486.71,5084.78,10191389.16,201.17,100.59
1786364488.72,5086.79,10191530.76,141.60,70.80
1786364490.73,5088.81,10191746.58,215.82,107.91
1786364492.75,5090.82,10191944.34,197.75,98.88
1786364494.76,5092.83,10192172.36,228.03,114.01
1786364496.76,5094.84,10192376.46,204.10,102.05
1786364498.77,5096.85,10192584.96,208.50,104.25
1786364500.78,5098.86,10192815.43,230.47,115.23
1786364502.79,5100.86,10193046.88,231.45,115.72
1786364504.80,5102.87,10193262.21,215.33,107.67
1786364506.81,5104.88,10193483.40,221.19,110.60
1786364508.82,5106.89,10193576.66,93.26,46.63
1786364510.85,5108.92,10193745.12,168.46,84.23
1786364512.86,5110.94,10193977.54,232.42,116.21
1786364514.88,5112.96,10194208.98,231.45,115.72
1786364516.89,5114.96,10194438.48,229.49,114.75
1786364518.90,5116.97,10194653.32,214.84,107.42
1786364520.91,5118.98,10194877.93,224.61,112.30
1786364522.92,5120.99,10195109.38,231.45,115.72
1786364524.93,5123.00,10195321.78,212.40,106.20
1786364526.94,5125.01,10195562.01,240.23,120.12
1786364528.95,5127.02,10195636.23,74.22,37.11
1786364530.96,5129.03,10195867.68,231.45,115.72
1786364532.97,5131.04,10196098.63,230.96,115.48
1786364534.98,5133.05,10196332.03,233.40,116.70
1786364536.99,5135.06,10196556.15,224.12,112.06
1786364539.00,5137.07,10196771.97,215.82,107.91
1786364541.01,5139.08,10197004.88,232.91,116.46
1786364543.02,5141.09,10197273.93,269.04,134.52
1786364545.02,5143.10,10197492.68,218.75,109.38
1786364547.03,5145.11,10197670.41,177.73,88.87
1786364549.17,5147.24,10197846.19,175.78,87.89
1786364551.17,5149.25,10198060.06,213.87,106.93
1786364553.18,5151.26,10198290.04,229.98,114.99
1786364555.19,5153.27,10198511.23,221.19,110.60
1786364557.20,5155.28,10198727.05,215.82,107.91
1786364559.21,5157.29,10198917.48,190.43,95.21
1786364561.22,5159.30,10199128.42,210.94,105.47
1786364563.24,5161.31,10199359.86,231.45,115.72
1786364565.25,5163.32,10199590.33,230.47,115.23
1786364567.26,5165.33,10199710.45,120.12,60.06
1786364569.27,5167.35,10199913.57,203.12,101.56
1786364571.29,5169.36,10200142.09,228.52,114.26
1786364573.30,5171.37,10200347.66,205.57,102.78
1786364575.30,5173.38,10200545.90,198.24,99.12
1786364577.31,5175.38,10200769.04,223.14,111.57
1786364579.32,5177.39,10200983.40,214.36,107.18
1786364581.33,5179.41,10201213.87,230.47,115.23
1786364583.35,5181.42,10201447.75,233.89,116.94
1786364585.36,5183.43,10201679.69,231.93,115.97
1786364587.37,5185.44,10201763.18,83.50,41.75
1786364589.64,5187.72,10202028.32,265.14,132.57
1786364591.65,5189.73,10202259.28,230.96,115.48
1786364593.66,5191.73,10202480.47,221.19,110.60
1786364595.67,5193.74,10202696.78,216.31,108.15
1786364597.68,5195.76,10202931.15,234.38,117.19
1786364599.69,5197.77,10203162.60,231.45,115.72
1786364601.71,5199.78,10203395.02,232.42,116.21
1786364603.72,5201.79,10203628.42,233.40,116.70
1786364605.72,5203.80,10203759.77,131.35,65.67
1786364607.76,5205.83,10203920.41,160.64,80.32
1786364609.77,5207.84,10204154.30,233.89,116.94
1786364611.78,5209.85,10204378.42,224.12,112.06
1786364613.79,5211.86,10204593.75,215.33,107.67
1786364615.80,5213.87,10204826.17,232.42,116.21
1786364617.81,5215.88,10205057.13,230.96,115.48
1786364619.82,5217.89,10205288.57,231.45,115.72
1786364621.83,5219.91,10205521.00,232.42,116.21
1786364623.84,5221.92,10205752.93,231.93,115.97
1786364625.87,5223.95,10205813.96,61.04,30.52
1786364627.91,5225.99,10206023.44,209.47,104.74
1786364629.93,5228.00,10206255.37,231.93,115.97
1786364631.94,5230.01,10206488.77,233.40,116.70
1786364633.95,5232.02,10206720.21,231.45,115.72
1786364635.96,5234.04,10206923.34,203.12,101.56
1786364637.97,5236.05,10207114.26,190.92,95.46
1786364639.98,5238.06,10207333.01,218.75,109.38
1786364641.99,5240.06,10207559.08,226.07,113.04
1786364644.00,5242.08,10207791.99,232.91,116.46
1786364646.01,5244.08,10207877.93,85.94,42.97
1786364648.02,5246.09,10208108.89,230.96,115.48
1786364650.03,5248.10,10208339.36,230.47,115.23
1786364652.24,5250.32,10208570.80,231.45,115.72
1786364654.25,5252.33,10208803.22,232.42,116.21
1786364656.27,5254.34,10209034.18,230.96,115.48
1786364658.28,5256.35,10209265.62,231.45,115.72
1786364660.28,5258.36,10209500.00,234.38,117.19
1786364662.29,5260.37,10209728.03,228.03,114.01
1786364664.31,5262.38,10209870.61,142.58,71.29
1786364667.21,5265.28,10210050.29,179.69,89.84
1786364669.22,5267.29,10210259.77,209.47,104.74
1786364671.24,5269.31,10210491.70,231.93,115.97
1786364673.25,5271.32,10210723.14,231.45,115.72
1786364675.26,5273.33,10210955.57,232.42,116.21
1786364677.27,5275.34,10211187.99,232.42,116.21
1786364679.28,5277.36,10211419.92,231.93,115.97
1786364681.30,5279.37,10211651.37,231.45,115.72
1786364683.30,5281.38,10211885.25,233.89,116.94
1786364685.31,5283.38,10211950.68,65.43,32.71
1786364687.85,5285.92,10212144.53,193.85,96.92
1786364689.87,5287.94,10212364.26,219.73,109.86
1786364691.88,5289.95,10212604.98,240.72,120.36
1786364693.89,5291.96,10212817.87,212.89,106.45
1786364695.90,5293.97,10213049.32,231.45,115.72
1786364697.91,5295.98,10213283.20,233.89,116.94
1786364699.92,5297.99,10213516.11,232.91,116.46
1786364701.93,5300.00,10213748.05,231.93,115.97
1786364703.94,5302.01,10213946.78,198.73,99.37
1786364705.95,5304.02,10214002.44,55.66,27.83
1786364708.01,5306.08,10214252.93,250.49,125.24
1786364710.10,5308.17,10214484.38,231.45,115.72
1786364712.12,5310.19,10214716.31,231.93,115.97
1786364714.13,5312.20,10214945.80,229.49,114.75
1786364716.14,5314.21,10215177.73,231.93,115.97
1786364718.15,5316.23,10215407.71,229.98,114.99
1786364720.17,5318.24,10215640.14,232.42,116.21
1786364722.18,5320.25,10215874.51,234.38,117.19
1786364724.19,5322.26,10216034.67,160.16,80.08
1786364726.22,5324.29,10216132.81,98.14,49.07
1786364728.23,5326.30,10216348.14,215.33,107.67
1786364730.24,5328.31,10216572.27,224.12,112.06
1786364732.25,5330.32,10216802.25,229.98,114.99
1786364734.26,5332.33,10217034.18,231.93,115.97
1786364736.27,5334.35,10217266.11,231.93,115.97
1786364738.29,5336.36,10217498.05,231.93,115.97
1786364740.30,5338.37,10217765.14,267.09,133.54
1786364742.31,5340.38,10217994.63,229.49,114.75
1786364744.32,5342.39,10218075.20,80.57,40.28
1786364746.53,5344.61,10218285.16,209.96,104.98
1786364748.54,5346.61,10218500.00,214.84,107.42
1786364750.55,5348.62,10218715.82,215.82,107.91
1786364752.56,5350.63,10218929.20,213.38,106.69
1786364754.57,5352.64,10219160.64,231.45,115.72
1786364756.58,5354.66,10219392.09,231.45,115.72
1786364758.60,5356.67,10219623.54,231.45,115.72
1786364760.61,5358.68,10219855.96,232.42,116.21
1786364762.62,5360.69,10220061.52,205.57,102.78
1786364764.63,5362.70,10220123.05,61.52,30.76
1786364766.70,5364.77,10220434.57,311.52,155.76
1786364768.71,5366.78,10220666.99,232.42,116.21
1786364770.72,5368.79,10220898.44,231.45,115.72
1786364772.73,5370.80,10221119.14,220.70,110.35
1786364774.73,5372.81,10221334.96,215.82,107.91
1786364776.75,5374.82,10221566.89,231.93,115.97
1786364778.76,5376.83,10221797.85,230.96,115.48
1786364780.77,5378.84,10222030.27,232.42,116.21
1786364782.78,5380.85,10222126.95,96.68,48.34
1786364785.70,5383.77,10222385.74,258.79,129.39
1786364787.71,5385.79,10222620.12,234.38,117.19
1786364789.72,5387.79,10222841.31,221.19,110.60
1786364791.73,5389.80,10223044.43,203.12,101.56
1786364793.74,5391.81,10223262.21,217.77,108.89
1786364795.75,5393.82,10223482.42,220.21,110.11
1786364797.76,5395.83,10223693.36,210.94,105.47
1786364799.77,5397.84,10223977.05,283.69,141.85
1786364801.78,5399.85,10224174.80,197.75,98.88
1786364803.91,5401.98,10224291.02,116.21,58.11
1786364805.93,5404.00,10224496.09,205.08,102.54
1786364807.94,5406.01,10224710.94,214.84,107.42
1786364809.95,5408.02,10224942.38,231.45,115.72
1786364811.96,5410.04,10225174.80,232.42,116.21
1786364813.98,5412.05,10225406.74,231.93,115.97
1786364815.99,5414.06,10225640.14,233.40,116.70
1786364818.00,5416.07,10225861.33,221.19,110.60
1786364820.00,5418.08,10226090.82,229.49,114.75
1786364822.01,5420.08,10226213.87,123.05,61.52
1786364824.04,5422.12,10226398.93,185.06,92.53
1786364826.05,5424.12,10226629.39,230.47,115.23
1786364828.06,5426.13,10226836.91,207.52,103.76
1786364830.11,5428.18,10227071.78,234.86,117.43
1786364832.13,5430.20,10227304.20,232.42,116.21
1786364834.14,5432.21,10227535.16,230.96,115.48
1786364836.15,5434.22,10227766.60,231.45,115.72
1786364838.16,5436.23,10227997.56,230.96,115.48
1786364840.17,5438.25,10228232.91,235.35,117.68
1786364842.28,5440.35,10228314.94,82.03,41.02
1786364844.29,5442.36,10228543.95,229.00,114.50
1786364846.30,5444.37,10228752.93,208.98,104.49
1786364848.31,5446.38,10228984.38,231.45,115.72
1786364850.32,5448.40,10229215.82,231.45,115.72
1786364852.34,5450.41,10229448.24,232.42,116.21
1786364854.35,5452.42,10229732.91,284.67,142.33
1786364856.36,5454.43,10229957.03,224.12,112.06
1786364858.37,5456.44,10230174.80,217.77,108.89
1786364860.37,5458.45,10230292.48,117.68,58.84
1786364862.49,5460.57,10230484.86,192.38,96.19
1786364864.50,5462.58,10230702.64,217.77,108.89
1786364866.51,5464.59,10230918.95,216.31,108.15
1786364868.52,5466.59,10231140.14,221.19,110.60
1786364870.53,5468.60,10231383.79,243.65,121.83
1786364872.54,5470.61,10231591.80,208.01,104.00
1786364874.55,5472.62,10231820.31,228.52,114.26
1786364876.56,5474.63,10232051.76,231.45,115.72
1786364878.57,5476.65,10232287.11,235.35,117.68
1786364880.59,5478.66,10232378.42,91.31,45.65
1786364882.61,5480.68,10232592.29,213.87,106.93
1786364884.62,5482.69,10232807.62,215.33,107.67
1786364886.63,5484.70,10233028.81,221.19,110.60
1786364888.64,5486.71,10233258.79,229.98,114.99
1786364890.65,5488.72,10233487.79,229.00,114.50
1786364892.66,5490.73,10233722.17,234.38,117.19
1786364894.67,5492.75,10233953.61,231.45,115.72
1786364896.69,5494.76,10234186.04,232.42,116.21
1786364898.69,5496.77,10234335.94,149.90,74.95
1786364900.72,5498.79,10234425.78,89.84,44.92
1786364902.73,5500.80,10234649.41,223.63,111.82
1786364904.74,5502.81,10234879.88,230.47,115.23
1786364906.75,5504.82,10235111.33,231.45,115.72
1786364908.76,5506.83,10235343.75,232.42,116.21
1786364910.77,5508.84,10235573.73,229.98,114.99
1786364912.78,5510.85,10235806.15,232.42,116.21
1786364914.79,5512.86,10236027.83,221.68,110.84
1786364916.81,5514.88,10236237.30,209.47,104.74
1786364918.82,5516.89,10236379.39,142.09,71.04
1786364921.06,5519.13,10236530.76,151.37,75.68
1786364923.07,5521.14,10236772.95,242.19,121.09
1786364925.08,5523.15,10237004.88,231.93,115.97
1786364927.09,5525.16,10237241.21,236.33,118.16
1786364929.10,5527.17,10237443.36,202.15,101.07
1786364931.11,5529.18,10237702.64,259.28,129.64
1786364933.12,5531.19,10237904.79,202.15,101.07
1786364935.13,5533.20,10238129.88,225.10,112.55
1786364937.14,5535.21,10238335.45,205.57,102.78
1786364939.15,5537.22,10238471.19,135.74,67.87
1786364941.17,5539.24,10238656.25,185.06,92.53
1786364943.18,5541.25,10238859.86,203.61,101.81
1786364945.19,5543.26,10239097.66,237.79,118.90
1786364947.20,5545.27,10239323.24,225.59,112.79
1786364949.21,5547.28,10239554.69,231.45,115.72
1786364951.22,5549.29,10239788.57,233.89,116.94
1786364953.23,5551.30,10240021.00,232.42,116.21
1786364955.24,5553.31,10240253.91,232.91,116.46
1786364957.25,5555.33,10240435.06,181.15,90.58
1786364959.26,5557.34,10240515.14,80.08,40.04
1786364961.36,5559.43,10240747.56,232.42,116.21
1786364963.37,5561.44,10240978.03,230.47,115.23
1786364965.38,5563.45,10241209.96,231.93,115.97
1786364967.39,5565.46,10241440.92,230.96,115.48
1786364969.40,5567.47,10241666.99,226.07,113.04
1786364971.41,5569.48,10241881.84,214.84,107.42
1786364973.42,5571.49,10242109.38,227.54,113.77
1786364975.43,5573.50,10242341.31,231.93,115.97
1786364977.44,5575.51,10242496.58,155.27,77.64
1786364981.02,5579.09,10242808.11,311.52,155.76
1786364983.29,5581.36,10243040.04,231.93,115.97
1786364985.30,5583.37,10243272.46,232.42,116.21
1786364987.31,5585.38,10243502.44,229.98,114.99
1786364989.32,5587.39,10243734.86,232.42,116.21
1786364991.33,5589.40,10243964.84,229.98,114.99
1786364993.34,5591.41,10244171.39,206.54,103.27
1786364995.35,5593.42,10244375.00,203.61,101.81
1786364997.36,5595.43,10244575.20,200.20,100.10
1786364999.37,5597.45,10244682.62,107.42,53.71
1786365001.41,5599.48,10244921.88,239.26,119.63
1786365003.42,5601.49,10245136.72,214.84,107.42
1786365005.42,5603.50,10245357.91,221.19,110.60
1786365007.44,5605.51,10245589.36,231.45,115.72
1786365009.45,5607.52,10245869.14,279.79,139.89
1786365011.46,5609.53,10246081.54,212.40,106.20
1786365013.47,5611.54,10246289.55,208.01,104.00
1786365015.48,5613.55,10246497.56,208.01,104.00
1786365017.49,5615.56,10246631.35,133.79,66.89
1786365019.50,5617.57,10246773.93,142.58,71.29
1786365021.51,5619.58,10247046.39,272.46,136.23
1786365023.52,5621.59,10247277.83,231.45,115.72
1786365025.83,5623.90,10247511.23,233.40,116.70
1786365027.84,5625.91,10247742.68,231.45,115.72
1786365029.85,5627.92,10247974.12,231.45,115.72
1786365031.86,5629.93,10248183.11,208.98,104.49
1786365033.86,5631.94,10248391.60,208.50,104.25
1786365035.87,5633.95,10248601.07,209.47,104.74
1786365037.93,5636.01,10248676.76,75.68,37.84
1786365040.04,5638.11,10248904.79,228.03,114.01
1786365042.05,5640.12,10249136.72,231.93,115.97
1786365044.06,5642.13,10249368.65,231.93,115.97
1786365046.07,5644.14,10249603.52,234.86,117.43
1786365048.08,5646.15,10249829.59,226.07,113.04
1786365050.10,5648.18,10250055.66,226.07,113.04
1786365052.12,5650.19,10250240.23,184.57,92.29
1786365054.13,5652.20,10250443.36,203.12,101.56
1786365056.14,5654.21,10250649.90,206.54,103.27
1786365058.21,5656.29,10250760.74,110.84,55.42
1786365060.22,5658.29,10250991.70,230.96,115.48
1786365062.23,5660.30,10251226.56,234.86,117.43
1786365064.24,5662.32,10251457.52,230.96,115.48
1786365066.26,5664.33,10251688.96,231.45,115.72
1786365068.26,5666.33,10251920.90,231.93,115.97
1786365070.27,5668.35,10252122.07,201.17,100.59
1786365072.28,5670.35,10252353.03,230.96,115.48
1786365074.29,5672.36,10252563.48,210.45,105.22
1786365076.30,5674.37,10252695.31,131.84,65.92
1786365079.51,5677.59,10252998.05,302.73,151.37
1786365081.52,5679.59,10253229.98,231.93,115.97
1786365083.53,5681.60,10253459.96,229.98,114.99
1786365085.54,5683.61,10253669.43,209.47,104.74
1786365087.55,5685.62,10253896.48,227.05,113.53
1786365089.56,5687.63,10254104.49,208.01,104.00
1786365091.57,5689.64,10254326.66,222.17,111.08
1786365093.57,5691.65,10254558.11,231.45,115.72
1786365095.58,5693.65,10254730.96,172.85,86.43
1786365097.61,5695.68,10254879.88,148.93,74.46
1786365099.70,5697.77,10255096.19,216.31,108.15
1786365101.71,5699.78,10255323.73,227.54,113.77
1786365103.72,5701.79,10255543.95,220.21,110.11
1786365105.72,5703.80,10255775.39,231.45,115.72
1786365107.74,5705.81,10256008.79,233.40,116.70
1786365109.75,5707.82,10256225.59,216.80,108.40
1786365111.75,5709.83,10256443.36,217.77,108.89
1786365113.77,5711.84,10256673.83,230.47,115.23
1786365115.78,5713.85,10256787.11,113.28,56.64
1786365117.79,5715.86,10256932.62,145.51,72.75
1786365119.80,5717.87,10257166.02,233.40,116.70
1786365121.81,5719.88,10257386.72,220.70,110.35
1786365123.82,5721.89,10257649.90,263.18,131.59
1786365125.83,5723.90,10257858.40,208.50,104.25
1786365127.84,5725.91,10258079.10,220.70,110.35
1786365129.85,5727.92,10258295.41,216.31,108.15
1786365131.86,5729.93,10258527.83,232.42,116.21
1786365133.87,5731.94,10258761.23,233.40,116.70
1786365135.88,5733.95,10258852.54,91.31,45.65
1786365137.89,5735.96,10258993.65,141.11,70.56
1786365139.90,5737.97,10259225.59,231.93,115.97
1786365141.91,5739.98,10259456.54,230.96,115.48
1786365143.92,5742.00,10259687.99,231.45,115.72
1786365145.93,5744.01,10259920.41,232.42,116.21
1786365147.94,5746.01,10260151.37,230.96,115.48
1786365149.95,5748.02,10260356.45,205.08,102.54
1786365151.96,5750.03,10260586.43,229.98,114.99
1786365153.97,5752.05,10260821.29,234.86,117.43
1786365155.98,5754.06,10260890.14,68.85,34.42
1786365158.01,5756.08,10261081.54,191.41,95.70
1786365160.01,5758.09,10261312.50,230.96,115.48
1786365162.03,5760.10,10261529.79,217.29,108.64
1786365164.04,5762.11,10261749.02,219.24,109.62
1786365166.05,5764.12,10261982.42,233.40,116.70
1786365168.06,5766.13,10262214.36,231.93,115.97
1786365170.07,5768.14,10262447.27,232.91,116.46
1786365172.08,5770.15,10262679.69,232.42,116.21
1786365174.09,5772.16,10262865.23,185.55,92.77
1786365176.92,5774.99,10263053.71,188.48,94.24
1786365178.93,5777.00,10263236.33,182.62,91.31
1786365180.94,5779.01,10263446.29,209.96,104.98
1786365182.95,5781.02,10263673.34,227.05,113.53
1786365184.96,5783.03,10263907.23,233.89,116.94
1786365186.97,5785.04,10264139.65,232.42,116.21
1786365188.98,5787.05,10264371.09,231.45,115.72
1786365190.99,5789.06,10264592.77,221.68,110.84
1786365193.00,5791.07,10264806.64,213.87,106.93
1786365195.01,5793.08,10264935.06,128.42,64.21
1786365197.10,5795.17,10265099.61,164.55,82.28
1786365199.11,5797.18,10265329.59,229.98,114.99
1786365201.12,5799.19,10265552.25,222.66,111.33
1786365203.13,5801.20,10265775.39,223.14,111.57
1786365205.14,5803.21,10266005.37,229.98,114.99
1786365207.15,5805.22,10266249.51,244.14,122.07
1786365209.16,5807.23,10266460.94,211.43,105.71
1786365211.16,5809.24,10266687.50,226.56,113.28
1786365213.18,5811.25,10266918.46,230.96,115.48
1786365215.19,5813.26,10267004.88,86.43,43.21
1786365217.34,5815.41,10267188.96,184.08,92.04
1786365219.35,5817.42,10267424.80,235.84,117.92
1786365221.36,5819.43,10267640.14,215.33,107.67
1786365223.37,5821.44,10267846.68,206.54,103.27
1786365225.38,5823.45,10268115.23,268.55,134.28
1786365227.39,5825.46,10268351.56,236.33,118.16
1786365229.63,5827.70,10268583.50,231.93,115.97
1786365231.64,5829.71,10268818.36,234.86,117.43
1786365233.65,5831.72,10268991.70,173.34,86.67
1786365235.76,5833.83,10269077.64,85.94,42.97
1786365237.77,5835.84,10269315.43,237.79,118.90
1786365239.78,5837.85,10269544.43,229.00,114.50
1786365241.79,5839.86,10269771.48,227.05,113.53
1786365243.80,5841.87,10269979.49,208.01,104.00
1786365245.81,5843.88,10270209.96,230.47,115.23
1786365247.82,5845.89,10270442.38,232.42,116.21
1786365249.83,5847.90,10270674.80,232.42,116.21
1786365251.84,5849.91,10270902.83,228.03,114.01
1786365253.85,5851.92,10271110.35,207.52,103.76
1786365255.86,5853.93,10271210.45,100.10,50.05
1786365258.20,5856.27,10271485.84,275.39,137.70
1786365260.21,5858.29,10271717.29,231.45,115.72
1786365262.23,5860.30,10271951.17,233.89,116.94
1786365264.24,5862.31,10272181.64,230.47,115.23
1786365266.25,5864.32,10272413.57,231.93,115.97
1786365268.25,5866.33,10272635.74,222.17,111.08
1786365270.26,5868.34,10272852.05,216.31,108.15
1786365272.27,5870.34,10273070.80,218.75,109.38
1786365274.64,5872.72,10273203.61,132.81,66.41
1786365276.67,5874.74,10273407.71,204.10,102.05
1786365278.67,5876.75,10273627.44,219.73,109.86
1786365280.68,5878.76,10273848.63,221.19,110.60
1786365282.69,5880.77,10274077.64,229.00,114.50
1786365284.71,5882.78,10274309.08,231.45,115.72
1786365286.72,5884.79,10274540.04,230.96,115.48
1786365288.73,5886.80,10274771.48,231.45,115.72
1786365290.74,5888.81,10275001.95,230.47,115.23
1786365292.75,5890.82,10275126.95,125.00,62.50
1786365295.43,5893.51,10275367.68,240.72,120.36
1786365297.44,5895.51,10275585.45,217.77,108.89
1786365299.45,5897.52,10275773.44,187.99,93.99
1786365301.46,5899.53,10276002.93,229.49,114.75
1786365303.47,5901.54,10276220.21,217.29,108.64
1786365305.48,5903.55,10276439.94,219.73,109.86
1786365307.49,5905.56,10276667.48,227.54,113.77
1786365309.50,5907.57,10276904.79,237.30,118.65
1786365311.50,5909.58,10277132.81,228.03,114.01
1786365313.51,5911.59,10277272.46,139.65,69.82
1786365315.54,5913.61,10277367.68,95.21,47.61
1786365317.55,5915.62,10277583.01,215.33,107.67
1786365319.56,5917.63,10277804.20,221.19,110.60
1786365321.57,5919.64,10278036.62,232.42,116.21
1786365323.58,5921.65,10278269.04,232.42,116.21
1786365325.59,5923.66,10278502.93,233.89,116.94
1786365327.60,5925.67,10278729.00,226.07,113.04
1786365329.62,5927.69,10278910.16,181.15,90.58
1786365331.63,5929.70,10279113.77,203.61,101.81
1786365333.64,5931.71,10279232.91,119.14,59.57
1786365335.65,5933.73,10279403.81,170.90,85.45
1786365337.66,5935.74,10279638.67,234.86,117.43
1786365339.68,5937.75,10279840.33,201.66,100.83
1786365341.68,5939.76,10280046.88,206.54,103.27
1786365343.70,5941.77,10280279.79,232.91,116.46
1786365345.71,5943.78,10280510.74,230.96,115.48
1786365347.72,5945.79,10280731.93,221.19,110.60
1786365349.73,5947.80,10280948.24,216.31,108.15
1786365351.78,5949.86,10281180.18,231.93,115.97
1786365353.80,5951.87,10281289.55,109.38,54.69
1786365355.84,5953.91,10281469.24,179.69,89.84
1786365357.85,5955.92,10281720.70,251.46,125.73
1786365359.86,5957.93,10281923.34,202.64,101.32
1786365361.87,5959.94,10282138.18,214.84,107.42
1786365363.88,5961.95,10282370.61,232.42,116.21
1786365365.89,5963.97,10282601.56,230.96,115.48
1786365367.90,5965.98,10282832.03,230.47,115.23
1786365369.92,5967.99,10283064.94,232.91,116.46
1786365371.93,5970.00,10283258.79,193.85,96.92
1786365374.05,5972.13,10283381.35,122.56,61.28
1786365376.18,5974.25,10283622.07,240.72,120.36
1786365378.19,5976.26,10283824.71,202.64,101.32
1786365380.20,5978.27,10284040.04,215.33,107.67
1786365382.21,5980.28,10284253.91,213.87,106.93
1786365384.22,5982.29,10284488.77,234.86,117.43
1786365386.23,5984.30,10284687.50,198.73,99.37
1786365388.24,5986.31,10284921.39,233.89,116.94
1786365390.25,5988.32,10285154.30,232.91,116.46
1786365392.26,5990.33,10285353.52,199.22,99.61
1786365394.28,5992.35,10285468.75,115.23,57.62
1786365396.30,5994.38,10285637.70,168.95,84.47
1786365398.31,5996.39,10285914.55,276.86,138.43
1786365400.32,5998.40,10286099.12,184.57,92.29
1786365402.33,6000.40,10286320.31,221.19,110.60
1786365404.34,6002.41,10286547.85,227.54,113.77
1786365406.35,6004.43,10286780.27,232.42,116.21
1786365408.37,6006.44,10287010.74,230.47,115.23
1786365410.38,6008.45,10287241.70,230.96,115.48
1786365412.39,6010.46,10287383.30,141.60,70.80
1786365414.40,6012.47,10287510.74,127.44,63.72
1786365416.49,6014.56,10287778.81,268.07,134.03
1786365418.50,6016.57,10288002.93,224.12,112.06
1786365420.51,6018.58,10288215.82,212.89,106.45
1786365422.52,6020.59,10288435.06,219.24,109.62
1786365424.53,6022.60,10288639.16,204.10,102.05
1786365426.54,6024.61,10288868.65,229.49,114.75
1786365428.61,6026.68,10289099.61,230.96,115.48
1786365430.62,6028.70,10289330.57,230.96,115.48
1786365432.63,6030.70,10289423.34,92.77,46.39
1786365434.76,6032.83,10289638.18,214.84,107.42
1786365436.78,6034.85,10289851.07,212.89,106.45
1786365438.79,6036.86,10290038.57,187.50,93.75
1786365440.80,6038.87,10290260.74,222.17,111.08
1786365442.81,6040.88,10290492.68,231.93,115.97
1786365444.82,6042.89,10290722.17,229.49,114.75
1786365446.83,6044.90,10290954.59,232.42,116.21
1786365448.84,6046.91,10291188.48,233.89,116.94
1786365450.85,6048.92,10291418.95,230.47,115.23
1786365452.98,6051.05,10291479.49,60.55,30.27
1786365454.99,6053.06,10291663.09,183.59,91.80
1786365457.00,6055.07,10291905.76,242.68,121.34
1786365459.01,6057.08,10292125.00,219.24,109.62
1786365461.02,6059.09,10292349.61,224.61,112.30
1786365463.11,6061.18,10292582.52,232.91,116.46
1786365465.12,6063.19,10292815.43,232.91,116.46
1786365467.13,6065.20,10293022.46,207.03,103.52
1786365469.15,6067.22,10293254.39,231.93,115.97
1786365471.16,6069.23,10293455.57,201.17,100.59
1786365473.17,6071.25,10293525.88,70.31,35.16
1786365475.51,6073.58,10293790.53,264.65,132.32
1786365477.52,6075.59,10294014.16,223.63,111.82
1786365479.53,6077.60,10294248.05,233.89,116.94
1786365481.54,6079.61,10294479.00,230.96,115.48
1786365483.55,6081.62,10294710.45,231.45,115.72
1786365485.56,6083.63,10294929.69,219.24,109.62
1786365487.57,6085.64,10295154.30,224.61,112.30
1786365489.58,6087.65,10295376.95,222.66,111.33
1786365491.59,6089.66,10295513.67,136.72,68.36
1786365493.66,6091.74,10295677.73,164.06,82.03
1786365495.67,6093.75,10295870.12,192.38,96.19
1786365497.68,6095.76,10296101.56,231.45,115.72
1786365499.70,6097.77,10296331.54,229.98,114.99
1786365501.71,6099.78,10296563.96,232.42,116.21
1786365503.72,6101.79,10296794.92,230.96,115.48
1786365505.73,6103.80,10297025.88,230.96,115.48
1786365507.73,6105.81,10297257.32,231.45,115.72
1786365510.00,6108.07,10297491.21,233.89,116.94
1786365512.01,6110.08,10297577.64,86.43,43.21
1786365514.01,6112.09,10297759.77,182.13,91.06
1786365516.02,6114.10,10298032.23,272.46,136.23
1786365518.04,6116.11,10298242.19,209.96,104.98
1786365520.04,6118.12,10298458.50,216.31,108.15
1786365522.05,6120.12,10298675.29,216.80,108.40
1786365524.06,6122.13,10298880.37,205.08,102.54
1786365526.07,6124.15,10299116.21,235.84,117.92
1786365528.09,6126.16,10299349.61,233.40,116.70
1786365530.23,6128.30,10299562.50,212.89,106.45
1786365532.27,6130.34,10299666.99,104.49,52.25
1786365534.29,6132.36,10299845.70,178.71,89.36
1786365536.30,6134.37,10300077.15,231.45,115.72
1786365538.31,6136.38,10300310.06,232.91,116.46
1786365540.32,6138.39,10300543.46,233.40,116.70
1786365542.33,6140.40,10300752.44,208.98,104.49
1786365544.34,6142.41,10300918.46,166.02,83.01
1786365546.35,6144.42,10301148.93,230.47,115.23
1786365548.35,6146.43,10301354.00,205.08,102.54
1786365550.37,6148.44,10301586.91,232.91,116.46
1786365552.38,6150.45,10301696.78,109.86,54.93
1786365554.65,6152.72,10301955.08,258.30,129.15
1786365556.66,6154.73,10302187.50,232.42,116.21
1786365558.67,6156.74,10302418.95,231.45,115.72
1786365560.68,6158.75,10302651.37,232.42,116.21
1786365562.69,6160.76,10302867.19,215.82,107.91
1786365564.70,6162.77,10303087.89,220.70,110.35
1786365566.71,6164.78,10303317.87,229.98,114.99
1786365568.72,6166.80,10303549.32,231.45,115.72
1786365570.74,6168.81,10303691.89,142.58,71.29
1786365572.85,6170.92,10303863.77,171.88,85.94
1786365574.85,6172.93,10304094.24,230.47,115.23
1786365576.86,6174.94,10304312.01,217.77,108.89
1786365578.87,6176.94,10304529.30,217.29,108.64
1786365580.88,6178.96,10304760.74,231.45,115.72
1786365582.90,6180.97,10304993.16,232.42,116.21
1786365584.91,6182.98,10305225.10,231.93,115.97
1786365586.92,6184.99,10305456.54,231.45,115.72
1786365588.93,6187.00,10305686.52,229.98,114.99
1786365591.07,6189.14,10305734.38,47.85,23.93
1786365593.14,6191.21,10305960.94,226.56,113.28
1786365595.15,6193.22,10306192.87,231.93,115.97
1786365597.16,6195.23,10306423.34,230.47,115.23
1786365599.17,6197.24,10306655.76,232.42,116.21
1786365601.18,6199.25,10306887.21,231.45,115.72
1786365603.19,6201.26,10307123.05,235.84,117.92
1786365605.20,6203.27,10307339.84,216.80,108.40
1786365607.22,6205.29,10307520.02,180.18,90.09
1786365609.39,6207.46,10307742.68,222.66,111.33
1786365611.48,6209.55,10307837.89,95.21,47.61
1786365613.49,6211.56,10308050.29,212.40,106.20
1786365615.50,6213.57,10308281.74,231.45,115.72
1786365617.51,6215.58,10308512.70,230.96,115.48
1786365619.52,6217.59,10308747.07,234.38,117.19
1786365621.53,6219.60,10308973.63,226.56,113.28
1786365623.55,6221.62,10309205.08,231.45,115.72
1786365625.57,6223.64,10309390.14,185.06,92.53
1786365627.58,6225.65,10309587.40,197.27,98.63
1786365629.59,6227.66,10309769.53,182.13,91.06
1786365631.66,6229.73,10309895.02,125.49,62.74
1786365633.67,6231.74,10310168.46,273.44,136.72
1786365635.68,6233.76,10310386.23,217.77,108.89
1786365637.69,6235.77,10310605.96,219.73,109.86
1786365639.70,6237.78,10310837.40,231.45,115.72
1786365641.72,6239.79,10311068.85,231.45,115.72
1786365643.73,6241.80,10311301.27,232.42,116.21
1786365645.74,6243.81,10311531.74,230.47,115.23
1786365647.75,6245.82,10311762.70,230.96,115.48
1786365649.76,6247.83,10311833.01,70.31,35.16
1786365652.58,6250.65,10312086.91,253.91,126.95
1786365654.59,6252.66,10312311.52,224.61,112.30
1786365656.60,6254.67,10312529.79,218.26,109.13
1786365658.60,6256.68,10312745.61,215.82,107.91
1786365660.61,6258.68,10312976.07,230.47,115.23
1786365662.62,6260.69,10313208.98,232.91,116.46
1786365664.63,6262.70,10313438.48,229.49,114.75
1786365666.64,6264.71,10313646.97,208.50,104.25
1786365668.65,6266.72,10313852.05,205.08,102.54
1786365670.66,6268.74,10313948.73,96.68,48.34
1786365672.67,6270.75,10314230.47,281.74,140.87
1786365674.68,6272.75,10314459.96,229.49,114.75
1786365676.69,6274.76,10314675.78,215.82,107.91
1786365678.70,6276.77,10314902.83,227.05,113.53
1786365680.71,6278.78,10315126.95,224.12,112.06
1786365682.72,6280.79,10315324.71,197.75,98.88
1786365684.72,6282.80,10315550.78,226.07,113.04
1786365686.73,6284.81,10315763.67,212.89,106.45
1786365688.74,6286.81,10315932.62,168.95,84.47
1786365690.84,6288.92,10316084.96,152.34,76.17
1786365692.85,6290.92,10316302.73,217.77,108.89
1786365694.86,6292.93,10316523.44,220.70,110.35
1786365696.87,6294.94,10316753.42,229.98,114.99
1786365698.88,6296.95,10316982.91,229.49,114.75
1786365700.89,6298.96,10317180.18,197.27,98.63
1786365702.90,6300.97,10317400.88,220.70,110.35
1786365704.91,6302.98,10317617.19,216.31,108.15
1786365706.92,6304.99,10317831.54,214.36,107.18
1786365708.93,6307.00,10318004.39,172.85,86.43
1786365710.98,6309.05,10318154.30,149.90,74.95
1786365712.99,6311.06,10318392.09,237.79,118.90
1786365715.00,6313.07,10318610.84,218.75,109.38
1786365717.00,6315.08,10318821.29,210.45,105.22
1786365719.02,6317.09,10319053.22,231.93,115.97
1786365721.03,6319.10,10319284.67,231.45,115.72
1786365723.07,6321.15,10319517.09,232.42,116.21
1786365725.09,6323.16,10319750.00,232.91,116.46
1786365727.10,6325.17,10319966.31,216.31,108.15
1786365729.19,6327.26,10320061.52,95.21,47.61
1786365731.21,6329.28,10320253.91,192.38,96.19
1786365733.22,6331.29,10320484.86,230.96,115.48
1786365735.29,6333.37,10320715.33,230.47,115.23
1786365737.31,6335.38,10320946.29,230.96,115.48
1786365739.32,6337.39,10321177.25,230.96,115.48
1786365741.33,6339.40,10321410.16,232.91,116.46
1786365743.34,6341.41,10321644.04,233.89,116.94
1786365745.35,6343.42,10321849.61,205.57,102.78
1786365747.36,6345.43,10322011.23,161.62,80.81
1786365750.87,6348.94,10322312.01,300.78,150.39
1786365752.87,6350.95,10322542.97,230.96,115.48
1786365754.88,6352.96,10322774.41,231.45,115.72
1786365756.89,6354.97,10322974.12,199.71,99.85
1786365758.90,6356.97,10323208.98,234.86,117.43
1786365760.91,6358.98,10323425.78,216.80,108.40
1786365762.92,6360.99,10323629.88,204.10,102.05
1786365764.93,6363.00,10323852.54,222.66,111.33
1786365766.94,6365.01,10324037.11,184.57,92.29
1786365768.99,6367.06,10324169.92,132.81,66.41
1786365771.00,6369.07,10324402.34,232.42,116.21
1786365773.16,6371.24,10324636.23,233.89,116.94
1786365775.18,6373.25,10324867.68,231.45,115.72
1786365777.19,6375.26,10325100.10,232.42,116.21
1786365779.19,6377.27,10325312.01,211.91,105.96
1786365781.20,6379.28,10325514.16,202.15,101.07
1786365783.21,6381.29,10325711.91,197.75,98.88
1786365785.22,6383.30,10325943.36,231.45,115.72
1786365787.24,6385.31,10326082.03,138.67,69.34
1786365790.65,6388.73,10326355.47,273.44,136.72
1786365792.66,6390.73,10326551.27,195.80,97.90
1786365794.67,6392.74,10326780.76,229.49,114.75
1786365796.68,6394.75,10326986.33,205.57,102.78
1786365798.69,6396.77,10327217.29,230.96,115.48
1786365800.71,6398.78,10327448.73,231.45,115.72
1786365802.72,6400.79,10327679.69,230.96,115.48
1786365804.73,6402.80,10327914.55,234.86,117.43
1786365806.74,6404.81,10328117.19,202.64,101.32
1786365808.82,6406.89,10328173.34,56.15,28.08
1786365810.86,6408.93,10328495.12,321.78,160.89
1786365812.87,6410.94,10328717.77,222.66,111.33
1786365814.88,6412.95,10328931.15,213.38,106.69
1786365816.89,6414.96,10329163.57,232.42,116.21
1786365818.90,6416.97,10329396.00,232.42,116.21
1786365820.91,6418.98,10329630.86,234.86,117.43
1786365822.92,6420.99,10329863.77,232.91,116.46
1786365824.94,6423.01,10330061.52,197.75,98.88
1786365826.95,6425.02,10330172.36,110.84,55.42
1786365830.28,6428.35,10330449.71,277.34,138.67
1786365832.29,6430.36,10330649.41,199.71,99.85
1786365834.30,6432.37,10330857.42,208.01,104.00
1786365836.31,6434.38,10331083.50,226.07,113.04
1786365838.32,6436.39,10331315.43,231.93,115.97
1786365840.32,6438.40,10331534.18,218.75,109.38
1786365842.33,6440.41,10331752.44,218.26,109.13
1786365844.35,6442.42,10331985.35,232.91,116.46
1786365846.36,6444.43,10332191.89,206.54,103.27
1786365848.38,6446.45,10332266.11,74.22,37.11
1786365850.40,6448.47,10332562.99,296.88,148.44
1786365852.41,6450.48,10332796.88,233.89,116.94
1786365854.42,6452.49,10333015.62,218.75,109.38
1786365856.42,6454.50,10333228.52,212.89,106.45
1786365858.43,6456.50,10333458.01,229.49,114.75
1786365860.45,6458.53,10333654.79,196.78,98.39
1786365862.46,6460.54,10333846.19,191.41,95.70
1786365864.47,6462.54,10334131.35,285.16,142.58
1786365866.48,6464.55,10334256.35,125.00,62.50
1786365868.50,6466.57,10334488.28,231.93,115.97
1786365870.51,6468.59,10334719.24,230.96,115.48
1786365872.52,6470.60,10334951.66,232.42,116.21
1786365874.53,6472.60,10335155.76,204.10,102.05
1786365876.54,6474.61,10335375.49,219.73,109.86
1786365878.55,6476.62,10335600.59,225.10,112.55
1786365880.56,6478.63,10335794.92,194.34,97.17
1786365882.57,6480.64,10336017.58,222.66,111.33
1786365884.58,6482.65,10336238.28,220.70,110.35
1786365886.59,6484.66,10336335.45,97.17,48.58
1786365888.62,6486.70,10336573.73,238.28,119.14
1786365890.63,6488.70,10336805.66,231.93,115.97
1786365892.64,6490.71,10337033.69,228.03,114.01
1786365894.65,6492.72,10337241.70,208.01,104.00
1786365896.66,6494.74,10337477.05,235.35,117.68
1786365898.68,6496.75,10337706.54,229.49,114.75
1786365900.68,6498.76,10337915.53,208.98,104.49
1786365902.69,6500.77,10338117.19,201.66,100.83
1786365904.70,6502.77,10338313.96,196.78,98.39
1786365906.75,6504.82,10338431.15,117.19,58.59
1786365908.76,6506.83,10338662.60,231.45,115.72
1786365910.77,6508.84,10338874.51,211.91,105.96
1786365912.78,6510.85,10339102.05,227.54,113.77
1786365914.79,6512.86,10339332.52,230.47,115.23
1786365916.80,6514.87,10339564.94,232.42,116.21
1786365918.81,6516.88,10339772.95,208.01,104.00
1786365920.82,6518.89,10339969.24,196.29,98.14
1786365922.83,6520.90,10340197.27,228.03,114.01
1786365924.83,6522.91,10340368.65,171.39,85.69
1786365926.86,6524.94,10340521.97,153.32,76.66
1786365928.87,6526.94,10340756.84,234.86,117.43
1786365930.88,6528.96,10340988.77,231.93,115.97
1786365932.89,6530.96,10341221.19,232.42,116.21
1786365935.20,6533.27,10341453.12,231.93,115.97
1786365937.21,6535.28,10341669.43,216.31,108.15
1786365939.22,6537.29,10341891.60,222.17,111.08
1786365941.23,6539.30,10342122.56,230.96,115.48
1786365943.24,6541.31,10342347.66,225.10,112.55
1786365945.25,6543.32,10342445.31,97.66,48.83
1786365947.26,6545.33,10342530.27,84.96,42.48
1786365949.30,6547.37,10342702.64,172.36,86.18
1786365951.31,6549.38,10342915.53,212.89,106.45
1786365953.32,6551.39,10343148.93,233.40,116.70
1786365955.34,6553.41,10343380.37,231.45,115.72
1786365957.35,6555.43,10343583.50,203.12,101.56
1786365959.36,6557.43,10343776.37,192.87,96.44
1786365961.37,6559.45,10344007.32,230.96,115.48
1786365963.38,6561.46,10344240.23,232.91,116.46
1786365965.40,6563.47,10344418.95,178.71,89.36
1786365967.42,6565.50,10344557.62,138.67,69.34
1786365969.44,6567.51,10344789.55,231.93,115.97
1786365971.45,6569.52,10345021.97,232.42,116.21
1786365973.45,6571.53,10345253.42,231.45,115.72
1786365975.78,6573.85,10345487.79,234.38,117.19
1786365977.79,6575.86,10345720.21,232.42,116.21
1786365979.80,6577.87,10345939.45,219.24,109.62
1786365981.81,6579.88,10346134.77,195.31,97.66
1786365983.82,6581.89,10346364.26,229.49,114.75
1786365985.83,6583.90,10346468.75,104.49,52.25
1786365989.24,6587.31,10346743.65,274.90,137.45
1786365991.25,6589.32,10346962.89,219.24,109.62
1786365993.26,6591.33,10347169.43,206.54,103.27
1786365995.27,6593.34,10347393.07,223.63,111.82
1786365997.28,6595.35,10347609.38,216.31,108.15
1786365999.29,6597.37,10347841.31,231.93,115.97
1786366001.31,6599.38,10348072.75,231.45,115.72
1786366003.32,6601.39,10348306.15,233.40,116.70
1786366005.33,6603.40,10348508.30,202.15,101.07
1786366007.35,6605.42,10348641.60,133.30,66.65
1786366009.37,6607.44,10348834.96,193.36,96.68
1786366011.39,6609.46,10349052.73,217.77,108.89
1786366013.40,6611.47,10349271.00,218.26,109.13
1786366015.41,6613.48,10349501.95,230.96,115.48
1786366017.42,6615.50,10349735.84,233.89,116.94
1786366019.43,6617.51,10349967.77,231.93,115.97
1786366021.45,6619.52,10350203.12,235.35,117.68
1786366023.46,6621.53,10350435.55,232.42,116.21
1786366025.47,6623.54,10350647.46,211.91,105.96
1786366027.48,6625.56,10350781.25,133.79,66.89
1786366029.49,6627.57,10351011.72,230.47,115.23
1786366031.50,6629.57,10351229.98,218.26,109.13
1786366033.51,6631.58,10351449.22,219.24,109.62
1786366035.52,6633.60,10351682.62,233.40,116.70
1786366037.54,6635.61,10351918.95,236.33,118.16
1786366039.55,6637.62,10352149.90,230.96,115.48
1786366041.56,6639.63,10352438.96,289.06,144.53
1786366043.57,6641.64,10352591.80,152.83,76.42
1786366045.81,6643.89,10352791.50,199.71,99.85
1786366047.91,6645.98,10353032.71,241.21,120.61
1786366049.92,6647.99,10353263.18,230.47,115.23
1786366051.93,6650.00,10353487.30,224.12,112.06
1786366053.95,6652.02,10353702.15,214.84,107.42
1786366055.96,6654.03,10353901.37,199.22,99.61
1786366057.97,6656.04,10354126.95,225.59,112.79
1786366059.98,6658.05,10354341.31,214.36,107.18
1786366061.99,6660.06,10354568.36,227.05,113.53
1786366064.00,6662.07,10354668.46,100.10,50.05
1786366066.11,6664.18,10354887.70,219.24,109.62
1786366068.12,6666.19,10355122.07,234.38,117.19
1786366070.12,6668.20,10355352.05,229.98,114.99
1786366072.14,6670.21,10355551.76,199.71,99.85
1786366074.15,6672.22,10355784.67,232.91,116.46
1786366076.16,6674.23,10356015.14,230.47,115.23
1786366078.16,6676.24,10356246.58,231.45,115.72
1786366080.17,6678.24,10356475.59,229.00,114.50
1786366082.18,6680.25,10356655.76,180.18,90.09
1786366084.22,6682.29,10356744.63,88.87,44.43
1786366086.42,6684.49,10357031.25,286.62,143.31
1786366088.43,6686.50,10357262.70,231.45,115.72
1786366090.44,6688.51,10357494.14,231.45,115.72
1786366092.45,6690.52,10357716.31,222.17,111.08
1786366094.46,6692.53,10357906.74,190.43,95.21
1786366096.47,6694.54,10358112.79,206.05,103.03
1786366098.48,6696.55,10358333.01,220.21,110.11
1786366100.49,6698.56,10358567.38,234.38,117.19
1786366102.50,6700.57,10358724.61,157.23,78.61
1786366105.32,6703.39,10358956.05,231.45,115.72
1786366107.33,6705.40,10359187.99,231.93,115.97
1786366109.34,6707.41,10359420.90,232.91,116.46
1786366111.35,6709.42,10359653.32,232.42,116.21
1786366113.36,6711.43,10359875.49,222.17,111.08
1786366115.37,6713.44,10360105.47,229.98,114.99
1786366117.38,6715.45,10360302.25,196.78,98.39
1786366119.39,6717.46,10360508.79,206.54,103.27
1786366121.40,6719.47,10360729.98,221.19,110.60
1786366123.41,6721.48,10360791.02,61.04,30.52
1786366125.59,6723.66,10361046.88,255.86,127.93
1786366127.60,6725.67,10361281.74,234.86,117.43
1786366129.61,6727.68,10361513.18,231.45,115.72
1786366131.62,6729.69,10361746.58,233.40,116.70
1786366133.63,6731.70,10361954.59,208.01,104.00
1786366135.64,6733.71,10362166.99,212.40,106.20
1786366137.65,6735.72,10362402.83,235.84,117.92
1786366139.66,6737.73,10362593.26,190.43,95.21
1786366141.67,6739.74,10362773.44,180.18,90.09
1786366143.69,6741.76,10362847.17,73.73,36.87
1786366146.08,6744.15,10363139.65,292.48,146.24
1786366148.08,6746.16,10363370.61,230.96,115.48
1786366150.09,6748.16,10363603.03,232.42,116.21
1786366152.10,6750.18,10363784.18,181.15,90.58
1786366154.11,6752.18,10363997.07,212.89,106.45
1786366156.12,6754.19,10364213.87,216.80,108.40
1786366158.13,6756.21,10364444.82,230.96,115.48
1786366160.14,6758.22,10364677.25,232.42,116.21
1786366162.16,6760.23,10364809.57,132.32,66.16
1786366165.62,6763.69,10365084.47,274.90,137.45
1786366167.63,6765.70,10365295.90,211.43,105.71
1786366169.64,6767.71,10365524.41,228.52,114.26
1786366171.65,6769.72,10365743.16,218.75,109.38
1786366173.66,6771.73,10365959.96,216.80,108.40
1786366175.66,6773.74,10366184.08,224.12,112.06
1786366177.68,6775.75,10366415.53,231.45,115.72
1786366179.69,6777.76,10366647.46,231.93,115.97
1786366181.70,6779.77,10366851.07,203.61,101.81
1786366183.71,6781.79,10366911.13,60.06,30.03
1786366185.73,6783.80,10367147.95,236.82,118.41
1786366187.74,6785.81,10367380.37,232.42,116.21
1786366189.75,6787.83,10367612.30,231.93,115.97
1786366191.77,6789.84,10367841.80,229.49,114.75
1786366193.77,6791.85,10368053.71,211.91,105.96
1786366195.78,6793.85,10368284.18,230.47,115.23
1786366197.79,6795.87,10368515.62,231.45,115.72
1786366199.81,6797.88,10368749.02,233.40,116.70
1786366201.82,6799.89,10368890.14,141.11,70.56
1786366203.92,6801.99,10369006.35,116.21,58.11
1786366205.93,6804.00,10369238.77,232.42,116.21
1786366207.94,6806.01,10369453.61,214.84,107.42
1786366209.95,6808.02,10369679.20,225.59,112.79
1786366211.96,6810.03,10369912.11,232.91,116.46
1786366213.97,6812.04,10370144.53,232.42,116.21
1786366215.98,6814.05,10370376.95,232.42,116.21
1786366217.99,6816.06,10370608.40,231.45,115.72
1786366220.28,6818.35,10370838.38,229.98,114.99
1786366222.29,6820.36,10370953.61,115.23,57.62
1786366224.42,6822.49,10371126.46,172.85,86.43
1786366226.43,6824.50,10371349.12,222.66,111.33
1786366228.44,6826.51,10371561.52,212.40,106.20
1786366230.45,6828.52,10371794.43,232.91,116.46
1786366232.47,6830.54,10372024.90,230.47,115.23
1786366234.48,6832.55,10372257.32,232.42,116.21
1786366236.49,6834.57,10372488.77,231.45,115.72
1786366238.50,6836.58,10372723.63,234.86,117.43
1786366240.51,6838.58,10372935.06,211.43,105.71
1786366242.52,6840.59,10373005.37,70.31,35.16
1786366244.55,6842.62,10373224.61,219.24,109.62
1786366246.56,6844.63,10373456.54,231.93,115.97
1786366248.57,6846.64,10373686.04,229.49,114.75
1786366250.58,6848.65,10373917.97,231.93,115.97
1786366252.59,6850.66,10374144.53,226.56,113.28
1786366254.60,6852.67,10374356.45,211.91,105.96
1786366256.61,6854.68,10374587.40,230.96,115.48
1786366258.62,6856.69,10374819.82,232.42,116.21
1786366260.63,6858.71,10374993.65,173.83,86.91
1786366262.67,6860.74,10375079.10,85.45,42.72
1786366264.67,6862.75,10375311.52,232.42,116.21
1786366266.69,6864.76,10375543.95,232.42,116.21
1786366268.69,6866.77,10375778.81,234.86,117.43
1786366270.70,6868.77,10376006.84,228.03,114.01
1786366272.71,6870.78,10376216.80,209.96,104.98
1786366274.72,6872.79,10376478.03,261.23,130.62
1786366276.73,6874.80,10376708.50,230.47,115.23
1786366278.74,6876.81,10376938.48,229.98,114.99
1786366280.75,6878.83,10377063.48,125.00,62.50
1786366282.76,6880.84,10377196.78,133.30,66.65
1786366284.78,6882.85,10377431.15,234.38,117.19
1786366286.79,6884.86,10377663.09,231.93,115.97
1786366288.80,6886.87,10377894.53,231.45,115.72
1786366290.81,6888.88,10378111.33,216.80,108.40
1786366292.82,6890.89,10378343.75,232.42,116.21
1786366294.83,6892.90,10378566.41,222.66,111.33
1786366296.84,6894.91,10378792.48,226.07,113.04
1786366298.85,6896.92,10379028.81,236.33,118.16
1786366300.86,6898.93,10379167.48,138.67,69.34
1786366302.87,6900.94,10379332.03,164.55,82.28
1786366304.88,6902.95,10379565.43,233.40,116.70
1786366306.89,6904.97,10379795.90,230.47,115.23
1786366308.90,6906.98,10380026.37,230.47,115.23
1786366310.91,6908.98,10380257.81,231.45,115.72
1786366312.92,6911.00,10380489.26,231.45,115.72
1786366314.94,6913.01,10380722.66,233.40,116.70
1786366316.95,6915.02,10380954.10,231.45,115.72
1786366318.96,6917.03,10381114.26,160.16,80.08
1786366321.04,6919.11,10381212.89,98.63,49.32
1786366323.05,6921.12,10381430.18,217.29,108.64
1786366325.06,6923.13,10381650.39,220.21,110.11
1786366327.07,6925.14,10381883.30,232.91,116.46
1786366329.08,6927.15,10382116.21,232.91,116.46
1786366331.09,6929.16,10382347.17,230.96,115.48
1786366333.10,6931.18,10382583.98,236.82,118.41
1786366335.12,6933.19,10382790.53,206.54,103.27
1786366337.13,6935.20,10383007.32,216.80,108.40
1786366339.14,6937.21,10383169.43,162.11,81.05
1786366341.22,6939.30,10383327.15,157.71,78.86
1786366343.23,6941.31,10383545.90,218.75,109.38
1786366345.25,6943.32,10383777.83,231.93,115.97
1786366347.26,6945.33,10384008.30,230.47,115.23
1786366349.27,6947.34,10384240.23,231.93,115.97
1786366351.28,6949.35,10384472.17,231.93,115.97
1786366353.29,6951.37,10384688.48,216.31,108.15
1786366355.31,6953.38,10384911.13,222.66,111.33
1786366357.32,6955.39,10385135.74,224.61,112.30
1786366359.33,6957.40,10385273.44,137.70,68.85
1786366361.45,6959.52,10385499.51,226.07,113.04
1786366363.46,6961.53,10385722.17,222.66,111.33
1786366365.47,6963.54,10385954.10,231.93,115.97
1786366367.48,6965.55,10386184.08,229.98,114.99
1786366369.49,6967.56,10386408.20,224.12,112.06
1786366371.50,6969.57,10386625.00,216.80,108.40
1786366373.51,6971.58,10386842.77,217.77,108.89
1786366375.52,6973.59,10387080.57,237.79,118.90
1786366377.52,6975.60,10387247.56,166.99,83.50
1786366379.58,6977.66,10387333.50,85.94,42.97
1786366381.59,6979.67,10387569.34,235.84,117.92
1786366383.60,6981.67,10387778.81,209.47,104.74
1786366385.61,6983.69,10388011.72,232.91,116.46
1786366387.62,6985.69,10388178.71,166.99,83.50
1786366389.63,6987.70,10388403.32,224.61,112.30
1786366391.64,6989.71,10388619.14,215.82,107.91
1786366393.69,6991.76,10388850.10,230.96,115.48
1786366395.70,6993.77,10389081.54,231.45,115.72
1786366397.71,6995.78,10389307.13,225.59,112.79
1786366399.78,6997.85,10389431.15,124.02,62.01
1786366401.79,6999.86,10389691.89,260.74,130.37
1786366403.80,7001.87,10389893.07,201.17,100.59
1786366405.81,7003.88,10390125.98,232.91,116.46
1786366407.82,7005.89,10390360.84,234.86,117.43
1786366409.83,7007.91,10390594.24,233.40,116.70
1786366411.84,7009.91,10390811.52,217.29,108.64
1786366413.85,7011.92,10391029.30,217.77,108.89
1786366415.86,7013.94,10391262.70,233.40,116.70
1786366417.87,7015.95,10391368.65,105.96,52.98
1786366419.99,7018.07,10391527.34,158.69,79.35
1786366422.00,7020.08,10391791.02,263.67,131.84
1786366424.01,7022.09,10391994.14,203.12,101.56
1786366426.02,7024.10,10392217.77,223.63,111.82
1786366428.03,7026.10,10392449.71,231.93,115.97
1786366430.04,7028.12,10392682.62,232.91,116.46
1786366432.12,7030.19,10392914.06,231.45,115.72
1786366434.13,7032.20,10393146.97,232.91,116.46
1786366436.14,7034.22,10393355.96,208.98,104.49
1786366438.23,7036.30,10393476.56,120.61,60.30
1786366440.24,7038.32,10393649.90,173.34,86.67
1786366442.26,7040.33,10393882.32,232.42,116.21
1786366444.27,7042.34,10394114.26,231.93,115.97
1786366446.28,7044.35,10394334.47,220.21,110.11
1786366448.29,7046.36,10394552.73,218.26,109.13
1786366450.30,7048.37,10394776.37,223.63,111.82
1786366452.31,7050.38,10394999.02,222.66,111.33
1786366454.31,7052.39,10395211.43,212.40,106.20
1786366456.32,7054.40,10395397.46,186.04,93.02
1786366458.34,7056.41,10395544.43,146.97,73.49
1786366460.35,7058.42,10395711.91,167.48,83.74
1786366462.37,7060.44,10395931.64,219.73,109.86
1786366464.37,7062.45,10396148.44,216.80,108.40
1786366466.38,7064.46,10396344.24,195.80,97.90
1786366468.39,7066.46,10396576.66,232.42,116.21
1786366470.40,7068.47,10396800.29,223.63,111.82
1786366472.41,7070.48,10397016.11,215.82,107.91
1786366474.42,7072.49,10397247.56,231.45,115.72
1786366476.43,7074.51,10397453.12,205.57,102.78
1786366478.50,7076.57,10397601.07,147.95,73.97
1786366480.58,7078.65,10397822.27,221.19,110.60
1786366482.59,7080.66,10398040.04,217.77,108.89
1786366484.59,7082.67,10398265.62,225.59,112.79
1786366486.61,7084.68,10398458.98,193.36,96.68
1786366488.62,7086.69,10398665.53,206.54,103.27
1786366490.63,7088.70,10398877.44,211.91,105.96
1786366492.64,7090.71,10399107.42,229.98,114.99
1786366494.65,7092.72,10399379.39,271.97,135.99
1786366496.67,7094.74,10399524.41,145.02,72.51
1786366498.80,7096.88,10399725.10,200.68,100.34
1786366500.81,7098.89,10399960.45,235.35,117.68
1786366502.83,7100.90,10400192.38,231.93,115.97
1786366504.84,7102.91,10400405.27,212.89,106.45
1786366506.85,7104.92,10400629.39,224.12,112.06
1786366508.86,7106.93,10400859.38,229.98,114.99
1786366510.87,7108.94,10401090.82,231.45,115.72
1786366512.88,7110.95,10401322.75,231.93,115.97
1786366514.89,7112.96,10401520.02,197.27,98.63
1786366516.95,7115.02,10401611.33,91.31,45.65
1786366518.96,7117.03,10401818.85,207.52,103.76
1786366520.97,7119.05,10402049.80,230.96,115.48
1786366522.98,7121.05,10402275.39,225.59,112.79
1786366524.99,7123.06,10402485.35,209.96,104.98
1786366527.00,7125.07,10402715.82,230.47,115.23
1786366529.01,7127.09,10402947.75,231.93,115.97
1786366531.03,7129.10,10403184.08,236.33,118.16
1786366533.04,7131.11,10403416.02,231.93,115.97
1786366535.05,7133.12,10403572.27,156.25,78.12
1786366537.06,7135.13,10403663.57,91.31,45.65
1786366539.07,7137.14,10403879.88,216.31,108.15
1786366541.08,7139.15,10404110.35,230.47,115.23
1786366543.09,7141.16,10404342.77,232.42,116.21
1786366545.10,7143.18,10404574.22,231.45,115.72
1786366547.12,7145.19,10404809.57,235.35,117.68
1786366549.12,7147.19,10405041.50,231.93,115.97
1786366551.13,7149.20,10405274.90,233.40,116.70
1786366553.15,7151.22,10405497.56,222.66,111.33
1786366555.16,7153.24,10405616.70,119.14,59.57
1786366557.18,7155.25,10405743.16,126.46,63.23
1786366559.19,7157.26,10405968.75,225.59,112.79
1786366561.20,7159.27,10406201.66,232.91,116.46
1786366563.21,7161.28,10406436.52,234.86,117.43
1786366565.22,7163.30,10406669.43,232.91,116.46
1786366567.23,7165.30,10406890.14,220.70,110.35
1786366569.25,7167.32,10407116.70,226.56,113.28
1786366571.26,7169.33,10407363.77,247.07,123.54
1786366573.28,7171.35,10407539.55,175.78,87.89
1786366575.29,7173.36,10407666.50,126.95,63.48
1786366578.53,7176.60,10407957.03,290.53,145.26
1786366580.54,7178.61,10408163.57,206.54,103.27
1786366582.55,7180.62,10408393.55,229.98,114.99
1786366584.56,7182.64,10408625.49,231.93,115.97
1786366586.57,7184.65,10408856.45,230.96,115.48
1786366588.59,7186.66,10409088.87,232.42,116.21
1786366590.59,7188.67,10409297.85,208.98,104.49
1786366592.60,7190.67,10409526.37,228.52,114.26
1786366594.61,7192.69,10409681.64,155.27,77.64
1786366598.17,7196.25,10409990.72,309.08,154.54
1786366600.19,7198.26,10410224.12,233.40,116.70
1786366602.20,7200.27,10410455.57,231.45,115.72
1786366604.21,7202.28,10410688.48,232.91,116.46
1786366606.22,7204.29,10410688.48,0.00,0.00
1786366608.23,7206.30,10410709.96,21.48,10.74
1786366610.24,7208.32,10410724.12,14.16,7.08
1786366612.26,7210.33,10410724.12,0.00,0.00
1786366614.37,7212.45,10410813.96,89.84,44.92
1786366616.39,7214.46,10410872.56,58.59,29.30
1786366618.40,7216.47,10410911.13,38.57,19.29
1786366620.41,7218.48,10410936.04,24.90,12.45
1786366622.42,7220.49,10410936.04,0.00,0.00
1786366624.45,7222.52,10410936.04,0.00,0.00
1786366626.55,7224.62,10410960.94,24.90,12.45
1786366628.56,7226.63,10410980.47,19.53,9.77
1786366630.57,7228.65,10410996.58,16.11,8.06
1786366632.58,7230.66,10410996.58,0.00,0.00
