timestamp_sec,elapsed_sec,total_physical_mb_written,interval_mb_written,write_rate_mbps
1786373840.47,2.01,11095707.52,5.37,2.69
1786373842.48,4.03,11095788.57,81.05,40.53
1786373844.50,6.04,11095972.66,184.08,92.04
1786373846.52,8.06,11096184.08,211.43,105.71
1786373848.54,10.08,11096434.57,250.49,125.24
1786373850.56,12.10,11096663.09,228.52,114.26
1786373852.57,14.12,11096893.55,230.47,115.23
1786373854.59,16.14,11097124.02,230.47,115.23
1786373856.60,18.15,11097361.82,237.79,118.90
1786373858.61,20.15,11097592.77,230.96,115.48
1786373860.62,22.17,11097824.71,231.93,115.97
1786373862.63,24.18,11098056.64,231.93,115.97
1786373864.65,26.19,11098289.06,232.42,116.21
1786373866.66,28.20,11098522.46,233.40,116.70
1786373868.67,30.21,11098752.44,229.98,114.99
1786373870.68,32.22,11098984.86,232.42,116.21
1786373872.69,34.23,11099221.19,236.33,118.16
1786373874.70,36.24,11099451.66,230.47,115.23
1786373876.71,38.25,11099681.64,229.98,114.99
1786373878.72,40.27,11099911.13,229.49,114.75
1786373880.74,42.28,11100143.07,231.93,115.97
1786373882.75,44.29,11100375.00,231.93,115.97
1786373884.76,46.31,11100604.49,229.49,114.75
1786373886.78,48.32,11100867.19,262.70,131.35
1786373888.78,50.33,11101162.11,294.92,147.46
1786373890.80,52.34,11101394.04,231.93,115.97
1786373892.81,54.35,11101623.05,229.00,114.50
1786373894.82,56.36,11101854.00,230.96,115.48
1786373896.83,58.37,11102083.98,229.98,114.99
1786373898.84,60.38,11102284.18,200.20,100.10
1786373900.85,62.39,11102494.63,210.45,105.22
1786373902.86,64.40,11102724.61,229.98,114.99
1786373904.87,66.41,11102947.75,223.14,111.57
1786373906.88,68.42,11103174.32,226.56,113.28
1786373908.89,70.43,11103382.32,208.01,104.00
1786373910.90,72.44,11103614.75,232.42,116.21
1786373912.91,74.45,11103847.17,232.42,116.21
1786373914.92,76.46,11104076.66,229.49,114.75
1786373916.93,78.47,11104308.59,231.93,115.97
1786373918.94,80.49,11104543.95,235.35,117.68
1786373920.95,82.50,11104767.09,223.14,111.57
1786373922.96,84.51,11104979.00,211.91,105.96
1786373924.98,86.52,11105211.43,232.42,116.21
1786373926.99,88.53,11105443.36,231.93,115.97
1786373929.00,90.54,11105674.32,230.96,115.48
1786373931.01,92.55,11105905.27,230.96,115.48
1786373933.27,94.82,11106141.11,235.84,117.92
1786373935.28,96.83,11106376.95,235.84,117.92
1786373937.30,98.84,11106606.93,229.98,114.99
1786373939.31,100.85,11106826.17,219.24,109.62
1786373941.33,102.87,11107041.02,214.84,107.42
1786373943.33,104.88,11107218.26,177.25,88.62
1786373945.34,106.89,11107445.31,227.05,113.53
1786373947.36,108.90,11107677.25,231.93,115.97
1786373949.37,110.91,11107911.13,233.89,116.94
1786373951.38,112.92,11108056.15,145.02,72.51
1786373953.98,115.52,11108397.95,341.80,170.90
1786373955.99,117.53,11108604.98,207.03,103.52
1786373958.00,119.54,11108833.01,228.03,114.01
1786373960.01,121.55,11109064.94,231.93,115.97
1786373962.14,123.68,11109297.36,232.42,116.21
1786373964.15,125.69,11109531.74,234.38,117.19
1786373966.16,127.70,11109762.21,230.47,115.23
1786373968.17,129.71,11110018.07,255.86,127.93
1786373970.18,131.72,11110193.36,175.29,87.65
1786373972.19,133.73,11110479.49,286.13,143.07
1786373974.20,135.74,11110707.52,228.03,114.01
1786373976.21,137.75,11110917.48,209.96,104.98
1786373978.22,139.76,11111172.85,255.37,127.69
1786373980.23,141.77,11111399.90,227.05,113.53
1786373982.23,143.78,11111612.79,212.89,106.45
1786373984.24,145.78,11111834.47,221.68,110.84
1786373986.25,147.80,11112066.41,231.93,115.97
1786373988.27,149.82,11112206.05,139.65,69.82
1786373990.29,151.83,11112423.83,217.77,108.89
1786373992.29,153.84,11112642.58,218.75,109.38
1786373994.31,155.85,11112879.88,237.30,118.65
1786373996.35,157.90,11113110.84,230.96,115.48
1786373998.37,159.91,11113342.77,231.93,115.97
1786374000.38,161.92,11113574.71,231.93,115.97
1786374002.39,163.93,11113806.15,231.45,115.72
1786374004.40,165.94,11114025.39,219.24,109.62
1786374006.40,167.95,11114191.41,166.02,83.01
1786374008.60,170.14,11114475.59,284.18,142.09
1786374010.61,172.15,11114708.98,233.40,116.70
1786374012.62,174.17,11114933.11,224.12,112.06
1786374014.64,176.18,11115140.14,207.03,103.52
1786374016.65,178.19,11115359.86,219.73,109.86
1786374018.66,180.20,11115544.92,185.06,92.53
1786374020.67,182.21,11115773.93,229.00,114.50
1786374022.68,184.22,11116005.37,231.45,115.72
1786374024.69,186.23,11116214.36,208.98,104.49
1786374026.80,188.34,11116392.58,178.22,89.11
1786374028.81,190.35,11116625.00,232.42,116.21
1786374030.82,192.36,11116855.47,230.47,115.23
1786374032.83,194.37,11117071.29,215.82,107.91
1786374034.83,196.38,11117301.76,230.47,115.23
1786374036.84,198.38,11117505.37,203.61,101.81
1786374038.86,200.40,11117745.12,239.75,119.87
1786374040.87,202.41,11118023.93,278.81,139.40
1786374042.88,204.42,11118242.68,218.75,109.38
1786374044.98,206.52,11118461.91,219.24,109.62
1786374046.99,208.53,11118693.85,231.93,115.97
1786374049.00,210.54,11118925.29,231.45,115.72
1786374051.01,212.55,11119147.95,222.66,111.33
1786374053.03,214.57,11119359.38,211.43,105.71
1786374055.04,216.58,11119580.08,220.70,110.35
1786374057.05,218.59,11119771.48,191.41,95.70
1786374059.06,220.61,11120001.46,229.98,114.99
1786374061.08,222.62,11120230.96,229.49,114.75
1786374063.09,224.63,11120433.59,202.64,101.32
1786374065.10,226.64,11120605.47,171.88,85.94
1786374067.10,228.65,11120831.05,225.59,112.79
1786374069.11,230.65,11121062.99,231.93,115.97
1786374071.12,232.66,11121274.90,211.91,105.96
1786374073.13,234.67,11121502.44,227.54,113.77
1786374075.14,236.69,11121734.86,232.42,116.21
1786374077.16,238.70,11121967.29,232.42,116.21
1786374079.17,240.71,11122199.22,231.93,115.97
1786374081.18,242.72,11122403.81,204.59,102.29
1786374083.20,244.74,11122635.74,231.93,115.97
1786374085.21,246.75,11122866.21,230.47,115.23
1786374087.22,248.76,11123097.66,231.45,115.72
1786374089.23,250.77,11123333.01,235.35,117.68
1786374091.24,252.78,11123555.18,222.17,111.08
1786374093.27,254.81,11123732.42,177.25,88.62
1786374095.27,256.82,11123971.19,238.77,119.38
1786374097.28,258.83,11124172.36,201.17,100.59
1786374099.30,260.84,11124365.72,193.36,96.68
1786374101.33,262.88,11124607.42,241.70,120.85
1786374103.35,264.89,11124842.29,234.86,117.43
1786374105.35,266.90,11125057.13,214.84,107.42
1786374107.36,268.91,11125240.72,183.59,91.80
1786374109.37,270.91,11125449.71,208.98,104.49
1786374111.38,272.92,11125676.27,226.56,113.28
1786374113.39,274.94,11125972.17,295.90,147.95
1786374115.41,276.95,11126202.15,229.98,114.99
1786374117.41,278.95,11126406.74,204.59,102.29
1786374119.45,280.99,11126612.30,205.57,102.78
1786374121.46,283.00,11126871.58,259.28,129.64
1786374123.47,285.01,11127084.96,213.38,106.69
1786374125.48,287.02,11127321.78,236.82,118.41
1786374127.50,289.04,11127538.09,216.31,108.15
1786374129.51,291.05,11127739.75,201.66,100.83
1786374131.52,293.06,11127955.57,215.82,107.91
1786374133.53,295.07,11128182.62,227.05,113.53
1786374135.54,297.08,11128407.71,225.10,112.55
1786374137.55,299.09,11128599.61,191.89,95.95
1786374139.56,301.10,11128812.01,212.40,106.20
1786374141.57,303.11,11129010.25,198.24,99.12
1786374143.58,305.12,11129264.65,254.39,127.20
1786374145.59,307.13,11129487.30,222.66,111.33
1786374147.60,309.14,11129712.40,225.10,112.55
1786374149.61,311.15,11129933.59,221.19,110.60
1786374151.62,313.16,11130145.02,211.43,105.71
1786374153.63,315.17,11130376.46,231.45,115.72
1786374155.64,317.18,11130581.05,204.59,102.29
1786374157.65,319.20,11130812.01,230.96,115.48
1786374159.66,321.21,11131043.46,231.45,115.72
1786374161.68,323.22,11131275.39,231.93,115.97
1786374163.68,325.23,11131507.32,231.93,115.97
1786374165.69,327.23,11131734.38,227.05,113.53
1786374167.71,329.25,11131946.29,211.91,105.96
1786374169.71,331.26,11132196.78,250.49,125.24
1786374171.73,333.27,11132406.74,209.96,104.98
1786374173.74,335.28,11132577.64,170.90,85.45
1786374175.75,337.29,11132811.04,233.40,116.70
1786374177.76,339.30,11133042.97,231.93,115.97
1786374179.77,341.31,11133259.77,216.80,108.40
1786374181.78,343.32,11133479.98,220.21,110.11
1786374183.79,345.33,11133712.40,232.42,116.21
1786374185.81,347.35,11133943.36,230.96,115.48
1786374187.81,349.36,11134174.32,230.96,115.48
1786374189.82,351.36,11134393.55,219.24,109.62
1786374191.83,353.37,11134548.83,155.27,77.64
1786374193.88,355.42,11134789.06,240.23,120.12
1786374195.89,357.43,11135014.65,225.59,112.79
1786374197.90,359.44,11135245.61,230.96,115.48
1786374199.91,361.45,11135477.54,231.93,115.97
1786374201.93,363.47,11135710.94,233.40,116.70
1786374203.93,365.48,11135932.13,221.19,110.60
1786374205.94,367.48,11136150.39,218.26,109.13
1786374207.95,369.49,11136377.93,227.54,113.77
1786374209.96,371.51,11136586.91,208.98,104.49
1786374212.09,373.63,11136755.86,168.95,84.47
1786374214.10,375.65,11136988.28,232.42,116.21
1786374216.11,377.65,11137219.24,230.96,115.48
1786374218.12,379.66,11137432.62,213.38,106.69
1786374220.13,381.67,11137656.74,224.12,112.06
1786374222.14,383.68,11137885.25,228.52,114.26
1786374224.15,385.69,11138114.26,229.00,114.50
1786374226.16,387.70,11138334.47,220.21,110.11
1786374228.17,389.71,11138524.41,189.94,94.97
1786374230.18,391.72,11138731.45,207.03,103.52
1786374232.19,393.73,11138962.40,230.96,115.48
1786374234.20,395.74,11139194.34,231.93,115.97
1786374236.21,397.75,11139430.66,236.33,118.16
1786374238.49,400.03,11139659.18,228.52,114.26
1786374240.50,402.05,11139892.09,232.91,116.46
1786374242.52,404.06,11140128.42,236.33,118.16
1786374244.53,406.07,11140358.89,230.47,115.23
1786374246.54,408.08,11140591.31,232.42,116.21
1786374248.54,410.09,11140791.02,199.71,99.85
1786374250.55,412.10,11141025.88,234.86,117.43
1786374252.57,414.11,11141257.81,231.93,115.97
1786374254.58,416.12,11141479.98,222.17,111.08
1786374256.60,418.14,11141699.71,219.73,109.86
1786374258.61,420.15,11141896.97,197.27,98.63
1786374260.62,422.16,11142107.42,210.45,105.22
1786374262.63,424.17,11142326.17,218.75,109.38
1786374264.64,426.18,11142558.59,232.42,116.21
1786374266.65,428.20,11142715.82,157.23,78.61
1786374268.83,430.38,11142961.43,245.61,122.80
1786374270.84,432.38,11143190.92,229.49,114.75
1786374272.85,434.39,11143397.46,206.54,103.27
1786374274.86,436.40,11143601.56,204.10,102.05
1786374276.88,438.42,11143833.50,231.93,115.97
1786374278.89,440.43,11144064.94,231.45,115.72
1786374280.90,442.44,11144297.85,232.91,116.46
1786374282.91,444.46,11144531.25,233.40,116.70
1786374284.92,446.46,11144735.84,204.59,102.29
1786374286.97,448.51,11144955.57,219.73,109.86
1786374288.98,450.52,11145170.90,215.33,107.67
1786374290.99,452.53,11145408.69,237.79,118.90
1786374293.00,454.54,11145637.70,229.00,114.50
1786374295.01,456.55,11145832.52,194.82,97.41
1786374297.01,458.56,11146059.57,227.05,113.53
1786374299.02,460.56,11146275.88,216.31,108.15
1786374301.03,462.58,11146508.30,232.42,116.21
1786374303.04,464.59,11146744.63,236.33,118.16
1786374305.05,466.59,11146892.09,147.46,73.73
1786374307.06,468.60,11147116.70,224.61,112.30
1786374309.07,470.61,11147335.94,219.24,109.62
1786374311.08,472.62,11147553.71,217.77,108.89
1786374313.09,474.63,11147785.64,231.93,115.97
1786374315.10,476.64,11148019.04,233.40,116.70
1786374317.11,478.66,11148250.98,231.93,115.97
1786374319.13,480.67,11148485.35,234.38,117.19
1786374321.13,482.68,11148690.92,205.57,102.78
1786374323.15,484.69,11148867.68,176.76,88.38
1786374325.16,486.70,11149067.87,200.20,100.10
1786374327.17,488.71,11149300.29,232.42,116.21
1786374329.18,490.72,11149523.93,223.63,111.82
1786374331.22,492.76,11149741.70,217.77,108.89
1786374333.23,494.77,11149971.19,229.49,114.75
1786374335.24,496.78,11150188.96,217.77,108.89
1786374337.25,498.79,11150385.74,196.78,98.39
1786374339.26,500.80,11150606.45,220.70,110.35
1786374341.27,502.81,11150813.48,207.03,103.52
1786374343.28,504.82,11151018.55,205.08,102.54
1786374345.29,506.84,11151249.02,230.47,115.23
1786374347.31,508.85,11151480.96,231.93,115.97
1786374349.32,510.86,11151714.84,233.89,116.94
1786374351.33,512.87,11151945.31,230.47,115.23
1786374353.34,514.88,11152147.46,202.15,101.07
1786374355.35,516.89,11152339.84,192.38,96.19
1786374357.36,518.90,11152556.15,216.31,108.15
1786374359.37,520.91,11152789.06,232.91,116.46
1786374361.38,522.92,11152929.20,140.14,70.07
1786374363.39,524.94,11153172.36,243.16,121.58
1786374365.40,526.94,11153395.51,223.14,111.57
1786374367.41,528.95,11153625.98,230.47,115.23
1786374369.42,530.96,11153837.40,211.43,105.71
1786374371.43,532.97,11154062.01,224.61,112.30
1786374373.44,534.98,11154294.92,232.91,116.46
1786374375.46,537.00,11154558.59,263.67,131.84
1786374377.47,539.01,11154789.55,230.96,115.48
1786374379.48,541.02,11155007.32,217.77,108.89
1786374381.59,543.13,11155217.77,210.45,105.22
1786374383.60,545.14,11155505.37,287.60,143.80
1786374385.61,547.15,11155715.82,210.45,105.22
1786374387.62,549.16,11155952.64,236.82,118.41
1786374389.63,551.17,11156130.37,177.73,88.87
1786374391.64,553.18,11156348.14,217.77,108.89
1786374393.65,555.19,11156578.12,229.98,114.99
1786374395.66,557.20,11156812.50,234.38,117.19
1786374397.67,559.21,11156970.70,158.20,79.10
1786374399.68,561.22,11157174.32,203.61,101.81
1786374401.71,563.25,11157387.21,212.89,106.45
1786374403.72,565.26,11157618.16,230.96,115.48
1786374405.73,567.28,11157849.61,231.45,115.72
1786374407.74,569.29,11158083.50,233.89,116.94
1786374409.76,571.30,11158296.39,212.89,106.45
1786374411.76,573.31,11158521.48,225.10,112.55
1786374413.78,575.32,11158753.42,231.93,115.97
1786374415.79,577.33,11158985.35,231.93,115.97
1786374417.80,579.34,11159130.86,145.51,72.75
1786374419.81,581.35,11159363.77,232.91,116.46
1786374421.82,583.36,11159593.75,229.98,114.99
1786374423.83,585.37,11159823.24,229.49,114.75
1786374425.84,587.38,11160033.20,209.96,104.98
1786374427.85,589.39,11160262.21,229.00,114.50
1786374429.86,591.40,11160453.12,190.92,95.46
1786374431.87,593.41,11160687.50,234.38,117.19
1786374433.88,595.42,11160896.48,208.98,104.49
1786374435.89,597.43,11161090.33,193.85,96.92
1786374437.90,599.44,11161304.69,214.36,107.18
1786374439.92,601.47,11161535.16,230.47,115.23
1786374441.93,603.48,11161744.14,208.98,104.49
1786374443.94,605.49,11161923.34,179.20,89.60
1786374445.95,607.50,11162155.27,231.93,115.97
1786374447.96,609.51,11162387.21,231.93,115.97
1786374449.97,611.52,11162619.14,231.93,115.97
1786374451.99,613.53,11162850.10,230.96,115.48
1786374453.99,615.54,11163062.01,211.91,105.96
1786374456.00,617.54,11163135.25,73.24,36.62
1786374458.05,619.59,11163404.30,269.04,134.52
1786374460.06,621.60,11163634.77,230.47,115.23
1786374462.07,623.61,11163840.33,205.57,102.78
1786374464.08,625.62,11164049.80,209.47,104.74
1786374466.09,627.63,11164271.00,221.19,110.60
1786374468.10,629.64,11164496.58,225.59,112.79
1786374470.11,631.65,11164709.47,212.89,106.45
1786374472.12,633.66,11164933.59,224.12,112.06
1786374474.13,635.67,11165132.32,198.73,99.37
1786374476.19,637.74,11165268.07,135.74,67.87
1786374478.20,639.75,11165490.23,222.17,111.08
1786374480.21,641.76,11165712.89,222.66,111.33
1786374482.22,643.77,11165929.69,216.80,108.40
1786374484.23,645.78,11166127.93,198.24,99.12
1786374486.24,647.78,11166350.59,222.66,111.33
1786374488.25,649.79,11166562.01,211.43,105.71
1786374490.26,651.80,11166790.53,228.52,114.26
1786374492.27,653.82,11167022.95,232.42,116.21
1786374494.28,655.83,11167173.83,150.88,75.44
1786374497.32,658.86,11167457.52,283.69,141.85
1786374499.33,660.87,11167688.48,230.96,115.48
1786374501.34,662.88,11167901.37,212.89,106.45
1786374503.35,664.89,11168075.20,173.83,86.91
1786374505.36,666.90,11168315.43,240.23,120.12
1786374507.37,668.91,11168592.77,277.34,138.67
1786374509.38,670.92,11168796.88,204.10,102.05
1786374511.39,672.93,11169016.60,219.73,109.86
1786374513.40,674.94,11169187.50,170.90,85.45
1786374515.52,677.06,11169340.82,153.32,76.66
1786374517.53,679.08,11169545.90,205.08,102.54
1786374519.54,681.09,11169781.74,235.84,117.92
1786374521.56,683.10,11170008.79,227.05,113.53
1786374523.57,685.11,11170213.87,205.08,102.54
1786374525.58,687.12,11170405.27,191.41,95.70
1786374527.59,689.13,11170625.49,220.21,110.11
1786374529.60,691.14,11170856.45,230.96,115.48
1786374531.61,693.15,11171086.91,230.47,115.23
1786374533.62,695.17,11171217.29,130.37,65.19
1786374537.14,698.68,11171463.87,246.58,123.29
1786374539.15,700.69,11171682.62,218.75,109.38
1786374541.16,702.70,11171900.39,217.77,108.89
1786374543.17,704.71,11172131.84,231.45,115.72
1786374545.18,706.72,11172364.26,232.42,116.21
1786374547.19,708.73,11172591.80,227.54,113.77
1786374549.20,710.74,11172799.32,207.52,103.76
1786374551.21,712.75,11173037.11,237.79,118.90
1786374553.22,714.76,11173250.00,212.89,106.45
1786374555.30,716.84,11173300.78,50.78,25.39
1786374557.31,718.85,11173526.86,226.07,113.04
1786374559.32,720.87,11173759.77,232.91,116.46
1786374561.33,722.88,11173991.70,231.93,115.97
1786374563.34,724.89,11174196.29,204.59,102.29
1786374565.36,726.90,11174428.22,231.93,115.97
1786374567.37,728.91,11174662.60,234.38,117.19
1786374569.38,730.92,11174895.02,232.42,116.21
1786374571.39,732.93,11175123.54,228.52,114.26
1786374573.39,734.94,11175285.16,161.62,80.81
1786374575.42,736.96,11175380.86,95.70,47.85
1786374577.43,738.97,11175611.82,230.96,115.48
1786374579.44,740.98,11175818.36,206.54,103.27
1786374581.45,742.99,11176047.85,229.49,114.75
1786374583.46,745.00,11176284.18,236.33,118.16
1786374585.47,747.01,11176515.14,230.96,115.48
1786374587.48,749.02,11176747.56,232.42,116.21
1786374589.49,751.03,11176956.05,208.50,104.25
1786374591.50,753.04,11177178.71,222.66,111.33
1786374593.51,755.05,11177367.19,188.48,94.24
1786374595.53,757.07,11177457.52,90.33,45.17
1786374597.54,759.08,11177708.01,250.49,125.24
1786374599.55,761.09,11177938.96,230.96,115.48
1786374601.56,763.10,11178160.16,221.19,110.60
1786374603.57,765.11,11178381.35,221.19,110.60
1786374605.58,767.12,11178604.49,223.14,111.57
1786374607.59,769.13,11178836.43,231.93,115.97
1786374609.60,771.14,11179066.89,230.47,115.23
1786374611.61,773.15,11179345.70,278.81,139.40
1786374613.62,775.16,11179402.83,57.13,28.56
1786374615.66,777.20,11179616.70,213.87,106.93
1786374617.67,779.22,11179849.12,232.42,116.21
1786374619.68,781.23,11180066.41,217.29,108.64
1786374621.70,783.24,11180271.97,205.57,102.78
1786374623.71,785.25,11180516.11,244.14,122.07
1786374625.71,787.26,11180728.03,211.91,105.96
1786374627.72,789.27,11180945.31,217.29,108.64
1786374629.73,791.27,11181161.13,215.82,107.91
1786374631.74,793.29,11181393.55,232.42,116.21
1786374633.75,795.29,11181463.38,69.82,34.91
1786374636.14,797.68,11181709.47,246.09,123.05
1786374638.14,799.69,11181941.89,232.42,116.21
1786374640.16,801.70,11182140.14,198.24,99.12
1786374642.17,803.71,11182366.70,226.56,113.28
1786374644.17,805.72,11182602.54,235.84,117.92
1786374646.18,807.73,11182799.80,197.27,98.63
1786374648.19,809.73,11183018.07,218.26,109.13
1786374650.20,811.74,11183250.49,232.42,116.21
1786374652.21,813.75,11183436.04,185.55,92.77
1786374654.22,815.76,11183540.04,104.00,52.00
1786374656.23,817.77,11183825.20,285.16,142.58
1786374658.24,819.78,11184032.71,207.52,103.76
1786374660.25,821.79,11184246.58,213.87,106.93
1786374662.26,823.81,11184534.67,288.09,144.04
1786374664.28,825.82,11184766.60,231.93,115.97
1786374666.29,827.83,11184990.72,224.12,112.06
1786374668.29,829.84,11185197.27,206.54,103.27
1786374670.30,831.85,11185412.11,214.84,107.42
1786374672.31,833.85,11185544.43,132.32,66.16
1786374674.40,835.94,11185762.21,217.77,108.89
1786374676.41,837.95,11185969.73,207.52,103.76
1786374678.42,839.96,11186184.57,214.84,107.42
1786374680.43,841.97,11186416.50,231.93,115.97
1786374682.44,843.98,11186648.44,231.93,115.97
1786374684.45,845.99,11186881.35,232.91,116.46
1786374686.45,848.00,11187089.84,208.50,104.25
1786374688.46,850.01,11187317.87,228.03,114.01
1786374690.48,852.02,11187519.53,201.66,100.83
1786374692.54,854.09,11187604.98,85.45,42.72
1786374694.56,856.10,11187877.93,272.95,136.47
1786374696.57,858.11,11188021.48,143.55,71.78
1786374698.58,860.12,11188250.49,229.00,114.50
1786374700.59,862.14,11188481.45,230.96,115.48
1786374702.61,864.15,11188712.89,231.45,115.72
1786374704.62,866.16,11188950.68,237.79,118.90
1786374706.63,868.17,11189181.15,230.47,115.23
1786374708.64,870.18,11189409.67,228.52,114.26
1786374710.65,872.19,11189572.75,163.09,81.54
1786374712.71,874.25,11189669.92,97.17,48.58
1786374714.72,876.26,11189907.71,237.79,118.90
1786374716.73,878.28,11190117.19,209.47,104.74
1786374718.74,880.28,11190337.89,220.70,110.35
1786374720.76,882.30,11190574.22,236.33,118.16
1786374722.77,884.31,11190804.20,229.98,114.99
1786374724.78,886.32,11191036.62,232.42,116.21
1786374726.79,888.33,11191267.58,230.96,115.48
1786374728.80,890.34,11191493.65,226.07,113.04
1786374730.81,892.35,11191627.44,133.79,66.89
1786374733.31,894.85,11191823.73,196.29,98.14
1786374735.32,896.86,11192056.15,232.42,116.21
1786374737.33,898.88,11192288.09,231.93,115.97
1786374739.35,900.89,11192517.09,229.00,114.50
1786374741.36,902.90,11192749.02,231.93,115.97
1786374743.37,904.91,11192979.49,230.47,115.23
1786374745.38,906.92,11193187.01,207.52,103.76
1786374747.39,908.93,11193415.04,228.03,114.01
1786374749.40,910.94,11193646.00,230.96,115.48
1786374751.44,912.98,11193689.94,43.95,21.97
1786374753.45,914.99,11193939.45,249.51,124.76
1786374755.45,917.00,11194153.32,213.87,106.93
1786374757.47,919.01,11194383.79,230.47,115.23
1786374759.48,921.02,11194615.23,231.45,115.72
1786374761.49,923.03,11194847.17,231.93,115.97
1786374763.50,925.04,11195077.64,230.47,115.23
1786374765.51,927.05,11195308.11,230.47,115.23
1786374767.52,929.06,11195503.42,195.31,97.66
1786374769.57,931.12,11195690.92,187.50,93.75
1786374771.66,933.21,11195803.22,112.30,56.15
1786374773.67,935.21,11196034.18,230.96,115.48
1786374775.68,937.22,11196259.77,225.59,112.79
1786374777.69,939.23,11196469.24,209.47,104.74
1786374779.70,941.24,11196699.22,229.98,114.99
1786374781.71,943.25,11196936.52,237.30,118.65
1786374783.72,945.26,11197167.97,231.45,115.72
1786374785.73,947.27,11197397.95,229.98,114.99
1786374787.74,949.28,11197599.61,201.66,100.83
1786374789.75,951.29,11197742.68,143.07,71.53
1786374791.88,953.42,11197978.03,235.35,117.68
1786374793.90,955.44,11198210.94,232.91,116.46
1786374795.91,957.45,11198432.13,221.19,110.60
1786374797.92,959.46,11198629.88,197.75,98.88
1786374799.93,961.47,11198844.24,214.36,107.18
1786374801.94,963.48,11199063.48,219.24,109.62
1786374803.95,965.49,11199287.11,223.63,111.82
1786374805.96,967.50,11199519.53,232.42,116.21
1786374807.97,969.51,11199742.19,222.66,111.33
1786374809.98,971.52,11199830.57,88.38,44.19
1786374812.16,973.70,11200041.02,210.45,105.22
1786374814.17,975.71,11200300.29,259.28,129.64
1786374816.18,977.72,11200532.23,231.93,115.97
1786374818.20,979.74,11200763.18,230.96,115.48
1786374820.22,981.76,11200964.84,201.66,100.83
1786374822.23,983.77,11201160.16,195.31,97.66
1786374824.23,985.78,11201388.18,228.03,114.01
1786374826.24,987.79,11201605.47,217.29,108.64
1786374828.25,989.79,11201794.92,189.45,94.73
1786374830.35,991.90,11201940.43,145.51,72.75
1786374832.36,993.91,11202158.20,217.77,108.89
1786374834.37,995.92,11202389.16,230.96,115.48
1786374836.39,997.93,11202625.98,236.82,118.41
1786374838.39,999.94,11202856.93,230.96,115.48
1786374840.40,1001.94,11203082.03,225.10,112.55
1786374842.43,1003.97,11203282.23,200.20,100.10
1786374844.45,1005.99,11203477.05,194.82,97.41
1786374846.46,1008.00,11203701.66,224.61,112.30
1786374848.47,1010.01,11203835.94,134.28,67.14
1786374851.90,1013.44,11204085.45,249.51,124.76
1786374853.91,1015.45,11204304.20,218.75,109.38
1786374855.92,1017.46,11204517.09,212.89,106.45
1786374857.93,1019.47,11204739.26,222.17,111.08
1786374859.94,1021.48,11204975.59,236.33,118.16
1786374861.95,1023.49,11205205.57,229.98,114.99
1786374863.96,1025.51,11205437.50,231.93,115.97
1786374865.97,1027.52,11205667.97,230.47,115.23
1786374867.99,1029.53,11205871.09,203.12,101.56
1786374869.99,1031.54,11205959.96,88.87,44.43
1786374872.01,1033.55,11206167.97,208.01,104.00
1786374874.02,1035.56,11206399.41,231.45,115.72
1786374876.03,1037.57,11206630.86,231.45,115.72
1786374878.04,1039.58,11206864.26,233.40,116.70
1786374880.05,1041.59,11207095.70,231.45,115.72
1786374882.07,1043.61,11207325.20,229.49,114.75
1786374884.07,1045.62,11207533.69,208.50,104.25
1786374886.09,1047.63,11207766.11,232.42,116.21
1786374888.10,1049.64,11207924.80,158.69,79.35
1786374890.21,1051.75,11208029.79,104.98,52.49
1786374892.22,1053.76,11208260.74,230.96,115.48
1786374894.23,1055.77,11208492.68,231.93,115.97
1786374896.24,1057.78,11208705.57,212.89,106.45
1786374898.24,1059.79,11208930.66,225.10,112.55
1786374900.26,1061.80,11209163.57,232.91,116.46
1786374902.27,1063.81,11209396.00,232.42,116.21
1786374904.28,1065.82,11209626.95,230.96,115.48
1786374906.29,1067.83,11209821.78,194.82,97.41
1786374908.30,1069.84,11209959.47,137.70,68.85
1786374910.33,1071.87,11210121.58,162.11,81.05
1786374912.33,1073.88,11210348.14,226.56,113.28
1786374914.34,1075.88,11210556.64,208.50,104.25
1786374916.35,1077.90,11210788.57,231.93,115.97
1786374918.37,1079.91,11211024.41,235.84,117.92
1786374920.38,1081.92,11211260.25,235.84,117.92
1786374922.38,1083.93,11211471.68,211.43,105.71
1786374924.40,1085.94,11211674.80,203.12,101.56
1786374926.41,1087.95,11211885.74,210.94,105.47
1786374928.42,1089.96,11211992.68,106.93,53.47
1786374930.43,1091.98,11212208.01,215.33,107.67
1786374932.44,1093.98,11212445.31,237.30,118.65
1786374934.45,1096.00,11212664.06,218.75,109.38
1786374936.47,1098.01,11212987.79,323.73,161.87
1786374938.48,1100.02,11213197.75,209.96,104.98
1786374940.49,1102.03,11213445.80,248.05,124.02
1786374942.50,1104.04,11213651.37,205.57,102.78
1786374944.51,1106.05,11213882.81,231.45,115.72
1786374946.52,1108.06,11213958.50,75.68,37.84
1786374948.82,1110.36,11214160.64,202.15,101.07
1786374950.83,1112.37,11214374.51,213.87,106.93
1786374952.84,1114.38,11214583.01,208.50,104.25
1786374954.85,1116.39,11214812.99,229.98,114.99
1786374956.89,1118.44,11215042.97,229.98,114.99
1786374958.91,1120.45,11215274.41,231.45,115.72
1786374960.92,1122.46,11215507.81,233.40,116.70
1786374962.93,1124.47,11215740.23,232.42,116.21
1786374964.94,1126.48,11215946.78,206.54,103.27
1786374967.04,1128.59,11216047.36,100.59,50.29
1786374969.16,1130.70,11216244.63,197.27,98.63
1786374971.17,1132.71,11216476.07,231.45,115.72
1786374973.18,1134.72,11216707.03,230.96,115.48
1786374975.19,1136.74,11216937.99,230.96,115.48
1786374977.21,1138.75,11217170.41,232.42,116.21
1786374979.22,1140.76,11217401.86,231.45,115.72
1786374981.22,1142.77,11217633.30,231.45,115.72
1786374983.23,1144.78,11217845.21,211.91,105.96
1786374985.24,1146.78,11217994.14,148.93,74.46
1786374988.70,1150.24,11218308.11,313.96,156.98
1786374990.70,1152.25,11218522.95,214.84,107.42
1786374992.71,1154.26,11218739.26,216.31,108.15
1786374994.72,1156.27,11218956.05,216.80,108.40
1786374996.73,1158.27,11219167.97,211.91,105.96
1786374998.74,1160.28,11219378.91,210.94,105.47
1786375000.75,1162.29,11219606.45,227.54,113.77
1786375002.76,1164.30,11219843.26,236.82,118.41
1786375004.77,1166.32,11220029.79,186.52,93.26
1786375006.90,1168.44,11220181.15,151.37,75.68
1786375008.92,1170.46,11220469.73,288.57,144.29
1786375010.93,1172.47,11220675.78,206.05,103.03
1786375012.94,1174.48,11220895.02,219.24,109.62
1786375014.95,1176.49,11221113.77,218.75,109.38
1786375016.96,1178.50,11221348.63,234.86,117.43
1786375018.97,1180.51,11221580.57,231.93,115.97
1786375020.98,1182.52,11221811.52,230.96,115.48
1786375022.99,1184.53,11222068.85,257.32,128.66
1786375025.00,1186.54,11222143.07,74.22,37.11
1786375027.15,1188.69,11222326.66,183.59,91.80
1786375029.16,1190.71,11222558.59,231.93,115.97
1786375031.18,1192.73,11222791.02,232.42,116.21
1786375033.19,1194.73,11223026.37,235.35,117.68
1786375035.20,1196.74,11223238.28,211.91,105.96
1786375037.21,1198.75,11223465.33,227.05,113.53
1786375039.22,1200.76,11223693.85,228.52,114.26
1786375041.23,1202.78,11223916.02,222.17,111.08
1786375043.24,1204.78,11224113.77,197.75,98.88
1786375045.25,1206.79,11224185.55,71.78,35.89
1786375047.26,1208.81,11224419.43,233.89,116.94
1786375049.27,1210.82,11224652.83,233.40,116.70
1786375051.28,1212.83,11224884.28,231.45,115.72
1786375053.30,1214.84,11225115.72,231.45,115.72
1786375055.31,1216.85,11225346.68,230.96,115.48
1786375057.32,1218.86,11225578.61,231.93,115.97
1786375059.33,1220.87,11225810.55,231.93,115.97
1786375061.34,1222.88,11226014.16,203.61,101.81
1786375063.35,1224.89,11226159.67,145.51,72.75
1786375066.24,1227.78,11226457.03,297.36,148.68
1786375068.25,1229.79,11226651.86,194.82,97.41
1786375070.26,1231.80,11226883.79,231.93,115.97
1786375072.27,1233.81,11227113.77,229.98,114.99
1786375074.28,1235.82,11227345.70,231.93,115.97
1786375076.29,1237.83,11227573.73,228.03,114.01
1786375078.30,1239.84,11227780.76,207.03,103.52
1786375080.31,1241.85,11228018.07,237.30,118.65
1786375082.32,1243.86,11228201.17,183.11,91.55
1786375084.42,1245.96,11228288.57,87.40,43.70
1786375086.43,1247.97,11228535.16,246.58,123.29
1786375088.44,1249.98,11228768.07,232.91,116.46
1786375090.45,1251.99,11228970.70,202.64,101.32
1786375092.46,1254.00,11229200.20,229.49,114.75
1786375094.47,1256.01,11229431.64,231.45,115.72
1786375096.48,1258.02,11229651.86,220.21,110.11
1786375098.49,1260.03,11229871.09,219.24,109.62
1786375100.50,1262.04,11230102.05,230.96,115.48
1786375102.51,1264.05,11230243.16,141.11,70.56
1786375104.52,1266.06,11230441.89,198.73,99.37
1786375106.54,1268.08,11230690.43,248.54,124.27
1786375108.55,1270.09,11230880.37,189.94,94.97
1786375110.55,1272.10,11231099.12,218.75,109.38
1786375112.56,1274.10,11231329.10,229.98,114.99
1786375114.57,1276.12,11231562.50,233.40,116.70
1786375116.58,1278.12,11231792.97,230.47,115.23
1786375118.59,1280.13,11232022.46,229.49,114.75
1786375120.60,1282.14,11232229.49,207.03,103.52
1786375122.61,1284.15,11232322.75,93.26,46.63
1786375125.22,1286.77,11232525.88,203.12,101.56
1786375127.23,1288.78,11232750.49,224.61,112.30
1786375129.24,1290.78,11232974.12,223.63,111.82
1786375131.25,1292.79,11233186.52,212.40,106.20
1786375133.27,1294.81,11233417.97,231.45,115.72
1786375135.28,1296.82,11233647.46,229.49,114.75
1786375137.29,1298.83,11233883.79,236.33,118.16
1786375139.53,1301.07,11234115.72,231.93,115.97
1786375141.54,1303.08,11234322.75,207.03,103.52
1786375143.55,1305.09,11234462.89,140.14,70.07
1786375145.58,1307.12,11234647.46,184.57,92.29
1786375147.58,1309.13,11234875.49,228.03,114.01
1786375149.59,1311.13,11235081.05,205.57,102.78
1786375151.61,1313.15,11235313.48,232.42,116.21
1786375153.62,1315.16,11235544.92,231.45,115.72
1786375155.63,1317.17,11235776.37,231.45,115.72
1786375157.64,1319.18,11235994.63,218.26,109.13
1786375159.65,1321.19,11236219.24,224.61,112.30
1786375161.66,1323.20,11236412.60,193.36,96.68
1786375163.71,1325.25,11236504.88,92.29,46.14
1786375165.71,1327.26,11236709.47,204.59,102.29
1786375167.73,1329.27,11236940.92,231.45,115.72
1786375169.74,1331.28,11237170.41,229.49,114.75
1786375171.75,1333.29,11237401.37,230.96,115.48
1786375173.76,1335.31,11237637.70,236.33,118.16
1786375175.77,1337.32,11237918.46,280.76,140.38
1786375177.78,1339.32,11238149.41,230.96,115.48
1786375179.79,1341.33,11238374.02,224.61,112.30
1786375181.80,1343.34,11238443.36,69.34,34.67
1786375184.31,1345.85,11238678.71,235.35,117.68
1786375186.32,1347.86,11238887.21,208.50,104.25
1786375188.33,1349.87,11239107.91,220.70,110.35
1786375190.34,1351.88,11239334.96,227.05,113.53
1786375192.35,1353.89,11239546.39,211.43,105.71
1786375194.36,1355.90,11239774.41,228.03,114.01
1786375196.37,1357.91,11240006.84,232.42,116.21
1786375198.38,1359.92,11240237.30,230.47,115.23
1786375200.39,1361.94,11240466.80,229.49,114.75
1786375202.41,1363.95,11240557.13,90.33,45.17
1786375204.45,1365.99,11240764.16,207.03,103.52
1786375206.46,1368.00,11240993.16,229.00,114.50
1786375208.47,1370.01,11241209.47,216.31,108.15
1786375210.48,1372.02,11241429.69,220.21,110.11
1786375212.49,1374.03,11241661.62,231.93,115.97
1786375214.50,1376.04,11241894.53,232.91,116.46
1786375216.51,1378.05,11242126.46,231.93,115.97
1786375218.52,1380.06,11242361.82,235.35,117.68
1786375220.53,1382.07,11242515.62,153.81,76.90
1786375222.66,1384.20,11242672.85,157.23,78.61
1786375224.67,1386.21,11242889.65,216.80,108.40
1786375226.67,1388.22,11243111.82,222.17,111.08
1786375228.68,1390.23,11243321.29,209.47,104.74
1786375230.69,1392.23,11243543.95,222.66,111.33
1786375232.70,1394.24,11243749.02,205.08,102.54
1786375234.71,1396.25,11244052.25,303.22,151.61
1786375236.72,1398.27,11244283.69,231.45,115.72
1786375238.74,1400.28,11244515.14,231.45,115.72
1786375240.75,1402.29,11244570.31,55.18,27.59
1786375243.18,1404.72,11244781.25,210.94,105.47
1786375245.19,1406.74,11245011.72,230.47,115.23
1786375247.20,1408.74,11245229.49,217.77,108.89
1786375249.21,1410.75,11245447.75,218.26,109.13
1786375251.22,1412.77,11245677.73,229.98,114.99
1786375253.24,1414.78,11245909.67,231.93,115.97
1786375255.25,1416.79,11246141.60,231.93,115.97
1786375257.26,1418.80,11246378.91,237.30,118.65
1786375259.27,1420.81,11246574.22,195.31,97.66
1786375261.39,1422.93,11246697.27,123.05,61.52
1786375263.41,1424.95,11246905.27,208.01,104.00
1786375265.42,1426.96,11247133.30,228.03,114.01
1786375267.43,1428.97,11247340.82,207.52,103.76
1786375269.44,1430.99,11247571.29,230.47,115.23
1786375271.46,1433.00,11247802.73,231.45,115.72
1786375273.47,1435.01,11248037.60,234.86,117.43
1786375275.48,1437.02,11248268.55,230.96,115.48
1786375277.49,1439.03,11248499.02,230.47,115.23
1786375279.50,1441.04,11248638.18,139.16,69.58
1786375281.54,1443.08,11248766.11,127.93,63.96
1786375283.55,1445.09,11248996.58,230.47,115.23
1786375285.56,1447.10,11249218.75,222.17,111.08
1786375287.57,1449.11,11249438.48,219.73,109.86
1786375289.58,1451.12,11249667.48,229.00,114.50
1786375291.59,1453.13,11249899.41,231.93,115.97
1786375293.60,1455.14,11250131.35,231.93,115.97
1786375295.61,1457.15,11250362.79,231.45,115.72
1786375297.62,1459.17,11250594.24,231.45,115.72
1786375299.63,1461.17,11250676.27,82.03,41.02
1786375301.67,1463.21,11250825.20,148.93,74.46
1786375303.68,1465.22,11251061.04,235.84,117.92
1786375305.69,1467.23,11251290.53,229.49,114.75
1786375307.70,1469.24,11251509.77,219.24,109.62
1786375309.71,1471.25,11251712.40,202.64,101.32
1786375311.72,1473.26,11251979.00,266.60,133.30
1786375313.73,1475.28,11252210.94,231.93,115.97
1786375315.74,1477.29,11252440.92,229.98,114.99
1786375317.76,1479.30,11252669.92,229.00,114.50
1786375319.77,1481.31,11252729.49,59.57,29.79
1786375321.80,1483.34,11252943.85,214.36,107.18
1786375323.81,1485.35,11253136.72,192.87,96.44
1786375325.82,1487.36,11253369.14,232.42,116.21
1786375327.83,1489.37,11253602.05,232.91,116.46
1786375329.84,1491.38,11253833.01,230.96,115.48
1786375331.85,1493.39,11254062.99,229.98,114.99
1786375333.86,1495.40,11254277.34,214.36,107.18
1786375335.87,1497.41,11254504.88,227.54,113.77
1786375337.88,1499.42,11254718.26,213.38,106.69
1786375340.01,1501.55,11254794.92,76.66,38.33
1786375342.20,1503.74,11255080.57,285.64,142.82
1786375344.21,1505.75,11255310.55,229.98,114.99
1786375346.22,1507.76,11255539.55,229.00,114.50
1786375348.24,1509.78,11255778.32,238.77,119.38
1786375350.24,1511.79,11255996.09,217.77,108.89
1786375352.25,1513.80,11256205.57,209.47,104.74
1786375354.26,1515.80,11256433.59,228.03,114.01
1786375356.28,1517.82,11256664.06,230.47,115.23
1786375358.29,1519.83,11256777.34,113.28,56.64
1786375360.36,1521.90,11256978.03,200.68,100.34
1786375362.37,1523.91,11257212.89,234.86,117.43
1786375364.38,1525.92,11257417.97,205.08,102.54
1786375366.39,1527.93,11257625.49,207.52,103.76
1786375368.40,1529.94,11257860.84,235.35,117.68
1786375370.41,1531.95,11258093.26,232.42,116.21
1786375372.42,1533.96,11258324.71,231.45,115.72
1786375374.43,1535.97,11258536.13,211.43,105.71
1786375376.44,1537.98,11258756.35,220.21,110.11
1786375378.44,1539.99,11258841.31,84.96,42.48
1786375381.01,1542.55,11259104.49,263.18,131.59
1786375383.02,1544.56,11259340.33,235.84,117.92
1786375385.03,1546.57,11259558.59,218.26,109.13
1786375387.04,1548.58,11259761.23,202.64,101.32
1786375389.05,1550.59,11259958.98,197.75,98.88
1786375391.06,1552.60,11260180.18,221.19,110.60
1786375393.07,1554.61,11260412.60,232.42,116.21
1786375395.08,1556.62,11260644.04,231.45,115.72
1786375397.09,1558.63,11260833.01,188.96,94.48
1786375399.20,1560.75,11260933.11,100.10,50.05
1786375401.27,1562.81,11261196.29,263.18,131.59
1786375403.28,1564.82,11261425.78,229.49,114.75
1786375405.30,1566.84,11261618.16,192.38,96.19
1786375407.31,1568.85,11261830.57,212.40,106.20
1786375409.32,1570.86,11262061.04,230.47,115.23
1786375411.33,1572.87,11262266.60,205.57,102.78
1786375413.34,1574.88,11262503.42,236.82,118.41
1786375415.35,1576.90,11262736.33,232.91,116.46
1786375417.37,1578.91,11262877.93,141.60,70.80
1786375420.69,1582.23,11263126.95,249.02,124.51
1786375422.70,1584.24,11263353.03,226.07,113.04
1786375424.71,1586.25,11263547.36,194.34,97.17
1786375426.72,1588.26,11263774.41,227.05,113.53
1786375428.73,1590.27,11264007.32,232.91,116.46
1786375430.74,1592.28,11264238.77,231.45,115.72
1786375432.75,1594.29,11264470.21,231.45,115.72
1786375434.76,1596.31,11264701.17,230.96,115.48
1786375436.77,1598.31,11264908.69,207.52,103.76
1786375438.90,1600.44,11264957.52,48.83,24.41
1786375440.93,1602.48,11265207.52,250.00,125.00
1786375442.95,1604.49,11265438.96,231.45,115.72
1786375444.96,1606.50,11265670.90,231.93,115.97
1786375446.97,1608.51,11265901.86,230.96,115.48
1786375448.98,1610.52,11266127.44,225.59,112.79
1786375450.99,1612.53,11266348.14,220.70,110.35
1786375453.00,1614.54,11266566.89,218.75,109.38
1786375455.01,1616.55,11266847.17,280.27,140.14
1786375457.02,1618.57,11266965.82,118.65,59.33
1786375459.07,1620.61,11267133.79,167.97,83.98
1786375461.08,1622.62,11267339.36,205.57,102.78
1786375463.09,1624.63,11267571.29,231.93,115.97
1786375465.10,1626.64,11267804.20,232.91,116.46
1786375467.11,1628.65,11268034.67,230.47,115.23
1786375469.12,1630.66,11268266.11,231.45,115.72
1786375471.13,1632.68,11268505.86,239.75,119.87
1786375473.14,1634.68,11268734.38,228.52,114.26
1786375475.15,1636.69,11268943.36,208.98,104.49
1786375477.16,1638.71,11269033.20,89.84,44.92
1786375479.79,1641.33,11269229.98,196.78,98.39
1786375481.79,1643.34,11269461.43,231.45,115.72
1786375483.80,1645.34,11269669.92,208.50,104.25
1786375485.81,1647.35,11269901.86,231.93,115.97
1786375487.83,1649.37,11270133.30,231.45,115.72
1786375489.84,1651.38,11270364.26,230.96,115.48
1786375491.85,1653.39,11270632.32,268.07,134.03
1786375493.86,1655.40,11270865.72,233.40,116.70
1786375495.87,1657.41,11271028.81,163.09,81.54
1786375497.90,1659.44,11271125.00,96.19,48.10
1786375499.91,1661.46,11271356.93,231.93,115.97
1786375501.92,1663.46,11271577.15,220.21,110.11
1786375503.93,1665.47,11271795.90,218.75,109.38
1786375505.95,1667.49,11272028.32,232.42,116.21
1786375507.96,1669.50,11272259.28,230.96,115.48
1786375509.97,1671.51,11272491.70,232.42,116.21
1786375511.98,1673.52,11272724.12,232.42,116.21
1786375513.99,1675.53,11272951.17,227.05,113.53
1786375516.00,1677.54,11273082.52,131.35,65.67
1786375518.41,1679.95,11273309.57,227.05,113.53
1786375520.42,1681.96,11273538.57,229.00,114.50
1786375522.43,1683.98,11273769.53,230.96,115.48
1786375524.44,1685.99,11274001.46,231.93,115.97
1786375526.45,1687.99,11274214.36,212.89,106.45
1786375528.46,1690.00,11274438.96,224.61,112.30
1786375530.47,1692.01,11274670.90,231.93,115.97
1786375532.48,1694.03,11274909.67,238.77,119.38
1786375534.50,1696.04,11275091.80,182.13,91.06
1786375536.63,1698.17,11275168.46,76.66,38.33
1786375538.64,1700.18,11275398.93,230.47,115.23
1786375540.65,1702.19,11275629.88,230.96,115.48
1786375542.66,1704.20,11275861.33,231.45,115.72
1786375544.67,1706.21,11276091.80,230.47,115.23
1786375546.68,1708.22,11276322.27,230.47,115.23
1786375548.69,1710.23,11276533.20,210.94,105.47
1786375550.70,1712.24,11276763.67,230.47,115.23
1786375552.71,1714.25,11276996.58,232.91,116.46
1786375554.72,1716.26,11277142.58,146.00,73.00
1786375556.76,1718.30,11277345.21,202.64,101.32
1786375558.77,1720.31,11277575.20,229.98,114.99
1786375560.77,1722.32,11277805.18,229.98,114.99
1786375562.78,1724.32,11278030.27,225.10,112.55
1786375564.79,1726.33,11278215.82,185.55,92.77
1786375566.80,1728.34,11278418.95,203.12,101.56
1786375568.81,1730.35,11278650.39,231.45,115.72
1786375570.82,1732.36,11278878.42,228.03,114.01
1786375572.83,1734.37,11279113.77,235.35,117.68
1786375574.84,1736.38,11279216.80,103.03,51.51
1786375576.97,1738.52,11279461.91,245.12,122.56
1786375578.99,1740.53,11279697.75,235.84,117.92
1786375581.00,1742.54,11279928.71,230.96,115.48
1786375583.00,1744.55,11280151.86,223.14,111.57
1786375585.01,1746.56,11280365.23,213.38,106.69
1786375587.02,1748.56,11280583.50,218.26,109.13
1786375589.03,1750.57,11280812.99,229.49,114.75
1786375591.04,1752.58,11281026.37,213.38,106.69
1786375593.05,1754.59,11281215.82,189.45,94.73
1786375595.18,1756.72,11281319.34,103.52,51.76
1786375597.19,1758.73,11281548.83,229.49,114.75
1786375599.20,1760.74,11281759.77,210.94,105.47
1786375601.21,1762.75,11281982.91,223.14,111.57
1786375603.22,1764.76,11282214.36,231.45,115.72
1786375605.23,1766.77,11282415.04,200.68,100.34
1786375607.24,1768.78,11282649.41,234.38,117.19
1786375609.25,1770.79,11282870.61,221.19,110.60
1786375611.26,1772.80,11283116.70,246.09,123.05
1786375613.27,1774.81,11283285.64,168.95,84.47
1786375615.32,1776.86,11283413.09,127.44,63.72
1786375617.33,1778.87,11283669.92,256.84,128.42
1786375619.33,1780.88,11283899.90,229.98,114.99
1786375621.35,1782.89,11284103.03,203.12,101.56
1786375623.36,1784.90,11284348.14,245.12,122.56
1786375625.37,1786.91,11284570.31,222.17,111.08
1786375627.37,1788.92,11284786.62,216.31,108.15
1786375629.38,1790.93,11285007.81,221.19,110.60
1786375631.40,1792.94,11285238.77,230.96,115.48
1786375633.41,1794.95,11285355.47,116.70,58.35
1786375635.42,1796.96,11285597.17,241.70,120.85
1786375637.43,1798.98,11285814.45,217.29,108.64
1786375639.44,1800.99,11286023.44,208.98,104.49
1786375641.45,1803.00,11286238.28,214.84,107.42
1786375643.46,1805.01,11286477.05,238.77,119.38
1786375645.47,1807.01,11286696.29,219.24,109.62
1786375647.55,1809.09,11286919.92,223.63,111.82
1786375649.56,1811.10,11287138.18,218.26,109.13
1786375651.57,1813.11,11287359.86,221.68,110.84
1786375653.69,1815.23,11287511.72,151.86,75.93
1786375655.70,1817.24,11287713.87,202.15,101.07
1786375657.71,1819.25,11287922.36,208.50,104.25
1786375659.72,1821.26,11288149.90,227.54,113.77
1786375661.73,1823.27,11288357.91,208.01,104.00
1786375663.74,1825.28,11288589.36,231.45,115.72
1786375665.75,1827.29,11288918.95,329.59,164.79
1786375667.76,1829.30,11289146.00,227.05,113.53
1786375669.77,1831.31,11289354.98,208.98,104.49
1786375671.78,1833.32,11289456.54,101.56,50.78
1786375673.90,1835.44,11289654.79,198.24,99.12
1786375675.91,1837.45,11289886.23,231.45,115.72
1786375677.92,1839.46,11290116.70,230.47,115.23
1786375679.94,1841.48,11290346.19,229.49,114.75
1786375681.96,1843.50,11290565.43,219.24,109.62
1786375683.97,1845.51,11290781.25,215.82,107.91
1786375685.98,1847.52,11291012.21,230.96,115.48
1786375687.99,1849.53,11291248.54,236.33,118.16
1786375690.00,1851.54,11291427.73,179.20,89.60
1786375692.08,1853.62,11291536.13,108.40,54.20
1786375694.38,1855.92,11291821.78,285.64,142.82
1786375696.39,1857.93,11292047.36,225.59,112.79
1786375698.40,1859.94,11292255.86,208.50,104.25
1786375700.41,1861.95,11292462.40,206.54,103.27
1786375702.42,1863.96,11292675.29,212.89,106.45
1786375704.43,1865.97,11292896.97,221.68,110.84
1786375706.44,1867.98,11293128.91,231.93,115.97
1786375708.45,1869.99,11293359.86,230.96,115.48
1786375710.46,1872.01,11293496.09,136.23,68.12
1786375712.56,1874.11,11293712.89,216.80,108.40
1786375714.57,1876.11,11293931.64,218.75,109.38
1786375716.58,1878.12,11294149.41,217.77,108.89
1786375718.59,1880.14,11294379.88,230.47,115.23
1786375720.60,1882.15,11294612.79,232.91,116.46
1786375722.62,1884.16,11294842.77,229.98,114.99
1786375724.62,1886.17,11295062.01,219.24,109.62
1786375726.63,1888.18,11295278.81,216.80,108.40
1786375728.64,1890.18,11295491.21,212.40,106.20
1786375730.65,1892.19,11295554.69,63.48,31.74
1786375732.69,1894.23,11295772.46,217.77,108.89
1786375734.70,1896.24,11296003.42,230.96,115.48
1786375736.71,1898.25,11296240.23,236.82,118.41
1786375738.72,1900.26,11296472.17,231.93,115.97
1786375740.73,1902.27,11296760.25,288.09,144.04
1786375742.74,1904.28,11296992.19,231.93,115.97
1786375744.76,1906.30,11297186.04,193.85,96.92
1786375746.76,1908.31,11297381.84,195.80,97.90
1786375748.77,1910.32,11297538.57,156.74,78.37
1786375750.82,1912.36,11297725.59,187.01,93.51
1786375752.83,1914.38,11298013.18,287.60,143.80
1786375754.85,1916.39,11298176.76,163.57,81.79
1786375756.86,1918.40,11298415.53,238.77,119.38
1786375758.87,1920.42,11298646.48,230.96,115.48
1786375760.88,1922.43,11298877.93,231.45,115.72
1786375762.90,1924.44,11299109.86,231.93,115.97
1786375764.91,1926.45,11299339.84,229.98,114.99
1786375766.92,1928.46,11299579.10,239.26,119.63
1786375769.03,1930.58,11299666.50,87.40,43.70
1786375771.05,1932.59,11299862.79,196.29,98.14
1786375773.06,1934.60,11300097.66,234.86,117.43
1786375775.07,1936.61,11300324.71,227.05,113.53
1786375777.08,1938.62,11300544.43,219.73,109.86
1786375779.09,1940.63,11300764.16,219.73,109.86
1786375781.10,1942.64,11300995.12,230.96,115.48
1786375783.11,1944.65,11301203.61,208.50,104.25
1786375785.12,1946.66,11301416.02,212.40,106.20
1786375787.13,1948.67,11301616.70,200.68,100.34
1786375789.18,1950.72,11301694.82,78.12,39.06
1786375791.19,1952.73,11301888.67,193.85,96.92
1786375793.20,1954.74,11302096.19,207.52,103.76
1786375795.20,1956.75,11302305.66,209.47,104.74
1786375797.21,1958.76,11302532.71,227.05,113.53
1786375799.22,1960.77,11302765.14,232.42,116.21
1786375801.23,1962.78,11302996.58,231.45,115.72
1786375803.24,1964.79,11303233.89,237.30,118.65
1786375805.25,1966.80,11303465.82,231.93,115.97
1786375807.26,1968.80,11303664.06,198.24,99.12
1786375809.27,1970.81,11303733.89,69.82,34.91
1786375811.31,1972.85,11303964.36,230.47,115.23
1786375813.32,1974.86,11304195.80,231.45,115.72
1786375815.33,1976.87,11304414.06,218.26,109.13
1786375817.34,1978.88,11304635.25,221.19,110.60
1786375819.35,1980.89,11304871.58,236.33,118.16
1786375821.36,1982.91,11305102.54,230.96,115.48
1786375823.37,1984.92,11305334.96,232.42,116.21
1786375825.38,1986.92,11305537.11,202.15,101.07
1786375827.40,1988.94,11305701.66,164.55,82.28
1786375829.61,1991.15,11305834.96,133.30,66.65
1786375831.62,1993.16,11306067.38,232.42,116.21
1786375833.63,1995.17,11306305.66,238.28,119.14
1786375835.64,1997.18,11306534.67,229.00,114.50
1786375837.65,1999.20,11306764.65,229.98,114.99
1786375839.66,2001.21,11306995.61,230.96,115.48
1786375841.68,2003.22,11307227.05,231.45,115.72
1786375843.68,2005.23,11307406.74,179.69,89.84
1786375845.69,2007.23,11307608.40,201.66,100.83
1786375847.70,2009.25,11307771.00,162.60,81.30
1786375850.29,2011.83,11307944.34,173.34,86.67
1786375852.30,2013.84,11308162.11,217.77,108.89
1786375854.31,2015.85,11308390.14,228.03,114.01
1786375856.32,2017.86,11308621.58,231.45,115.72
1786375858.33,2019.87,11308852.54,230.96,115.48
1786375860.34,2021.88,11309083.98,231.45,115.72
1786375862.36,2023.90,11309315.43,231.45,115.72
1786375864.37,2025.91,11309541.50,226.07,113.04
1786375866.38,2027.92,11309709.47,167.97,83.98
1786375868.39,2029.93,11309808.11,98.63,49.32
1786375870.47,2032.02,11310111.82,303.71,151.86
1786375872.49,2034.03,11310299.80,187.99,93.99
1786375874.50,2036.04,11310506.35,206.54,103.27
1786375876.51,2038.05,11310737.30,230.96,115.48
1786375878.52,2040.06,11310967.29,229.98,114.99
1786375880.53,2042.07,11311199.22,231.93,115.97
1786375882.54,2044.08,11311428.22,229.00,114.50
1786375884.55,2046.09,11311651.37,223.14,111.57
1786375886.55,2048.10,11311808.59,157.23,78.61
1786375888.60,2050.15,11311908.69,100.10,50.05
1786375890.61,2052.16,11312020.51,111.82,55.91
1786375892.84,2054.38,11312271.00,250.49,125.24
1786375894.85,2056.39,11312507.32,236.33,118.16
1786375896.86,2058.40,11312737.79,230.47,115.23
1786375898.87,2060.41,11312943.85,206.05,103.03
1786375900.88,2062.42,11313175.29,231.45,115.72
1786375902.89,2064.43,11313407.23,231.93,115.97
1786375904.90,2066.44,11313637.21,229.98,114.99
1786375906.91,2068.45,11313856.93,219.73,109.86
1786375908.96,2070.50,11313949.71,92.77,46.39
1786375910.99,2072.53,11314222.66,272.95,136.47
1786375913.00,2074.54,11314453.12,230.47,115.23
1786375915.01,2076.55,11314684.08,230.96,115.48
1786375917.02,2078.56,11314915.04,230.96,115.48
1786375919.03,2080.57,11315133.30,218.26,109.13
1786375921.04,2082.59,11315361.33,228.03,114.01
1786375923.06,2084.60,11315527.83,166.50,83.25
1786375925.06,2086.61,11315759.77,231.93,115.97
1786375927.07,2088.62,11315910.64,150.88,75.44
1786375929.16,2090.71,11316074.71,164.06,82.03
1786375931.17,2092.72,11316280.27,205.57,102.78
1786375933.18,2094.73,11316483.89,203.61,101.81
1786375935.19,2096.74,11316719.73,235.84,117.92
1786375937.20,2098.74,11316926.27,206.54,103.27
1786375939.21,2100.75,11317145.51,219.24,109.62
1786375941.22,2102.76,11317422.36,276.86,138.43
1786375943.23,2104.77,11317663.09,240.72,120.36
1786375945.24,2106.78,11317879.39,216.31,108.15
1786375947.25,2108.80,11318055.18,175.78,87.89
1786375949.26,2110.80,11318139.16,83.98,41.99
1786375951.27,2112.81,11318369.63,230.47,115.23
1786375953.28,2114.83,11318601.56,231.93,115.97
1786375955.30,2116.84,11318832.52,230.96,115.48
1786375957.31,2118.85,11319069.82,237.30,118.65
1786375959.32,2120.87,11319302.25,232.42,116.21
1786375961.33,2122.87,11319533.69,231.45,115.72
1786375963.34,2124.89,11319740.23,206.54,103.27
1786375965.35,2126.89,11319948.73,208.50,104.25
1786375967.36,2128.91,11320033.69,84.96,42.48
1786375969.53,2131.08,11320264.16,230.47,115.23
1786375971.54,2133.08,11320485.84,221.68,110.84
1786375973.55,2135.09,11320704.10,218.26,109.13
1786375975.56,2137.11,11320936.04,231.93,115.97
1786375977.58,2139.12,11321153.81,217.77,108.89
1786375979.59,2141.13,11321366.21,212.40,106.20
1786375981.60,2143.14,11321565.43,199.22,99.61
1786375983.60,2145.15,11321797.36,231.93,115.97
1786375985.61,2147.15,11322001.95,204.59,102.29
1786375987.62,2149.17,11322092.77,90.82,45.41
1786375989.65,2151.19,11322266.60,173.83,86.91
1786375991.66,2153.20,11322491.70,225.10,112.55
1786375993.67,2155.21,11322707.03,215.33,107.67
1786375995.68,2157.22,11322933.11,226.07,113.04
1786375997.69,2159.23,11323165.04,231.93,115.97
1786375999.70,2161.24,11323396.00,230.96,115.48
1786376001.71,2163.26,11323627.44,231.45,115.72
1786376003.72,2165.26,11323850.59,223.14,111.57
1786376005.73,2167.27,11324056.15,205.57,102.78
1786376007.75,2169.29,11324116.21,60.06,30.03
1786376009.76,2171.30,11324364.26,248.05,124.02
1786376011.76,2173.31,11324595.21,230.96,115.48
1786376013.77,2175.31,11324818.36,223.14,111.57
1786376015.78,2177.32,11325030.76,212.40,106.20
1786376017.79,2179.34,11325263.18,232.42,116.21
1786376019.81,2181.35,11325497.56,234.38,117.19
1786376021.81,2183.36,11325729.00,231.45,115.72
1786376023.83,2185.37,11325961.43,232.42,116.21
1786376025.83,2187.38,11326111.82,150.39,75.20
1786376027.87,2189.41,11326202.64,90.82,45.41
1786376029.88,2191.42,11326424.32,221.68,110.84
1786376031.89,2193.43,11326657.23,232.91,116.46
1786376033.90,2195.44,11326891.60,234.38,117.19
1786376035.91,2197.45,11327120.61,229.00,114.50
1786376037.92,2199.46,11327354.98,234.38,117.19
1786376039.93,2201.47,11327622.56,267.58,133.79
1786376041.94,2203.48,11327809.57,187.01,93.51
1786376043.95,2205.49,11328029.79,220.21,110.11
1786376045.96,2207.51,11328164.55,134.77,67.38
1786376048.09,2209.63,11328383.79,219.24,109.62
1786376050.10,2211.64,11328573.73,189.94,94.97
1786376052.11,2213.65,11328786.13,212.40,106.20
1786376054.12,2215.66,11328996.58,210.45,105.22
1786376056.13,2217.67,11329228.03,231.45,115.72
1786376058.14,2219.69,11329458.50,230.47,115.23
1786376060.16,2221.70,11329682.62,224.12,112.06
1786376062.16,2223.71,11329895.51,212.89,106.45
1786376064.17,2225.71,11330116.70,221.19,110.60
1786376066.18,2227.73,11330213.87,97.17,48.58
1786376068.24,2229.78,11330387.21,173.34,86.67
1786376070.25,2231.79,11330613.77,226.56,113.28
1786376072.26,2233.80,11330824.22,210.45,105.22
1786376074.27,2235.81,11331034.18,209.96,104.98
1786376076.28,2237.82,11331246.58,212.40,106.20
1786376078.29,2239.83,11331450.20,203.61,101.81
1786376080.30,2241.84,11331668.95,218.75,109.38
1786376082.30,2243.85,11331898.44,229.49,114.75
1786376084.31,2245.86,11332129.39,230.96,115.48
1786376086.33,2247.87,11332252.44,123.05,61.52
1786376088.40,2249.94,11332451.66,199.22,99.61
1786376090.40,2251.95,11332667.97,216.31,108.15
1786376092.41,2253.96,11332887.21,219.24,109.62
1786376094.42,2255.96,11333081.05,193.85,96.92
1786376096.43,2257.97,11333297.36,216.31,108.15
1786376098.44,2259.98,11333522.46,225.10,112.55
1786376100.45,2261.99,11333752.93,230.47,115.23
1786376102.46,2264.01,11333984.38,231.45,115.72
1786376104.48,2266.02,11334217.29,232.91,116.46
1786376106.48,2268.02,11334299.32,82.03,41.02
1786376109.13,2270.67,11334540.04,240.72,120.36
1786376111.15,2272.69,11334796.88,256.84,128.42
1786376113.16,2274.70,11335008.79,211.91,105.96
1786376115.17,2276.71,11335233.89,225.10,112.55
1786376117.18,2278.72,11335450.20,216.31,108.15
1786376119.19,2280.73,11335655.76,205.57,102.78
1786376121.20,2282.74,11335892.09,236.33,118.16
1786376123.20,2284.75,11336100.10,208.01,104.00
1786376125.21,2286.75,11336304.20,204.10,102.05
1786376127.22,2288.76,11336437.01,132.81,66.41
1786376129.23,2290.77,11336627.44,190.43,95.21
1786376131.24,2292.78,11336841.31,213.87,106.93
1786376133.25,2294.79,11337060.06,218.75,109.38
1786376135.26,2296.80,11337295.90,235.84,117.92
1786376137.27,2298.81,11337520.51,224.61,112.30
1786376139.28,2300.82,11337732.42,211.91,105.96
1786376141.29,2302.83,11337964.36,231.93,115.97
1786376143.30,2304.84,11338198.24,233.89,116.94
1786376145.31,2306.85,11338365.72,167.48,83.74
1786376147.38,2308.92,11338456.05,90.33,45.17
1786376149.39,2310.93,11338751.46,295.41,147.71
1786376151.40,2312.94,11338918.95,167.48,83.74
1786376153.41,2314.95,11339130.37,211.43,105.71
1786376155.41,2316.96,11339350.10,219.73,109.86
1786376157.43,2318.97,11339583.50,233.40,116.70
1786376159.44,2320.98,11339822.27,238.77,119.38
1786376161.45,2322.99,11340052.25,229.98,114.99
1786376163.45,2325.00,11340255.37,203.12,101.56
1786376165.46,2327.01,11340405.27,149.90,74.95
1786376167.60,2329.14,11340549.80,144.53,72.27
1786376169.61,2331.15,11340782.23,232.42,116.21
1786376171.61,2333.16,11340998.05,215.82,107.91
1786376173.62,2335.17,11341224.12,226.07,113.04
1786376175.63,2337.18,11341455.57,231.45,115.72
1786376177.65,2339.19,11341684.57,229.00,114.50
1786376179.66,2341.20,11341915.53,230.96,115.48
1786376181.67,2343.21,11342143.55,228.03,114.01
1786376183.68,2345.22,11342349.12,205.57,102.78
1786376185.69,2347.23,11342449.22,100.10,50.05
1786376188.83,2350.37,11342678.71,229.49,114.75
1786376190.84,2352.38,11342899.90,221.19,110.60
1786376192.85,2354.39,11343119.63,219.73,109.86
1786376194.85,2356.40,11343336.43,216.80,108.40
1786376196.87,2358.41,11343568.36,231.93,115.97
1786376198.88,2360.42,11343799.80,231.45,115.72
1786376200.89,2362.43,11344030.76,230.96,115.48
1786376202.90,2364.44,11344261.23,230.47,115.23
1786376204.91,2366.45,11344463.38,202.15,101.07
1786376207.03,2368.57,11344616.21,152.83,76.42
1786376209.04,2370.58,11344846.19,229.98,114.99
1786376211.05,2372.59,11345077.64,231.45,115.72
1786376213.06,2374.60,11345309.08,231.45,115.72
1786376215.07,2376.61,11345541.02,231.93,115.97
1786376217.35,2378.90,11345772.95,231.93,115.97
1786376219.36,2380.90,11345988.77,215.82,107.91
1786376221.37,2382.91,11346216.31,227.54,113.77
1786376223.38,2384.93,11346444.82,228.52,114.26
1786376225.40,2386.94,11346535.16,90.33,45.17
1786376227.40,2388.95,11346704.10,168.95,84.47
1786376229.42,2390.96,11346935.55,231.45,115.72
1786376231.42,2392.97,11347167.97,232.42,116.21
1786376233.43,2394.97,11347372.56,204.59,102.29
1786376235.45,2396.99,11347601.56,229.00,114.50
1786376237.46,2399.00,11347818.85,217.29,108.64
1786376239.46,2401.01,11348031.74,212.89,106.45
1786376241.47,2403.02,11348246.09,214.36,107.18
1786376243.48,2405.03,11348473.63,227.54,113.77
1786376245.49,2407.04,11348575.68,102.05,51.03
1786376248.10,2409.64,11348873.05,297.36,148.68
1786376250.11,2411.65,11349104.00,230.96,115.48
1786376252.12,2413.66,11349302.73,198.73,99.37
1786376254.13,2415.68,11349512.70,209.96,104.98
1786376256.14,2417.69,11349718.26,205.57,102.78
1786376258.15,2419.69,11349948.24,229.98,114.99
1786376260.16,2421.71,11350153.32,205.08,102.54
1786376262.18,2423.72,11350384.77,231.45,115.72
1786376264.19,2425.73,11350556.64,171.88,85.94
1786376266.28,2427.82,11350649.41,92.77,46.39
1786376268.29,2429.83,11350881.35,231.93,115.97
1786376270.31,2431.85,11351114.75,233.40,116.70
1786376272.31,2433.86,11351342.29,227.54,113.77
1786376274.33,2435.87,11351574.22,231.93,115.97
1786376276.34,2437.88,11351804.69,230.47,115.23
1786376278.35,2439.89,11352036.13,231.45,115.72
1786376280.36,2441.90,11352310.06,273.93,136.96
1786376282.37,2443.91,11352502.44,192.38,96.19
1786376284.38,2445.92,11352627.93,125.49,62.74
1786376287.19,2448.73,11352910.64,282.71,141.36
1786376289.20,2450.75,11353142.09,231.45,115.72
1786376291.21,2452.76,11353363.77,221.68,110.84
1786376293.24,2454.78,11353579.59,215.82,107.91
1786376295.25,2456.79,11353800.78,221.19,110.60
1786376297.26,2458.80,11354020.02,219.24,109.62
1786376299.27,2460.81,11354219.24,199.22,99.61
1786376301.28,2462.82,11354448.24,229.00,114.50
1786376303.29,2464.83,11354637.21,188.96,94.48
1786376305.30,2466.85,11354766.11,128.91,64.45
1786376307.43,2468.97,11354990.72,224.61,112.30
1786376309.44,2470.98,11355229.98,239.26,119.63
1786376311.45,2472.99,11355460.94,230.96,115.48
1786376313.45,2475.00,11355695.31,234.38,117.19
1786376315.46,2477.01,11355929.20,233.89,116.94
1786376317.48,2479.02,11356141.11,211.91,105.96
1786376319.49,2481.03,11356344.73,203.61,101.81
1786376321.50,2483.04,11356541.02,196.29,98.14
1786376323.51,2485.05,11356685.55,144.53,72.27
1786376326.47,2488.01,11356973.14,287.60,143.80
1786376328.48,2490.02,11357207.52,234.38,117.19
1786376330.49,2492.04,11357437.99,230.47,115.23
1786376332.50,2494.05,11357669.92,231.93,115.97
1786376334.52,2496.06,11357902.83,232.91,116.46
1786376336.52,2498.07,11358085.45,182.62,91.31
1786376338.53,2500.07,11358339.36,253.91,126.95
1786376340.54,2502.08,11358526.37,187.01,93.51
1786376342.55,2504.09,11358716.31,189.94,94.97
1786376344.63,2506.17,11358885.74,169.43,84.72
1786376346.64,2508.18,11359164.06,278.32,139.16
1786376348.65,2510.20,11359363.28,199.22,99.61
1786376350.66,2512.20,11359592.29,229.00,114.50
1786376352.67,2514.21,11359799.80,207.52,103.76
1786376354.68,2516.22,11360030.76,230.96,115.48
1786376356.69,2518.23,11360251.46,220.70,110.35
1786376358.70,2520.24,11360481.93,230.47,115.23
1786376360.71,2522.25,11360715.82,233.89,116.94
1786376362.72,2524.26,11360801.27,85.45,42.72
1786376364.73,2526.27,11360990.23,188.96,94.48
1786376366.74,2528.28,11361261.72,271.48,135.74
1786376368.75,2530.29,11361493.16,231.45,115.72
1786376370.75,2532.30,11361695.31,202.15,101.07
1786376372.76,2534.31,11361907.71,212.40,106.20
1786376374.77,2536.31,11362115.72,208.01,104.00
1786376376.78,2538.32,11362339.84,224.12,112.06
1786376378.79,2540.34,11362571.29,231.45,115.72
1786376380.80,2542.35,11362801.76,230.47,115.23
1786376382.83,2544.37,11362865.72,63.96,31.98
1786376384.87,2546.42,11363118.65,252.93,126.46
1786376386.89,2548.43,11363342.29,223.63,111.82
1786376388.91,2550.46,11363531.74,189.45,94.73
1786376390.92,2552.47,11363751.95,220.21,110.11
1786376392.94,2554.48,11363979.49,227.54,113.77
1786376394.95,2556.49,11364189.94,210.45,105.22
1786376396.96,2558.51,11364419.92,229.98,114.99
1786376398.98,2560.52,11364650.88,230.96,115.48
1786376400.99,2562.53,11364840.82,189.94,94.97
1786376403.03,2564.57,11364960.45,119.63,59.81
1786376405.04,2566.59,11365250.49,290.04,145.02
1786376407.05,2568.59,11365466.80,216.31,108.15
1786376409.06,2570.61,11365696.78,229.98,114.99
1786376411.08,2572.62,11365928.22,231.45,115.72
1786376413.08,2574.63,11366160.16,231.93,115.97
1786376415.09,2576.63,11366370.61,210.45,105.22
1786376417.10,2578.64,11366597.17,226.56,113.28
1786376419.11,2580.65,11366807.13,209.96,104.98
1786376421.12,2582.66,11366928.22,121.09,60.55
1786376423.22,2584.76,11367092.29,164.06,82.03
1786376425.23,2586.77,11367323.73,231.45,115.72
1786376427.24,2588.78,11367527.34,203.61,101.81
1786376429.25,2590.79,11367709.47,182.13,91.06
1786376431.26,2592.80,11367924.32,214.84,107.42
1786376433.27,2594.81,11368128.91,204.59,102.29
1786376435.28,2596.82,11368359.86,230.96,115.48
1786376437.30,2598.84,11368596.19,236.33,118.16
1786376439.31,2600.85,11368827.64,231.45,115.72
1786376441.31,2602.86,11368954.10,126.46,63.23
1786376443.34,2604.88,11369115.72,161.62,80.81
1786376445.35,2606.90,11369347.17,231.45,115.72
1786376447.36,2608.90,11369577.64,230.47,115.23
1786376449.37,2610.91,11369795.90,218.26,109.13
1786376451.38,2612.92,11370015.62,219.73,109.86
1786376453.39,2614.93,11370252.44,236.82,118.41
1786376455.40,2616.95,11370482.42,229.98,114.99
1786376457.42,2618.96,11370713.87,231.45,115.72
1786376459.43,2620.97,11370945.31,231.45,115.72
1786376461.44,2622.98,11371002.93,57.62,28.81
1786376463.48,2625.02,11371225.10,222.17,111.08
1786376465.49,2627.03,11371444.34,219.24,109.62
1786376467.50,2629.04,11371678.22,233.89,116.94
1786376469.51,2631.05,11371909.67,231.45,115.72
1786376471.52,2633.06,11372142.58,232.91,116.46
1786376473.53,2635.07,11372372.07,229.49,114.75
1786376475.54,2637.08,11372596.68,224.61,112.30
1786376477.55,2639.09,11372809.08,212.40,106.20
1786376479.56,2641.10,11373020.02,210.94,105.47
1786376481.58,2643.13,11373161.13,141.11,70.56
1786376483.59,2645.14,11373383.79,222.66,111.33
1786376485.61,2647.15,11373614.26,230.47,115.23
1786376487.62,2649.16,11373845.70,231.45,115.72
1786376489.63,2651.17,11374076.17,230.47,115.23
1786376491.64,2653.18,11374307.62,231.45,115.72
1786376493.65,2655.20,11374539.55,231.93,115.97
1786376495.66,2657.21,11374768.55,229.00,114.50
1786376497.67,2659.21,11375000.49,231.93,115.97
1786376499.68,2661.23,11375076.17,75.68,37.84
1786376502.23,2663.77,11375262.70,186.52,93.26
1786376504.24,2665.78,11375495.12,232.42,116.21
1786376506.25,2667.79,11375725.10,229.98,114.99
1786376508.26,2669.80,11375946.29,221.19,110.60
1786376510.27,2671.81,11376159.67,213.38,106.69
1786376512.28,2673.82,11376392.09,232.42,116.21
1786376514.29,2675.83,11376629.88,237.79,118.90
1786376516.30,2677.85,11376863.28,233.40,116.70
1786376518.31,2679.85,11377085.94,222.66,111.33
1786376520.44,2681.99,11377135.74,49.80,24.90
1786376522.80,2684.34,11377390.14,254.39,127.20
1786376524.82,2686.36,11377621.58,231.45,115.72
1786376526.83,2688.37,11377852.05,230.47,115.23
1786376528.84,2690.38,11378082.52,230.47,115.23
1786376530.85,2692.39,11378303.22,220.70,110.35
1786376532.86,2694.40,11378526.86,223.63,111.82
1786376534.87,2696.41,11378755.37,228.52,114.26
1786376536.88,2698.42,11378988.77,233.40,116.70
1786376539.00,2700.54,11379158.20,169.43,84.72
1786376541.06,2702.60,11379260.74,102.54,51.27
1786376543.07,2704.61,11379477.54,216.80,108.40
1786376545.08,2706.62,11379711.43,233.89,116.94
1786376547.35,2708.89,11379942.87,231.45,115.72
1786376549.36,2710.90,11380173.83,230.96,115.48
1786376551.37,2712.92,11380405.76,231.93,115.97
1786376553.38,2714.93,11380664.06,258.30,129.15
1786376555.39,2716.94,11380878.91,214.84,107.42
1786376557.40,2718.95,11381110.84,231.93,115.97
1786376559.42,2720.96,11381203.12,92.29,46.14
1786376562.16,2723.70,11381491.70,288.57,144.29
1786376564.16,2725.71,11381723.63,231.93,115.97
1786376566.17,2727.71,11381952.64,229.00,114.50
1786376568.18,2729.72,11382184.08,231.45,115.72
1786376570.19,2731.73,11382391.11,207.03,103.52
1786376572.20,2733.74,11382620.61,229.49,114.75
1786376574.21,2735.75,11382819.82,199.22,99.61
1786376576.22,2737.76,11383042.97,223.14,111.57
1786376578.23,2739.77,11383221.68,178.71,89.36
1786376580.27,2741.82,11383404.79,183.11,91.55
1786376582.38,2743.93,11383601.07,196.29,98.14
1786376584.39,2745.94,11383845.21,244.14,122.07
1786376586.41,2747.95,11384076.17,230.96,115.48
1786376588.42,2749.96,11384308.11,231.93,115.97
1786376590.43,2751.97,11384540.04,231.93,115.97
1786376592.44,2753.98,11384765.62,225.59,112.79
1786376594.45,2755.99,11384981.93,216.31,108.15
1786376596.46,2758.00,11385212.40,230.47,115.23
1786376598.47,2760.01,11385331.54,119.14,59.57
1786376600.48,2762.02,11385470.21,138.67,69.34
1786376602.49,2764.03,11385701.17,230.96,115.48
1786376604.50,2766.04,11385918.95,217.77,108.89
1786376606.50,2768.05,11386135.74,216.80,108.40
1786376608.52,2770.06,11386373.54,237.79,118.90
1786376610.53,2772.07,11386604.00,230.47,115.23
1786376612.54,2774.08,11386836.91,232.91,116.46
1786376614.55,2776.09,11387062.01,225.10,112.55
1786376616.56,2778.10,11387269.53,207.52,103.76
1786376618.57,2780.11,11387381.35,111.82,55.91
1786376622.04,2783.59,11387677.73,296.39,148.19
1786376624.06,2785.60,11387911.13,233.40,116.70
1786376626.06,2787.61,11388134.28,223.14,111.57
1786376628.07,2789.62,11388347.17,212.89,106.45
1786376630.09,2791.63,11388578.61,231.45,115.72
1786376632.10,2793.64,11388796.39,217.77,108.89
1786376634.11,2795.65,11389016.60,220.21,110.11
1786376636.11,2797.66,11389221.19,204.59,102.29
1786376638.12,2799.67,11389363.28,142.09,71.04
1786376640.20,2801.75,11389537.11,173.83,86.91
1786376642.21,2803.75,11389748.05,210.94,105.47
1786376644.22,2805.76,11389974.12,226.07,113.04
1786376646.23,2807.77,11390166.99,192.87,96.44
1786376648.24,2809.78,11390373.05,206.05,103.03
1786376650.25,2811.79,11390601.07,228.03,114.01
1786376652.26,2813.80,11390811.04,209.96,104.98
1786376654.27,2815.81,11391046.39,235.35,117.68
1786376656.28,2817.82,11391279.30,232.91,116.46
1786376658.29,2819.83,11391408.20,128.91,64.45
1786376660.38,2821.92,11391531.25,123.05,61.52
1786376662.39,2823.93,11391743.16,211.91,105.96
1786376664.40,2825.94,11391975.10,231.93,115.97
1786376666.41,2827.95,11392207.03,231.93,115.97
1786376668.42,2829.97,11392438.96,231.93,115.97
1786376670.43,2831.97,11392674.80,235.84,117.92
1786376672.44,2833.98,11392889.16,214.36,107.18
1786376674.45,2835.99,11393110.35,221.19,110.60
1786376676.46,2838.00,11393343.75,233.40,116.70
1786376678.47,2840.01,11393461.91,118.16,59.08
1786376680.48,2842.02,11393603.03,141.11,70.56
1786376682.49,2844.04,11393833.98,230.96,115.48
1786376684.50,2846.05,11394071.78,237.79,118.90
1786376686.52,2848.06,11394277.83,206.05,103.03
1786376688.53,2850.07,11394508.30,230.47,115.23
1786376690.54,2852.08,11394738.28,229.98,114.99
1786376692.55,2854.09,11394969.73,231.45,115.72
1786376694.56,2856.10,11395201.17,231.45,115.72
1786376696.57,2858.11,11395432.13,230.96,115.48
1786376698.58,2860.12,11395576.17,144.04,72.02
1786376700.67,2862.21,11395697.75,121.58,60.79
1786376702.68,2864.22,11395910.16,212.40,106.20
1786376704.69,2866.23,11396135.25,225.10,112.55
1786376706.70,2868.24,11396366.70,231.45,115.72
1786376708.71,2870.25,11396597.66,230.96,115.48
1786376710.72,2872.26,11396827.64,229.98,114.99
1786376712.73,2874.27,11397059.57,231.93,115.97
1786376714.74,2876.28,11397291.99,232.42,116.21
1786376716.75,2878.29,11397496.09,204.10,102.05
1786376718.77,2880.31,11397591.80,95.70,47.85
1786376720.78,2882.32,11397810.06,218.26,109.13
1786376722.79,2884.33,11398087.40,277.34,138.67
1786376724.81,2886.36,11398302.73,215.33,107.67
1786376726.82,2888.37,11398510.74,208.01,104.00
1786376728.83,2890.38,11398702.64,191.89,95.95
1786376730.84,2892.39,11398925.29,222.66,111.33
1786376732.86,2894.40,11399159.67,234.38,117.19
1786376734.87,2896.41,11399391.11,231.45,115.72
1786376736.88,2898.43,11399537.60,146.48,73.24
1786376738.90,2900.45,11399675.78,138.18,69.09
1786376740.91,2902.45,11399855.47,179.69,89.84
1786376742.92,2904.47,11400085.45,229.98,114.99
1786376744.93,2906.47,11400314.45,229.00,114.50
1786376746.94,2908.48,11400532.23,217.77,108.89
1786376748.95,2910.49,11400759.28,227.05,113.53
1786376750.96,2912.51,11400975.10,215.82,107.91
1786376752.97,2914.52,11401183.11,208.01,104.00
1786376754.98,2916.53,11401380.86,197.75,98.88
1786376756.99,2918.53,11401592.29,211.43,105.71
1786376759.00,2920.54,11401769.04,176.76,88.38
1786376761.09,2922.63,11401940.92,171.88,85.94
1786376763.10,2924.64,11402151.37,210.45,105.22
1786376765.11,2926.65,11402381.84,230.47,115.23
1786376767.12,2928.66,11402578.12,196.29,98.14
1786376769.13,2930.67,11402782.71,204.59,102.29
1786376771.14,2932.68,11402999.51,216.80,108.40
1786376773.14,2934.69,11403219.73,220.21,110.11
1786376775.16,2936.70,11403451.66,231.93,115.97
1786376777.17,2938.71,11403632.81,181.15,90.58
1786376779.24,2940.78,11403801.27,168.46,84.23
1786376781.25,2942.79,11404033.20,231.93,115.97
1786376783.26,2944.80,11404265.14,231.93,115.97
1786376785.26,2946.81,11404469.73,204.59,102.29
1786376787.28,2948.82,11404700.68,230.96,115.48
1786376789.29,2950.83,11404932.62,231.93,115.97
1786376791.30,2952.84,11405164.55,231.93,115.97
1786376793.31,2954.85,11405398.93,234.38,117.19
1786376795.32,2956.86,11405630.86,231.93,115.97
1786376797.33,2958.88,11405697.75,66.89,33.45
1786376799.37,2960.92,11405862.30,164.55,82.28
1786376801.39,2962.93,11406092.77,230.47,115.23
1786376803.40,2964.94,11406324.22,231.45,115.72
1786376805.41,2966.96,11406555.18,230.96,115.48
1786376807.42,2968.96,11406786.13,230.96,115.48
1786376809.44,2970.98,11406968.26,182.13,91.06
1786376811.44,2972.99,11407266.60,298.34,149.17
1786376813.45,2974.99,11407474.12,207.52,103.76
1786376815.46,2977.00,11407684.08,209.96,104.98
1786376817.53,2979.07,11407773.44,89.36,44.68
1786376819.55,2981.09,11407975.10,201.66,100.83
1786376821.55,2983.10,11408207.52,232.42,116.21
1786376823.56,2985.10,11408427.25,219.73,109.86
1786376825.57,2987.11,11408647.95,220.70,110.35
1786376827.58,2989.12,11408870.12,222.17,111.08
1786376829.59,2991.13,11409063.96,193.85,96.92
1786376831.60,2993.14,11409278.81,214.84,107.42
1786376833.60,2995.15,11409509.28,230.47,115.23
1786376835.61,2997.16,11409714.36,205.08,102.54
1786376837.63,2999.17,11409781.25,66.89,33.45
1786376839.77,3001.31,11409983.89,202.64,101.32
1786376841.78,3003.32,11410209.96,226.07,113.04
1786376843.79,3005.33,11410414.06,204.10,102.05
1786376845.80,3007.34,11410646.00,231.93,115.97
1786376847.81,3009.36,11410875.00,229.00,114.50
1786376849.83,3011.37,11411105.47,230.47,115.23
1786376851.84,3013.38,11411337.89,232.42,116.21
1786376853.85,3015.39,11411569.82,231.93,115.97
1786376855.87,3017.42,11411771.00,201.17,100.59
1786376857.90,3019.44,11411871.58,100.59,50.29
1786376859.91,3021.45,11412073.24,201.66,100.83
1786376861.92,3023.46,11412303.22,229.98,114.99
1786376863.93,3025.47,11412510.74,207.52,103.76
1786376865.94,3027.48,11412738.77,228.03,114.01
1786376867.95,3029.50,11412969.73,230.96,115.48
1786376869.96,3031.51,11413201.66,231.93,115.97
1786376871.98,3033.52,11413436.52,234.86,117.43
1786376873.98,3035.53,11413721.68,285.16,142.58
1786376876.00,3037.54,11413837.40,115.72,57.86
1786376878.04,3039.58,11413980.96,143.55,71.78
1786376880.05,3041.59,11414173.34,192.38,96.19
1786376882.06,3043.60,11414389.65,216.31,108.15
1786376884.07,3045.61,11414636.72,247.07,123.54
1786376886.08,3047.62,11414863.77,227.05,113.53
1786376888.09,3049.63,11415079.10,215.33,107.67
1786376890.10,3051.64,11415286.62,207.52,103.76
1786376892.11,3053.65,11415516.60,229.98,114.99
1786376894.13,3055.67,11415747.07,230.47,115.23
1786376896.14,3057.68,11415931.15,184.08,92.04
1786376898.24,3059.78,11416056.64,125.49,62.74
1786376900.25,3061.79,11416295.90,239.26,119.63
1786376902.26,3063.80,11416526.86,230.96,115.48
1786376904.27,3065.81,11416758.30,231.45,115.72
1786376906.28,3067.82,11416991.70,233.40,116.70
1786376908.28,3069.83,11417199.22,207.52,103.76
1786376910.29,3071.83,11417410.64,211.43,105.71
1786376912.30,3073.84,11417625.98,215.33,107.67
1786376914.31,3075.85,11417838.87,212.89,106.45
1786376916.32,3077.86,11417951.66,112.79,56.40
1786376918.33,3079.87,11418148.44,196.78,98.39
1786376920.34,3081.88,11418344.73,196.29,98.14
1786376922.35,3083.89,11418563.48,218.75,109.38
1786376924.36,3085.90,11418774.41,210.94,105.47
1786376926.37,3087.91,11418989.75,215.33,107.67
1786376928.38,3089.92,11419219.73,229.98,114.99
1786376930.39,3091.93,11419452.15,232.42,116.21
1786376932.40,3093.94,11419689.45,237.30,118.65
1786376934.41,3095.96,11419912.11,222.66,111.33
1786376936.47,3098.01,11420013.67,101.56,50.78
1786376938.49,3100.03,11420230.96,217.29,108.64
1786376940.61,3102.15,11420462.40,231.45,115.72
1786376942.62,3104.16,11420693.36,230.96,115.48
1786376944.63,3106.17,11420923.83,230.47,115.23
1786376946.64,3108.18,11421155.76,231.93,115.97
1786376948.94,3110.48,11421391.11,235.35,117.68
1786376950.95,3112.49,11421612.30,221.19,110.60
1786376952.96,3114.50,11421827.15,214.84,107.42
1786376954.97,3116.51,11422014.16,187.01,93.51
1786376956.98,3118.52,11422180.18,166.02,83.01
1786376959.06,3120.60,11422278.32,98.14,49.07
1786376961.08,3122.62,11422492.19,213.87,106.93
1786376963.09,3124.63,11422701.17,208.98,104.49
1786376965.10,3126.64,11422933.59,232.42,116.21
1786376967.11,3128.65,11423164.55,230.96,115.48
1786376969.12,3130.66,11423395.02,230.47,115.23
1786376971.13,3132.67,11423623.05,228.03,114.01
1786376973.14,3134.68,11423833.98,210.94,105.47
1786376975.15,3136.69,11424026.86,192.87,96.44
1786376978.05,3139.59,11424211.43,184.57,92.29
1786376980.06,3141.60,11424478.52,267.09,133.54
1786376982.07,3143.61,11424709.96,231.45,115.72
1786376984.08,3145.62,11424923.34,213.38,106.69
1786376986.09,3147.63,11425136.72,213.38,106.69
1786376988.10,3149.64,11425369.14,232.42,116.21
1786376990.11,3151.66,11425647.95,278.81,139.40
1786376992.12,3153.66,11425872.07,224.12,112.06
1786376994.13,3155.68,11426036.62,164.55,82.28
1786376997.32,3158.86,11426270.51,233.89,116.94
1786376999.38,3160.93,11426457.52,187.01,93.51
1786377001.40,3162.94,11426688.96,231.45,115.72
1786377003.41,3164.95,11426921.39,232.42,116.21
1786377005.42,3166.96,11427151.86,230.47,115.23
1786377007.43,3168.97,11427381.84,229.98,114.99
1786377009.44,3170.98,11427609.86,228.03,114.01
1786377011.44,3172.99,11427833.98,224.12,112.06
1786377013.46,3175.00,11428045.41,211.43,105.71
1786377015.47,3177.01,11428129.88,84.47,42.24
1786377017.47,3179.02,11428337.89,208.01,104.00
1786377019.48,3181.03,11428568.85,230.96,115.48
1786377021.49,3183.04,11428789.55,220.70,110.35
1786377023.50,3185.04,11429008.79,219.24,109.62
1786377025.51,3187.05,11429235.35,226.56,113.28
1786377027.52,3189.07,11429468.75,233.40,116.70
1786377029.54,3191.08,11429698.73,229.98,114.99
1786377031.55,3193.09,11429901.37,202.64,101.32
1786377033.56,3195.10,11430016.60,115.23,57.62
1786377035.56,3197.11,11430158.69,142.09,71.04
1786377037.61,3199.15,11430308.59,149.90,74.95
1786377039.62,3201.16,11430583.01,274.41,137.21
1786377041.63,3203.17,11430792.48,209.47,104.74
1786377043.64,3205.18,11431002.44,209.96,104.98
1786377045.65,3207.20,11431232.91,230.47,115.23
1786377047.67,3209.21,11431464.84,231.93,115.97
1786377049.68,3211.22,11431696.29,231.45,115.72
1786377051.68,3213.23,11431926.76,230.47,115.23
1786377053.69,3215.23,11432143.55,216.80,108.40
1786377055.70,3217.24,11432233.40,89.84,44.92
1786377057.85,3219.39,11432442.87,209.47,104.74
1786377059.86,3221.40,11432677.73,234.86,117.43
1786377061.87,3223.41,11432878.42,200.68,100.34
1786377063.88,3225.42,11433110.84,232.42,116.21
1786377065.88,3227.43,11433322.75,211.91,105.96
1786377067.89,3229.44,11433556.64,233.89,116.94
1786377069.90,3231.44,11433784.18,227.54,113.77
1786377071.91,3233.45,11434016.11,231.93,115.97
1786377073.92,3235.46,11434197.75,181.64,90.82
1786377075.96,3237.51,11434306.64,108.89,54.44
1786377077.97,3239.52,11434564.45,257.81,128.91
1786377079.98,3241.52,11434794.92,230.47,115.23
1786377081.99,3243.53,11435025.39,230.47,115.23
1786377084.00,3245.54,11435253.42,228.03,114.01
1786377086.01,3247.56,11435452.64,199.22,99.61
1786377088.02,3249.56,11435640.14,187.50,93.75
1786377090.03,3251.57,11435877.44,237.30,118.65
1786377092.04,3253.58,11436102.54,225.10,112.55
1786377094.09,3255.64,11436258.30,155.76,77.88
1786377097.27,3258.82,11436493.65,235.35,117.68
1786377099.28,3260.83,11436705.08,211.43,105.71
1786377101.29,3262.83,11436935.06,229.98,114.99
1786377103.30,3264.84,11437163.57,228.52,114.26
1786377105.31,3266.85,11437375.98,212.40,106.20
1786377107.32,3268.87,11437608.89,232.91,116.46
1786377109.34,3270.88,11437842.29,233.40,116.70
1786377111.34,3272.89,11438073.24,230.96,115.48
1786377113.35,3274.89,11438277.83,204.59,102.29
1786377115.36,3276.90,11438422.36,144.53,72.27
1786377117.37,3278.91,11438532.71,110.35,55.18
1786377119.38,3280.92,11438759.77,227.05,113.53
1786377121.39,3282.93,11438976.07,216.31,108.15
1786377123.40,3284.94,11439207.52,231.45,115.72
1786377125.41,3286.95,11439439.94,232.42,116.21
1786377127.42,3288.96,11439671.39,231.45,115.72
1786377129.43,3290.97,11439903.32,231.93,115.97
1786377131.44,3292.98,11440103.52,200.20,100.10
1786377133.46,3295.01,11440309.08,205.57,102.78
1786377135.47,3297.02,11440399.41,90.33,45.17
1786377137.49,3299.03,11440603.03,203.61,101.81
1786377139.49,3301.04,11440796.39,193.36,96.68
1786377141.50,3303.04,11441012.21,215.82,107.91
1786377143.51,3305.06,11441209.96,197.75,98.88
1786377145.53,3307.07,11441441.41,231.45,115.72
1786377147.54,3309.08,11441671.39,229.98,114.99
1786377149.55,3311.09,11441902.83,231.45,115.72
1786377151.56,3313.10,11442136.23,233.40,116.70
1786377153.57,3315.11,11442349.61,213.38,106.69
1786377155.62,3317.17,11442438.48,88.87,44.43
1786377157.65,3319.19,11442655.27,216.80,108.40
1786377159.66,3321.20,11442874.02,218.75,109.38
1786377161.67,3323.22,11443062.01,187.99,93.99
1786377163.69,3325.23,11443292.97,230.96,115.48
1786377165.70,3327.24,11443528.32,235.35,117.68
1786377167.71,3329.25,11443758.79,230.47,115.23
1786377169.72,3331.26,11443963.87,205.08,102.54
1786377171.72,3333.27,11444176.76,212.89,106.45
1786377173.73,3335.27,11444371.09,194.34,97.17
1786377175.74,3337.28,11444481.45,110.35,55.18
1786377177.75,3339.30,11444651.86,170.41,85.21
1786377179.78,3341.32,11444782.71,130.86,65.43
1786377181.88,3343.43,11445032.71,250.00,125.00
1786377183.89,3345.43,11445293.46,260.74,130.37
1786377185.92,3347.46,11445500.00,206.54,103.27
1786377187.93,3349.47,11445702.15,202.15,101.07
1786377189.94,3351.48,11445910.64,208.50,104.25
1786377191.95,3353.49,11446132.32,221.68,110.84
1786377193.96,3355.50,11446363.77,231.45,115.72
1786377195.97,3357.51,11446490.23,126.46,63.23
1786377197.98,3359.52,11446692.38,202.15,101.07
1786377199.99,3361.53,11446884.28,191.89,95.95
1786377202.00,3363.54,11447099.12,214.84,107.42
1786377204.11,3365.65,11447328.61,229.49,114.75
1786377206.12,3367.66,11447560.06,231.45,115.72
1786377208.13,3369.67,11447791.99,231.93,115.97
1786377210.14,3371.68,11448006.84,214.84,107.42
1786377212.15,3373.69,11448252.93,246.09,123.05
1786377214.16,3375.70,11448463.38,210.45,105.22
1786377216.17,3377.71,11448546.39,83.01,41.50
1786377218.24,3379.78,11448708.50,162.11,81.05
1786377220.25,3381.80,11448984.38,275.88,137.94
1786377222.26,3383.81,11449195.31,210.94,105.47
1786377224.28,3385.82,11449421.39,226.07,113.04
1786377226.29,3387.83,11449618.65,197.27,98.63
1786377228.29,3389.84,11449845.70,227.05,113.53
1786377230.30,3391.85,11450062.01,216.31,108.15
1786377232.31,3393.86,11450269.53,207.52,103.76
1786377234.32,3395.86,11450498.54,229.00,114.50
1786377236.34,3397.88,11450703.61,205.08,102.54
1786377238.35,3399.89,11450835.94,132.32,66.16
1786377240.39,3401.93,11451023.93,187.99,93.99
1786377242.40,3403.94,11451241.70,217.77,108.89
1786377244.41,3405.95,11451458.98,217.29,108.64
1786377246.42,3407.96,11451687.99,229.00,114.50
1786377248.43,3409.97,11451905.27,217.29,108.64
1786377250.43,3411.98,11452122.07,216.80,108.40
1786377252.45,3413.99,11452353.03,230.96,115.48
1786377254.46,3416.00,11452569.34,216.31,108.15
1786377256.49,3418.03,11452766.11,196.78,98.39
1786377258.50,3420.04,11452875.49,109.38,54.69
1786377260.51,3422.06,11453101.56,226.07,113.04
1786377262.52,3424.07,11453319.82,218.26,109.13
1786377264.54,3426.08,11453549.80,229.98,114.99
1786377266.55,3428.09,11453780.76,230.96,115.48
1786377268.56,3430.10,11454011.72,230.96,115.48
1786377270.57,3432.11,11454243.65,231.93,115.97
1786377272.58,3434.12,11454470.21,226.56,113.28
1786377274.59,3436.13,11454611.82,141.60,70.80
1786377276.70,3438.24,11454749.51,137.70,68.85
1786377278.71,3440.25,11454980.96,231.45,115.72
1786377280.72,3442.26,11455210.45,229.49,114.75
1786377282.73,3444.27,11455416.50,206.05,103.03
1786377284.74,3446.28,11455648.44,231.93,115.97
1786377286.75,3448.29,11455879.88,231.45,115.72
1786377288.76,3450.30,11456111.33,231.45,115.72
1786377290.77,3452.31,11456348.14,236.82,118.41
1786377292.78,3454.33,11456580.57,232.42,116.21
1786377294.79,3456.33,11456653.32,72.75,36.38
1786377297.65,3459.19,11456867.68,214.36,107.18
1786377299.66,3461.20,11457073.24,205.57,102.78
1786377301.67,3463.21,11457303.22,229.98,114.99
1786377303.68,3465.22,11457535.64,232.42,116.21
1786377305.69,3467.24,11457769.04,233.40,116.70
1786377307.70,3469.25,11458000.00,230.96,115.48
1786377309.71,3471.26,11458232.91,232.91,116.46
1786377311.72,3473.27,11458464.84,231.93,115.97
1786377313.73,3475.27,11458669.92,205.08,102.54
1786377315.74,3477.28,11458729.98,60.06,30.03
1786377317.81,3479.36,11458965.82,235.84,117.92
1786377319.82,3481.37,11459197.27,231.45,115.72
1786377321.83,3483.37,11459425.78,228.52,114.26
1786377323.84,3485.38,11459642.58,216.80,108.40
1786377325.85,3487.40,11459874.02,231.45,115.72
1786377327.87,3489.41,11460105.96,231.93,115.97
1786377329.88,3491.42,11460335.94,229.98,114.99
1786377331.88,3493.43,11460567.38,231.45,115.72
1786377333.89,3495.44,11460726.56,159.18,79.59
1786377335.93,3497.47,11460823.73,97.17,48.58
1786377337.94,3499.48,11461059.08,235.35,117.68
1786377339.95,3501.49,11461271.97,212.89,106.45
1786377341.96,3503.50,11461496.58,224.61,112.30
1786377343.97,3505.51,11461726.56,229.98,114.99
1786377345.98,3507.52,11461958.01,231.45,115.72
1786377347.99,3509.53,11462191.89,233.89,116.94
1786377350.00,3511.55,11462407.23,215.33,107.67
1786377352.03,3513.57,11462625.49,218.26,109.13
1786377354.04,3515.58,11462759.77,134.28,67.14
1786377356.11,3517.65,11462908.69,148.93,74.46
1786377358.12,3519.67,11463151.86,243.16,121.58
1786377360.13,3521.67,11463381.84,229.98,114.99
1786377362.14,3523.68,11463609.38,227.54,113.77
1786377364.15,3525.69,11463818.36,208.98,104.49
1786377366.16,3527.70,11464050.78,232.42,116.21
1786377368.17,3529.71,11464287.11,236.33,118.16
1786377370.18,3531.73,11464519.04,231.93,115.97
1786377372.19,3533.73,11464750.00,230.96,115.48
1786377374.20,3535.74,11464827.15,77.15,38.57
1786377376.24,3537.78,11465023.44,196.29,98.14
1786377378.25,3539.79,11465247.56,224.12,112.06
1786377380.27,3541.81,11465479.00,231.45,115.72
1786377382.27,3543.82,11465710.94,231.93,115.97
1786377384.28,3545.82,11465948.73,237.79,118.90
1786377386.29,3547.84,11466154.30,205.57,102.78
1786377388.30,3549.85,11466362.79,208.50,104.25
1786377390.31,3551.85,11466599.12,236.33,118.16
1786377392.32,3553.86,11466795.90,196.78,98.39
1786377394.33,3555.87,11466900.39,104.49,52.25
1786377396.34,3557.89,11467049.80,149.41,74.71
1786377398.35,3559.89,11467335.94,286.13,143.07
1786377400.36,3561.90,11467560.55,224.61,112.30
1786377402.38,3563.92,11467777.34,216.80,108.40
1786377404.38,3565.93,11467994.63,217.29,108.64
1786377406.39,3567.94,11468210.45,215.82,107.91
1786377408.40,3569.95,11468428.22,217.77,108.89
1786377410.41,3571.96,11468648.93,220.70,110.35
1786377412.42,3573.97,11468849.61,200.68,100.34
1786377415.03,3576.58,11469060.06,210.45,105.22
1786377417.04,3578.59,11469293.46,233.40,116.70
1786377419.07,3580.61,11469487.30,193.85,96.92
1786377421.07,3582.62,11469679.69,192.38,96.19
1786377423.09,3584.63,11469911.62,231.93,115.97
1786377425.10,3586.64,11470142.58,230.96,115.48
1786377427.11,3588.65,11470374.02,231.45,115.72
1786377429.12,3590.66,11470579.59,205.57,102.78
1786377431.13,3592.67,11470850.10,270.51,135.25
1786377433.14,3594.69,11470944.34,94.24,47.12
1786377435.23,3596.77,11471110.84,166.50,83.25
1786377437.24,3598.78,11471352.54,241.70,120.85
1786377439.25,3600.79,11471573.73,221.19,110.60
1786377441.26,3602.80,11471804.20,230.47,115.23
1786377443.27,3604.81,11472035.64,231.45,115.72
1786377445.28,3606.83,11472308.11,272.46,136.23
1786377447.30,3608.84,11472518.55,210.45,105.22
1786377449.31,3610.85,11472711.91,193.36,96.68
1786377451.32,3612.86,11472940.92,229.00,114.50
1786377453.40,3614.94,11473023.93,83.01,41.50
1786377455.41,3616.96,11473234.38,210.45,105.22
1786377457.42,3618.96,11473464.84,230.47,115.23
1786377459.43,3620.97,11473687.01,222.17,111.08
1786377461.44,3622.98,11473900.39,213.38,106.69
1786377463.45,3624.99,11474102.54,202.15,101.07
1786377465.46,3627.00,11474333.01,230.47,115.23
1786377467.47,3629.01,11474547.85,214.84,107.42
1786377469.48,3631.02,11474768.07,220.21,110.11
1786377471.49,3633.03,11474982.42,214.36,107.18
1786377473.58,3635.12,11475138.67,156.25,78.12
1786377475.59,3637.13,11475410.64,271.97,135.99
1786377477.61,3639.15,11475612.30,201.66,100.83
1786377479.62,3641.16,11475835.45,223.14,111.57
1786377481.63,3643.17,11476053.71,218.26,109.13
1786377483.64,3645.18,11476280.76,227.05,113.53
1786377485.65,3647.19,11476511.23,230.47,115.23
1786377487.66,3649.20,11476743.65,232.42,116.21
1786377489.67,3651.22,11476973.63,229.98,114.99
1786377491.69,3653.23,11477093.26,119.63,59.81
1786377493.69,3655.24,11477325.20,231.93,115.97
1786377495.79,3657.33,11477467.29,142.09,71.04
1786377497.80,3659.34,11477696.29,229.00,114.50
1786377499.81,3661.35,11477904.30,208.01,104.00
1786377501.82,3663.36,11478135.74,231.45,115.72
1786377503.83,3665.38,11478366.21,230.47,115.23
1786377505.85,3667.39,11478597.17,230.96,115.48
1786377507.86,3669.40,11478828.12,230.96,115.48
1786377509.87,3671.41,11479061.04,232.91,116.46
1786377511.89,3673.44,11479184.08,123.05,61.52
1786377513.90,3675.44,11479358.89,174.80,87.40
1786377515.91,3677.45,11479577.15,218.26,109.13
1786377517.92,3679.46,11479820.80,243.65,121.83
1786377519.93,3681.47,11480015.62,194.82,97.41
1786377521.95,3683.49,11480244.63,229.00,114.50
1786377523.96,3685.50,11480492.68,248.05,124.02
1786377525.97,3687.51,11480724.61,231.93,115.97
1786377527.98,3689.53,11480956.05,231.45,115.72
1786377529.99,3691.53,11481158.20,202.15,101.07
1786377532.00,3693.54,11481301.76,143.55,71.78
1786377534.01,3695.55,11481420.90,119.14,59.57
1786377536.02,3697.56,11481648.44,227.54,113.77
1786377538.03,3699.57,11481884.28,235.84,117.92
1786377540.14,3701.69,11482117.68,233.40,116.70
1786377542.18,3703.72,11482348.63,230.96,115.48
1786377544.21,3705.75,11482580.57,231.93,115.97
1786377546.24,3707.78,11482812.99,232.42,116.21
1786377548.27,3709.81,11483044.43,231.45,115.72
1786377550.29,3711.83,11483174.32,129.88,64.94
1786377553.56,3715.11,11483480.96,306.64,153.32
1786377555.58,3717.12,11483714.84,233.89,116.94
1786377557.59,3719.13,11483926.76,211.91,105.96
1786377559.61,3721.15,11484174.32,247.56,123.78
1786377561.62,3723.17,11484369.63,195.31,97.66
1786377563.63,3725.17,11484586.91,217.29,108.64
1786377565.64,3727.18,11484786.62,199.71,99.85
1786377567.65,3729.20,11485017.09,230.47,115.23
1786377569.66,3731.21,11485180.18,163.09,81.54
1786377571.77,3733.32,11485299.32,119.14,59.57
1786377573.78,3735.33,11485568.85,269.53,134.77
1786377575.80,3737.34,11485799.80,230.96,115.48
1786377577.83,3739.37,11485946.78,146.97,73.49
1786377579.84,3741.38,11486187.01,240.23,120.12
1786377581.85,3743.39,11486414.55,227.54,113.77
1786377583.86,3745.40,11486639.16,224.61,112.30
1786377585.87,3747.41,11486872.56,233.40,116.70
1786377587.88,3749.42,11487105.96,233.40,116.70
1786377589.89,3751.43,11487231.93,125.98,62.99
1786377592.29,3753.83,11487459.96,228.03,114.01
1786377594.30,3755.85,11487690.92,230.96,115.48
1786377596.31,3757.85,11487921.88,230.96,115.48
1786377598.32,3759.87,11488153.32,231.45,115.72
1786377600.34,3761.88,11488358.89,205.57,102.78
1786377602.34,3763.89,11488579.10,220.21,110.11
1786377604.35,3765.90,11488770.51,191.41,95.70
1786377606.37,3767.91,11489001.46,230.96,115.48
1786377608.38,3769.92,11489232.91,231.45,115.72
1786377610.39,3771.93,11489313.48,80.57,40.28
1786377612.46,3774.00,11489506.35,192.87,96.44
1786377614.47,3776.01,11489722.66,216.31,108.15
1786377616.48,3778.02,11489926.27,203.61,101.81
1786377618.49,3780.03,11490159.67,233.40,116.70
1786377620.50,3782.04,11490390.14,230.47,115.23
1786377622.51,3784.05,11490611.33,221.19,110.60
1786377624.52,3786.06,11490827.15,215.82,107.91
1786377626.53,3788.07,11491058.59,231.45,115.72
1786377628.54,3790.09,11491285.64,227.05,113.53
1786377630.55,3792.09,11491360.35,74.71,37.35
1786377632.65,3794.20,11491618.65,258.30,129.15
1786377634.66,3796.20,11491830.08,211.43,105.71
1786377636.67,3798.21,11492069.34,239.26,119.63
1786377638.68,3800.22,11492304.20,234.86,117.43
1786377640.69,3802.23,11492507.81,203.61,101.81
1786377642.70,3804.24,11492739.26,231.45,115.72
1786377644.71,3806.25,11492970.70,231.45,115.72
1786377646.72,3808.27,11493201.17,230.47,115.23
1786377648.74,3810.28,11493359.86,158.69,79.35
1786377651.09,3812.64,11493558.11,198.24,99.12
1786377653.10,3814.64,11493789.06,230.96,115.48
1786377655.11,3816.65,11494020.51,231.45,115.72
1786377657.12,3818.66,11494251.46,230.96,115.48
1786377659.13,3820.67,11494464.84,213.38,106.69
1786377661.14,3822.68,11494691.89,227.05,113.53
1786377663.15,3824.69,11494970.70,278.81,139.40
1786377665.16,3826.70,11495154.30,183.59,91.80
1786377667.17,3828.71,11495397.46,243.16,121.58
1786377669.18,3830.72,11495562.01,164.55,82.28
1786377671.19,3832.73,11495776.86,214.84,107.42
1786377673.20,3834.74,11495993.16,216.31,108.15
1786377675.21,3836.75,11496203.12,209.96,104.98
1786377677.21,3838.76,11496416.02,212.89,106.45
1786377679.22,3840.77,11496626.95,210.94,105.47
1786377681.24,3842.78,11496862.30,235.35,117.68
1786377683.25,3844.79,11497094.24,231.93,115.97
1786377685.26,3846.80,11497326.17,231.93,115.97
1786377687.27,3848.81,11497479.49,153.32,76.66
1786377689.35,3850.89,11497648.93,169.43,84.72
1786377691.36,3852.90,11497871.09,222.17,111.08
1786377693.37,3854.91,11498073.73,202.64,101.32
1786377695.38,3856.92,11498306.15,232.42,116.21
1786377697.40,3858.95,11498497.56,191.41,95.70
1786377699.41,3860.95,11498714.84,217.29,108.64
1786377701.43,3862.97,11498971.19,256.35,128.17
1786377703.44,3864.98,11499194.82,223.63,111.82
1786377705.45,3866.99,11499406.25,211.43,105.71
1786377707.46,3869.00,11499543.95,137.70,68.85
1786377710.49,3872.03,11499840.33,296.39,148.19
1786377712.50,3874.04,11500077.64,237.30,118.65
1786377714.51,3876.05,11500295.90,218.26,109.13
1786377716.52,3878.06,11500538.57,242.68,121.34
1786377718.53,3880.08,11500735.84,197.27,98.63
1786377720.54,3882.08,11500933.11,197.27,98.63
1786377722.55,3884.09,11501172.36,239.26,119.63
1786377724.56,3886.10,11501380.37,208.01,104.00
1786377726.57,3888.12,11501548.34,167.97,83.98
1786377728.75,3890.29,11501689.45,141.11,70.56
1786377730.76,3892.30,11501885.25,195.80,97.90
1786377732.77,3894.31,11502095.70,210.45,105.22
1786377734.78,3896.32,11502336.91,241.21,120.61
1786377736.79,3898.33,11502541.99,205.08,102.54
1786377738.80,3900.34,11502771.97,229.98,114.99
1786377740.81,3902.36,11503001.46,229.49,114.75
1786377742.82,3904.37,11503238.77,237.30,118.65
1786377744.83,3906.38,11503469.73,230.96,115.48
1786377746.84,3908.38,11503583.01,113.28,56.64
1786377748.88,3910.42,11503762.21,179.20,89.60
1786377750.89,3912.43,11504021.00,258.79,129.39
1786377752.90,3914.44,11504252.44,231.45,115.72
1786377754.91,3916.45,11504482.91,230.47,115.23
1786377756.92,3918.47,11504710.94,228.03,114.01
1786377758.94,3920.49,11504932.13,221.19,110.60
1786377760.95,3922.50,11505147.46,215.33,107.67
1786377762.96,3924.50,11505362.30,214.84,107.42
1786377764.97,3926.51,11505567.87,205.57,102.78
1786377766.98,3928.52,11505670.90,103.03,51.51
1786377769.02,3930.57,11505911.13,240.23,120.12
1786377771.04,3932.58,11506141.60,230.47,115.23
1786377773.05,3934.59,11506369.14,227.54,113.77
1786377775.06,3936.60,11506601.07,231.93,115.97
1786377777.07,3938.61,11506833.01,231.93,115.97
1786377779.08,3940.62,11507064.45,231.45,115.72
1786377781.09,3942.63,11507269.53,205.08,102.54
1786377783.10,3944.64,11507501.46,231.93,115.97
1786377785.19,3946.73,11507648.93,147.46,73.73
1786377787.21,3948.75,11507822.75,173.83,86.91
1786377789.22,3950.76,11508051.76,229.00,114.50
1786377791.22,3952.77,11508278.81,227.05,113.53
1786377793.23,3954.78,11508502.44,223.63,111.82
1786377795.24,3956.78,11508723.14,220.70,110.35
1786377797.25,3958.79,11508950.20,227.05,113.53
1786377799.26,3960.80,11509183.11,232.91,116.46
1786377801.27,3962.82,11509411.13,228.03,114.01
1786377803.28,3964.82,11509679.69,268.55,134.28
1786377805.42,3966.96,11509750.49,70.80,35.40
1786377807.43,3968.97,11509954.10,203.61,101.81
1786377809.44,3970.99,11510158.20,204.10,102.05
1786377811.45,3973.00,11510391.60,233.40,116.70
1786377813.46,3975.01,11510622.56,230.96,115.48
1786377815.48,3977.02,11510853.03,230.47,115.23
1786377817.48,3979.03,11511083.98,230.96,115.48
1786377819.49,3981.04,11511298.83,214.84,107.42
1786377821.50,3983.04,11511511.23,212.40,106.20
1786377823.52,3985.06,11511721.68,210.45,105.22
1786377825.91,3987.45,11511865.23,143.55,71.78
1786377827.92,3989.46,11512096.19,230.96,115.48
1786377829.93,3991.47,11512327.15,230.96,115.48
1786377831.94,3993.48,11512557.13,229.98,114.99
1786377833.95,3995.49,11512788.57,231.45,115.72
1786377835.96,3997.50,11513024.90,236.33,118.16
1786377837.97,3999.51,11513244.14,219.24,109.62
1786377839.98,4001.52,11513425.29,181.15,90.58
1786377841.99,4003.53,11513642.09,216.80,108.40
1786377844.00,4005.54,11513781.74,139.65,69.82
1786377847.17,4008.71,11514037.60,255.86,127.93
1786377849.18,4010.72,11514260.74,223.14,111.57
1786377851.19,4012.73,11514479.98,219.24,109.62
1786377853.19,4014.74,11514696.29,216.31,108.15
1786377855.20,4016.75,11514907.71,211.43,105.71
1786377857.22,4018.76,11515135.25,227.54,113.77
1786377859.23,4020.77,11515366.21,230.96,115.48
1786377861.24,4022.78,11515596.68,230.47,115.23
1786377863.25,4024.80,11515802.25,205.57,102.78
1786377865.31,4026.85,11515937.01,134.77,67.38
1786377867.32,4028.86,11516130.37,193.36,96.68
1786377869.33,4030.87,11516370.61,240.23,120.12
1786377871.34,4032.88,11516585.45,214.84,107.42
1786377873.35,4034.89,11516797.36,211.91,105.96
1786377875.36,4036.90,11517017.09,219.73,109.86
1786377877.37,4038.91,11517248.54,231.45,115.72
1786377879.38,4040.92,11517479.49,230.96,115.48
1786377881.39,4042.93,11517715.82,236.33,118.16
1786377883.40,4044.94,11517862.79,146.97,73.49
1786377885.43,4046.97,11518011.72,148.93,74.46
1786377887.44,4048.98,11518199.22,187.50,93.75
1786377889.45,4050.99,11518410.64,211.43,105.71
1786377891.46,4053.00,11518642.58,231.93,115.97
1786377893.47,4055.02,11518874.51,231.93,115.97
1786377895.49,4057.03,11519160.64,286.13,143.07
1786377897.50,4059.04,11519379.88,219.24,109.62
1786377899.51,4061.05,11519610.84,230.96,115.48
1786377901.52,4063.06,11519841.31,230.47,115.23
1786377903.53,4065.07,11519943.36,102.05,51.03
1786377905.62,4067.16,11520098.63,155.27,77.64
1786377907.64,4069.18,11520328.12,229.49,114.75
1786377909.64,4071.19,11520559.08,230.96,115.48
1786377911.65,4073.19,11520768.07,208.98,104.49
1786377913.72,4075.26,11520998.05,229.98,114.99
1786377915.73,4077.27,11521229.98,231.93,115.97
1786377917.74,4079.28,11521460.45,230.47,115.23
1786377920.01,4081.55,11521690.92,230.47,115.23
1786377922.02,4083.56,11521921.88,230.96,115.48
1786377924.03,4085.58,11522042.48,120.61,60.30
1786377926.12,4087.66,11522182.13,139.65,69.82
1786377928.13,4089.67,11522393.07,210.94,105.47
1786377930.14,4091.68,11522625.00,231.93,115.97
1786377932.15,4093.69,11522855.47,230.47,115.23
1786377934.15,4095.70,11523075.68,220.21,110.11
1786377936.16,4097.70,11523298.83,223.14,111.57
1786377938.17,4099.71,11523528.32,229.49,114.75
1786377940.18,4101.73,11523733.89,205.57,102.78
1786377942.20,4103.74,11523943.85,209.96,104.98
1786377944.21,4105.75,11524053.71,109.86,54.93
1786377946.23,4107.78,11524253.91,200.20,100.10
1786377948.24,4109.78,11524484.86,230.96,115.48
1786377950.25,4111.79,11524693.36,208.50,104.25
1786377952.26,4113.80,11524922.85,229.49,114.75
1786377954.27,4115.81,11525154.30,231.45,115.72
1786377956.28,4117.83,11525385.74,231.45,115.72
1786377958.29,4119.83,11525614.26,228.52,114.26
1786377960.30,4121.84,11525817.87,203.61,101.81
1786377962.31,4123.85,11525998.54,180.66,90.33
1786377964.41,4125.95,11526084.47,85.94,42.97
1786377966.41,4127.96,11526316.41,231.93,115.97
1786377968.42,4129.96,11526548.34,231.93,115.97
1786377970.43,4131.97,11526778.81,230.47,115.23
1786377972.44,4133.98,11527008.30,229.49,114.75
1786377974.45,4135.99,11527233.40,225.10,112.55
1786377976.46,4138.00,11527445.31,211.91,105.96
1786377978.47,4140.01,11527704.10,258.79,129.39
1786377980.48,4142.02,11527932.62,228.52,114.26
1786377982.49,4144.03,11528061.52,128.91,64.45
1786377984.51,4146.05,11528143.07,81.54,40.77
1786377986.53,4148.07,11528438.48,295.41,147.71
1786377988.54,4150.09,11528650.88,212.40,106.20
1786377990.55,4152.10,11528854.98,204.10,102.05
1786377992.56,4154.11,11529065.43,210.45,105.22
1786377994.57,4156.11,11529284.67,219.24,109.62
1786377996.58,4158.12,11529509.77,225.10,112.55
1786377998.59,4160.14,11529740.72,230.96,115.48
1786378000.61,4162.15,11529972.66,231.93,115.97
1786378002.62,4164.16,11530142.09,169.43,84.72
1786378004.64,4166.18,11530267.58,125.49,62.74
1786378006.76,4168.30,11530527.83,260.25,130.13
1786378008.77,4170.31,11530720.21,192.38,96.19
1786378010.77,4172.32,11530934.57,214.36,107.18
1786378012.78,4174.33,11531167.97,233.40,116.70
1786378014.79,4176.34,11531386.23,218.26,109.13
1786378016.80,4178.34,11531591.31,205.08,102.54
1786378018.81,4180.36,11531822.27,230.96,115.48
1786378020.83,4182.37,11532057.62,235.35,117.68
1786378022.84,4184.38,11532179.69,122.07,61.04
1786378024.85,4186.39,11532336.91,157.23,78.61
1786378026.85,4188.40,11532562.01,225.10,112.55
1786378028.87,4190.41,11532781.25,219.24,109.62
1786378030.87,4192.42,11532985.84,204.59,102.29
1786378032.89,4194.43,11533217.77,231.93,115.97
1786378034.90,4196.44,11533454.59,236.82,118.41
1786378036.91,4198.45,11533686.04,231.45,115.72
1786378038.92,4200.46,11533914.55,228.52,114.26
1786378040.93,4202.47,11534126.95,212.40,106.20
1786378042.94,4204.48,11534203.12,76.17,38.09
1786378044.95,4206.49,11534381.84,178.71,89.36
1786378046.96,4208.51,11534614.75,232.91,116.46
1786378048.97,4210.51,11534837.40,222.66,111.33
1786378050.98,4212.52,11535053.22,215.82,107.91
1786378052.99,4214.53,11535283.69,230.47,115.23
1786378055.00,4216.55,11535515.62,231.93,115.97
1786378057.02,4218.56,11535747.07,231.45,115.72
1786378059.02,4220.57,11535979.00,231.93,115.97
1786378061.03,4222.58,11536191.89,212.89,106.45
1786378063.06,4224.61,11536250.49,58.59,29.30
1786378065.07,4226.61,11536503.91,253.42,126.71
1786378067.08,4228.62,11536723.14,219.24,109.62
1786378069.09,4230.63,11536943.36,220.21,110.11
1786378071.10,4232.64,11537174.80,231.45,115.72
1786378073.11,4234.65,11537406.74,231.93,115.97
1786378075.12,4236.66,11537638.18,231.45,115.72
1786378077.13,4238.67,11537869.63,231.45,115.72
1786378079.14,4240.68,11538102.54,232.91,116.46
1786378081.15,4242.69,11538264.65,162.11,81.05
1786378083.19,4244.73,11538375.00,110.35,55.18
1786378085.21,4246.75,11538604.98,229.98,114.99
1786378087.22,4248.76,11538836.91,231.93,115.97
1786378089.23,4250.77,11539066.89,229.98,114.99
1786378091.23,4252.78,11539313.48,246.58,123.29
1786378093.24,4254.79,11539549.32,235.84,117.92
1786378095.25,4256.79,11539742.19,192.87,96.44
1786378097.26,4258.80,11540035.64,293.46,146.73
1786378099.27,4260.81,11540261.72,226.07,113.04
1786378101.28,4262.82,11540357.42,95.70,47.85
1786378103.30,4264.84,11540572.27,214.84,107.42
1786378105.32,4266.86,11540763.67,191.41,95.70
1786378107.33,4268.87,11540972.66,208.98,104.49
1786378109.33,4270.88,11541214.84,242.19,121.09
1786378111.34,4272.89,11541434.57,219.73,109.86
1786378113.35,4274.90,11541660.64,226.07,113.04
1786378115.36,4276.91,11541892.58,231.93,115.97
1786378117.38,4278.92,11542121.58,229.00,114.50
1786378119.39,4280.93,11542309.08,187.50,93.75
1786378121.45,4283.00,11542410.16,101.07,50.54
1786378123.48,4285.03,11542695.31,285.16,142.58
1786378125.50,4287.04,11542892.09,196.78,98.39
1786378127.51,4289.05,11543118.65,226.56,113.28
1786378129.52,4291.06,11543333.50,214.84,107.42
1786378131.53,4293.07,11543554.20,220.70,110.35
1786378133.53,4295.08,11543781.74,227.54,113.77
1786378135.54,4297.09,11544014.16,232.42,116.21
1786378137.55,4299.09,11544242.68,228.52,114.26
1786378139.56,4301.10,11544366.21,123.54,61.77
1786378141.60,4303.14,11544542.48,176.27,88.13
1786378143.62,4305.16,11544754.88,212.40,106.20
1786378145.75,4307.30,11544986.33,231.45,115.72
1786378147.76,4309.31,11545217.77,231.45,115.72
1786378149.78,4311.32,11545448.24,230.47,115.23
1786378151.78,4313.33,11545679.69,231.45,115.72
1786378153.79,4315.34,11545884.28,204.59,102.29
1786378155.81,4317.35,11546101.56,217.29,108.64
1786378157.82,4319.36,11546322.27,220.70,110.35
1786378159.82,4321.37,11546432.13,109.86,54.93
1786378161.85,4323.39,11546610.35,178.22,89.11
1786378163.86,4325.40,11546816.41,206.05,103.03
1786378165.87,4327.41,11547046.39,229.98,114.99
1786378167.88,4329.43,11547256.35,209.96,104.98
1786378169.89,4331.44,11547477.05,220.70,110.35
1786378171.90,4333.44,11547703.12,226.07,113.04
1786378173.91,4335.45,11547907.71,204.59,102.29
1786378175.93,4337.47,11548142.09,234.38,117.19
1786378177.99,4339.53,11548368.16,226.07,113.04
1786378180.00,4341.54,11548489.26,121.09,60.55
1786378182.01,4343.55,11548730.47,241.21,120.61
1786378184.02,4345.56,11548960.45,229.98,114.99
1786378186.23,4347.77,11549190.92,230.47,115.23
1786378188.24,4349.78,11549421.39,230.47,115.23
1786378190.25,4351.79,11549659.67,238.28,119.14
1786378192.26,4353.80,11549890.62,230.96,115.48
1786378194.27,4355.81,11550094.24,203.61,101.81
1786378196.28,4357.82,11550325.68,231.45,115.72
1786378198.29,4359.83,11550468.26,142.58,71.29
1786378200.36,4361.90,11550583.98,115.72,57.86
1786378202.37,4363.91,11550813.96,229.98,114.99
1786378204.37,4365.92,11551042.48,228.52,114.26
1786378206.38,4367.92,11551254.39,211.91,105.96
1786378208.39,4369.94,11551480.47,226.07,113.04
1786378210.41,4371.95,11551710.45,229.98,114.99
1786378212.42,4373.96,11551934.08,223.63,111.82
1786378214.42,4375.97,11552149.41,215.33,107.67
1786378216.43,4377.98,11552340.82,191.41,95.70
1786378218.44,4379.98,11552519.53,178.71,89.36
1786378220.45,4381.99,11552688.96,169.43,84.72
1786378222.46,4384.00,11552910.16,221.19,110.60
1786378224.47,4386.01,11553142.09,231.93,115.97
1786378226.48,4388.02,11553349.12,207.03,103.52
1786378228.49,4390.03,11553556.15,207.03,103.52
1786378230.50,4392.04,11553771.48,215.33,107.67
1786378232.51,4394.05,11553978.03,206.54,103.27
1786378234.52,4396.06,11554205.57,227.54,113.77
1786378236.53,4398.07,11554441.41,235.84,117.92
1786378238.54,4400.08,11554597.17,155.76,77.88
1786378240.59,4402.14,11554745.12,147.95,73.97
1786378242.60,4404.15,11554971.68,226.56,113.28
1786378244.61,4406.16,11555181.64,209.96,104.98
1786378246.62,4408.16,11555404.79,223.14,111.57
1786378248.63,4410.17,11555619.63,214.84,107.42
1786378250.64,4412.19,11555875.98,256.35,128.17
1786378252.66,4414.20,11556122.56,246.58,123.29
1786378254.67,4416.21,11556354.49,231.93,115.97
1786378256.68,4418.23,11556586.43,231.93,115.97
1786378258.69,4420.23,11556641.11,54.69,27.34
1786378261.17,4422.71,11556847.17,206.05,103.03
1786378263.17,4424.72,11557072.27,225.10,112.55
1786378265.19,4426.73,11557291.02,218.75,109.38
1786378267.19,4428.74,11557516.60,225.59,112.79
1786378269.21,4430.75,11557748.05,231.45,115.72
1786378271.22,4432.76,11557978.03,229.98,114.99
1786378273.23,4434.77,11558210.45,232.42,116.21
1786378275.24,4436.78,11558442.38,231.93,115.97
1786378277.25,4438.80,11558647.46,205.08,102.54
1786378279.28,4440.82,11558759.28,111.82,55.91
1786378281.29,4442.83,11558968.26,208.98,104.49
1786378283.30,4444.84,11559176.76,208.50,104.25
1786378285.31,4446.85,11559408.69,231.93,115.97
1786378287.32,4448.86,11559641.11,232.42,116.21
1786378289.33,4450.88,11559873.05,231.93,115.97
1786378291.34,4452.88,11560093.75,220.70,110.35
1786378293.35,4454.89,11560309.08,215.33,107.67
1786378295.36,4456.90,11560542.48,233.40,116.70
1786378297.37,4458.92,11560684.57,142.09,71.04
1786378300.48,4462.02,11560834.96,150.39,75.20
1786378302.54,4464.08,11561006.35,171.39,85.69
1786378304.55,4466.09,11561280.76,274.41,137.21
1786378306.56,4468.10,11561512.21,231.45,115.72
1786378308.57,4470.11,11561729.98,217.77,108.89
1786378310.58,4472.12,11561937.50,207.52,103.76
1786378312.59,4474.13,11562126.46,188.96,94.48
1786378314.61,4476.16,11562357.91,231.45,115.72
1786378316.63,4478.17,11562589.36,231.45,115.72
1786378318.63,4480.18,11562713.38,124.02,62.01
1786378320.74,4482.28,11562901.86,188.48,94.24
1786378322.76,4484.30,11563079.10,177.25,88.62
1786378324.77,4486.31,11563333.50,254.39,127.20
1786378326.78,4488.32,11563525.39,191.89,95.95
1786378328.79,4490.33,11563754.39,229.00,114.50
1786378330.80,4492.34,11563989.75,235.35,117.68
1786378332.81,4494.35,11564211.43,221.68,110.84
1786378334.82,4496.36,11564442.38,230.96,115.48
1786378336.83,4498.37,11564672.85,230.47,115.23
1786378338.84,4500.38,11564784.18,111.33,55.66
1786378340.93,4502.47,11565011.72,227.54,113.77
1786378343.06,4504.60,11565249.51,237.79,118.90
1786378345.07,4506.61,11565483.40,233.89,116.94
1786378347.08,4508.62,11565702.15,218.75,109.38
1786378349.09,4510.63,11565932.62,230.47,115.23
1786378351.10,4512.64,11566150.88,218.26,109.13
1786378353.11,4514.65,11566382.81,231.93,115.97
1786378355.13,4516.67,11566589.36,206.54,103.27
1786378357.14,4518.68,11566791.99,202.64,101.32
1786378359.26,4520.81,11566908.20,116.21,58.11
1786378361.28,4522.82,11567113.77,205.57,102.78
1786378363.29,4524.83,11567332.52,218.75,109.38
1786378365.30,4526.84,11567549.32,216.80,108.40
1786378367.31,4528.85,11567769.53,220.21,110.11
1786378369.31,4530.86,11567960.45,190.92,95.46
1786378371.32,4532.87,11568178.71,218.26,109.13
1786378373.33,4534.87,11568408.69,229.98,114.99
1786378375.39,4536.94,11568623.54,214.84,107.42
1786378377.40,4538.95,11568829.10,205.57,102.78
1786378379.47,4541.01,11568977.54,148.44,74.22
1786378381.48,4543.03,11569146.48,168.95,84.47
1786378383.66,4545.21,11569362.79,216.31,108.15
1786378385.67,4547.22,11569581.05,218.26,109.13
1786378387.69,4549.23,11569812.50,231.45,115.72
1786378389.70,4551.24,11570045.41,232.91,116.46
1786378391.71,4553.25,11570280.27,234.86,117.43
1786378393.72,4555.26,11570511.23,230.96,115.48
1786378395.73,4557.27,11570717.29,206.05,103.03
1786378397.74,4559.28,11570875.49,158.20,79.10
1786378400.98,4562.52,11571094.73,219.24,109.62
1786378402.99,4564.53,11571341.31,246.58,123.29
1786378405.00,4566.54,11571569.82,228.52,114.26
1786378407.01,4568.55,11571791.99,222.17,111.08
1786378409.02,4570.56,11572023.44,231.45,115.72
1786378411.03,4572.58,11572252.93,229.49,114.75
1786378413.04,4574.59,11572460.45,207.52,103.76
1786378415.06,4576.60,11572693.36,232.91,116.46
1786378417.07,4578.61,11572913.57,220.21,110.11
1786378419.09,4580.63,11573026.86,113.28,56.64
1786378421.17,4582.71,11573187.99,161.13,80.57
1786378423.18,4584.72,11573427.25,239.26,119.63
1786378425.19,4586.73,11573648.44,221.19,110.60
1786378427.20,4588.74,11573881.35,232.91,116.46
1786378429.21,4590.75,11574111.82,230.47,115.23
1786378431.22,4592.76,11574340.33,228.52,114.26
1786378433.23,4594.77,11574547.36,207.03,103.52
1786378435.24,4596.78,11574777.34,229.98,114.99
1786378437.24,4598.79,11574944.34,166.99,83.50
1786378439.32,4600.86,11575079.59,135.25,67.63
1786378441.38,4602.92,11575248.54,168.95,84.47
1786378443.44,4604.98,11575479.49,230.96,115.48
1786378445.45,4607.00,11575708.01,228.52,114.26
1786378447.46,4609.01,11575931.64,223.63,111.82
1786378449.47,4611.01,11576139.65,208.01,104.00
1786378451.48,4613.02,11576341.80,202.15,101.07
1786378453.49,4615.03,11576576.17,234.38,117.19
1786378455.50,4617.04,11576795.41,219.24,109.62
1786378457.51,4619.05,11577013.18,217.77,108.89
1786378459.52,4621.06,11577132.32,119.14,59.57
1786378461.53,4623.07,11577336.91,204.59,102.29
1786378463.54,4625.08,11577562.50,225.59,112.79
1786378465.55,4627.09,11577772.46,209.96,104.98
1786378467.56,4629.10,11577984.38,211.91,105.96
1786378469.56,4631.11,11578201.66,217.29,108.64
1786378471.57,4633.11,11578419.92,218.26,109.13
1786378473.58,4635.12,11578655.27,235.35,117.68
1786378475.59,4637.13,11578867.19,211.91,105.96
1786378477.60,4639.14,11579042.97,175.78,87.89
1786378480.33,4641.88,11579241.70,198.73,99.37
1786378482.36,4643.90,11579447.27,205.57,102.78
1786378484.37,4645.91,11579685.06,237.79,118.90
1786378486.38,4647.92,11579915.04,229.98,114.99
1786378488.39,4649.93,11580121.09,206.05,103.03
1786378490.40,4651.94,11580351.07,229.98,114.99
1786378492.41,4653.95,11580575.20,224.12,112.06
1786378494.42,4655.96,11580785.64,210.45,105.22
1786378496.43,4657.97,11580993.65,208.01,104.00
1786378498.44,4659.98,11581119.63,125.98,62.99
1786378500.45,4662.00,11581291.50,171.88,85.94
1786378502.46,4664.01,11581495.61,204.10,102.05
1786378504.47,4666.01,11581717.29,221.68,110.84
1786378506.48,4668.02,11581935.55,218.26,109.13
1786378508.49,4670.03,11582153.32,217.77,108.89
1786378510.50,4672.04,11582384.77,231.45,115.72
1786378512.51,4674.05,11582614.75,229.98,114.99
1786378514.52,4676.07,11582943.85,329.10,164.55
1786378516.54,4678.08,11583157.23,213.38,106.69
1786378518.55,4680.10,11583268.55,111.33,55.66
1786378520.59,4682.14,11583430.66,162.11,81.05
1786378522.60,4684.14,11583641.60,210.94,105.47
1786378524.62,4686.16,11583874.51,232.91,116.46
1786378526.63,4688.17,11584105.96,231.45,115.72
1786378528.64,4690.18,11584331.54,225.59,112.79
1786378530.65,4692.19,11584558.59,227.05,113.53
1786378532.66,4694.20,11584777.34,218.75,109.38
1786378534.67,4696.21,11585007.32,229.98,114.99
1786378536.68,4698.22,11585222.66,215.33,107.67
1786378538.78,4700.32,11585310.06,87.40,43.70
1786378540.90,4702.44,11585535.64,225.59,112.79
1786378542.91,4704.45,11585768.07,232.42,116.21
1786378544.92,4706.46,11586000.49,232.42,116.21
1786378546.93,4708.47,11586235.84,235.35,117.68
1786378548.94,4710.48,11586443.85,208.01,104.00
1786378550.95,4712.49,11586672.85,229.00,114.50
1786378552.96,4714.50,11586904.30,231.45,115.72
1786378554.97,4716.51,11587136.23,231.93,115.97
1786378556.98,4718.53,11587234.86,98.63,49.32
1786378559.38,4720.92,11587432.62,197.75,98.88
1786378561.39,4722.93,11587665.53,232.91,116.46
1786378563.40,4724.94,11587891.60,226.07,113.04
1786378565.41,4726.95,11588103.03,211.43,105.71
1786378567.42,4728.96,11588330.08,227.05,113.53
1786378569.43,4730.97,11588560.55,230.47,115.23
1786378571.44,4732.98,11588789.06,228.52,114.26
1786378573.45,4734.99,11589020.02,230.96,115.48
1786378575.46,4737.00,11589222.17,202.15,101.07
1786378577.57,4739.11,11589331.54,109.38,54.69
1786378579.59,4741.13,11589515.62,184.08,92.04
1786378581.60,4743.14,11589747.07,231.45,115.72
1786378583.61,4745.15,11589978.03,230.96,115.48
1786378585.62,4747.16,11590190.92,212.89,106.45
1786378587.63,4749.17,11590416.50,225.59,112.79
1786378589.64,4751.18,11590648.93,232.42,116.21
1786378591.65,4753.19,11590880.86,231.93,115.97
1786378593.66,4755.20,11591116.21,235.35,117.68
1786378595.67,4757.22,11591285.16,168.95,84.47
1786378597.71,4759.25,11591372.07,86.91,43.46
1786378599.73,4761.27,11591606.93,234.86,117.43
1786378601.74,4763.28,11591838.38,231.45,115.72
1786378603.74,4765.29,11592068.85,230.47,115.23
1786378605.75,4767.30,11592290.04,221.19,110.60
1786378607.76,4769.30,11592511.23,221.19,110.60
1786378609.77,4771.32,11592742.19,230.96,115.48
1786378611.79,4773.33,11592972.17,229.98,114.99
1786378613.80,4775.34,11593203.12,230.96,115.48
1786378615.81,4777.35,11593340.82,137.70,68.85
1786378617.92,4779.46,11593533.69,192.87,96.44
1786378619.93,4781.47,11593763.67,229.98,114.99
1786378621.94,4783.48,11593994.14,230.47,115.23
1786378623.96,4785.50,11594229.00,234.86,117.43
1786378625.97,4787.51,11594457.03,228.03,114.01
1786378627.97,4789.52,11594674.32,217.29,108.64
1786378629.98,4791.52,11594892.58,218.26,109.13
1786378631.99,4793.53,11595125.00,232.42,116.21
1786378634.00,4795.55,11595339.36,214.36,107.18
1786378636.02,4797.56,11595413.09,73.73,36.87
1786378638.03,4799.57,11595616.21,203.12,101.56
1786378640.05,4801.60,11595825.20,208.98,104.49
1786378642.07,4803.61,11596056.15,230.96,115.48
1786378644.08,4805.62,11596287.60,231.45,115.72
1786378646.08,4807.63,11596519.04,231.45,115.72
1786378648.09,4809.63,11596728.03,208.98,104.49
1786378650.10,4811.64,11596919.43,191.41,95.70
1786378652.11,4813.65,11597141.11,221.68,110.84
1786378654.12,4815.66,11597361.82,220.70,110.35
1786378656.13,4817.67,11597434.57,72.75,36.38
1786378658.37,4819.92,11597679.69,245.12,122.56
1786378660.38,4821.93,11597910.64,230.96,115.48
1786378662.39,4823.93,11598140.14,229.49,114.75
1786378664.41,4825.95,11598339.36,199.22,99.61
1786378666.42,4827.96,11598583.98,244.63,122.31
1786378668.43,4829.97,11598775.39,191.41,95.70
1786378670.44,4831.98,11599022.95,247.56,123.78
1786378672.45,4833.99,11599228.52,205.57,102.78
1786378674.46,4836.00,11599417.48,188.96,94.48
1786378676.53,4838.07,11599561.04,143.55,71.78
1786378678.54,4840.08,11599781.74,220.70,110.35
1786378680.56,4842.10,11599998.05,216.31,108.15
1786378682.57,4844.11,11600229.98,231.93,115.97
1786378684.58,4846.12,11600459.96,229.98,114.99
1786378686.59,4848.13,11600696.29,236.33,118.16
1786378688.60,4850.15,11600927.73,231.45,115.72
1786378690.61,4852.16,11601159.67,231.93,115.97
1786378692.63,4854.17,11601390.62,230.96,115.48
1786378694.63,4856.18,11601479.49,88.87,44.43
1786378697.79,4859.33,11601755.37,275.88,137.94
1786378699.80,4861.34,11601989.75,234.38,117.19
1786378701.81,4863.35,11602208.98,219.24,109.62
1786378703.82,4865.37,11602439.45,230.47,115.23
1786378705.84,4867.38,11602653.81,214.36,107.18
1786378707.85,4869.39,11602863.28,209.47,104.74
1786378709.86,4871.40,11603088.38,225.10,112.55
1786378711.87,4873.41,11603299.32,210.94,105.47
1786378713.87,4875.42,11603494.63,195.31,97.66
1786378715.88,4877.43,11603631.35,136.72,68.36
1786378717.89,4879.43,11603867.68,236.33,118.16
1786378719.90,4881.44,11604066.41,198.73,99.37
1786378721.91,4883.45,11604267.58,201.17,100.59
1786378723.92,4885.46,11604480.96,213.38,106.69
1786378725.93,4887.47,11604704.59,223.63,111.82
1786378727.94,4889.48,11604936.04,231.45,115.72
1786378729.95,4891.49,11605167.97,231.93,115.97
1786378731.96,4893.50,11605398.44,230.47,115.23
1786378733.97,4895.52,11605568.36,169.92,84.96
1786378736.03,4897.57,11605700.20,131.84,65.92
1786378738.04,4899.58,11605911.13,210.94,105.47
1786378740.05,4901.59,11606139.16,228.03,114.01
1786378742.13,4903.67,11606369.63,230.47,115.23
1786378744.14,4905.68,11606598.14,228.52,114.26
1786378746.15,4907.69,11606829.59,231.45,115.72
1786378748.17,4909.71,11607063.96,234.38,117.19
1786378750.18,4911.72,11607295.41,231.45,115.72
1786378752.19,4913.73,11607525.88,230.47,115.23
1786378754.20,4915.74,11607648.44,122.56,61.28
1786378756.21,4917.75,11607768.55,120.12,60.06
1786378758.22,4919.76,11608053.22,284.67,142.33
1786378760.23,4921.77,11608285.16,231.93,115.97
1786378762.24,4923.79,11608497.07,211.91,105.96
1786378764.25,4925.79,11608736.33,239.26,119.63
1786378766.26,4927.80,11608956.05,219.73,109.86
1786378768.27,4929.82,11609185.55,229.49,114.75
1786378770.29,4931.83,11609417.97,232.42,116.21
1786378772.30,4933.84,11609622.07,204.10,102.05
1786378774.31,4935.85,11609759.28,137.21,68.60
1786378776.33,4937.87,11609955.57,196.29,98.14
1786378778.34,4939.88,11610163.57,208.01,104.00
1786378780.35,4941.89,11610377.44,213.87,106.93
1786378782.36,4943.90,11610585.94,208.50,104.25
1786378784.37,4945.91,11610822.27,236.33,118.16
1786378786.38,4947.92,11611038.57,216.31,108.15
1786378788.39,4949.93,11611270.51,231.93,115.97
1786378790.40,4951.94,11611503.42,232.91,116.46
1786378792.41,4953.95,11611662.60,159.18,79.59
1786378794.49,4956.04,11611775.39,112.79,56.40
1786378796.50,4958.04,11612061.52,286.13,143.07
1786378798.51,4960.05,11612272.46,210.94,105.47
1786378800.52,4962.06,11612486.33,213.87,106.93
1786378802.53,4964.07,11612701.17,214.84,107.42
1786378804.53,4966.08,11612925.29,224.12,112.06
1786378806.54,4968.09,11613132.81,207.52,103.76
1786378808.56,4970.10,11613363.28,230.47,115.23
1786378810.57,4972.11,11613597.17,233.89,116.94
1786378812.58,4974.12,11613719.24,122.07,61.04
1786378814.70,4976.24,11613910.64,191.41,95.70
1786378816.71,4978.25,11614124.51,213.87,106.93
1786378818.72,4980.26,11614319.34,194.82,97.41
1786378820.73,4982.27,11614550.78,231.45,115.72
1786378822.74,4984.28,11614756.35,205.57,102.78
1786378824.75,4986.29,11614991.70,235.35,117.68
1786378826.76,4988.30,11615222.17,230.47,115.23
1786378828.77,4990.31,11615551.27,329.10,164.55
1786378830.78,4992.32,11615737.79,186.52,93.26
1786378832.80,4994.34,11615815.43,77.64,38.82
1786378834.81,4996.35,11616064.94,249.51,124.76
1786378836.82,4998.36,11616278.81,213.87,106.93
1786378838.89,5000.43,11616487.30,208.50,104.25
1786378840.90,5002.44,11616717.77,230.47,115.23
1786378842.92,5004.46,11616949.22,231.45,115.72
1786378844.93,5006.47,11617181.64,232.42,116.21
1786378846.94,5008.48,11617412.60,230.96,115.48
1786378848.95,5010.50,11617618.16,205.57,102.78
1786378850.97,5012.51,11617767.58,149.41,74.71
1786378854.52,5016.07,11618040.53,272.95,136.47
1786378856.54,5018.08,11618233.40,192.87,96.44
1786378858.55,5020.09,11618486.82,253.42,126.71
1786378860.56,5022.10,11618697.27,210.45,105.22
1786378862.57,5024.11,11618929.20,231.93,115.97
1786378864.58,5026.12,11619160.64,231.45,115.72
1786378866.59,5028.13,11619365.23,204.59,102.29
1786378868.60,5030.15,11619591.31,226.07,113.04
1786378870.61,5032.16,11619803.71,212.40,106.20
1786378872.74,5034.29,11619872.07,68.36,34.18
1786378874.75,5036.30,11620145.51,273.44,136.72
1786378876.76,5038.31,11620354.98,209.47,104.74
1786378878.77,5040.31,11620558.11,203.12,101.56
1786378880.78,5042.32,11620780.76,222.66,111.33
1786378882.79,5044.33,11621011.72,230.96,115.48
1786378884.80,5046.35,11621244.14,232.42,116.21
1786378886.81,5048.35,11621453.12,208.98,104.49
1786378888.82,5050.37,11621685.55,232.42,116.21
1786378890.83,5052.37,11621842.29,156.74,78.37
1786378894.46,5056.00,11622082.03,239.75,119.87
1786378896.47,5058.02,11622312.01,229.98,114.99
1786378898.49,5060.03,11622527.83,215.82,107.91
1786378900.50,5062.04,11622748.05,220.21,110.11
1786378902.51,5064.05,11622984.86,236.82,118.41
1786378904.52,5066.06,11623214.84,229.98,114.99
1786378906.53,5068.07,11623446.29,231.45,115.72
1786378908.54,5070.08,11623676.76,230.47,115.23
1786378910.55,5072.09,11623883.79,207.03,103.52
1786378912.58,5074.12,11623958.50,74.71,37.35
1786378915.08,5076.62,11624229.98,271.48,135.74
1786378917.09,5078.63,11624443.36,213.38,106.69
1786378919.10,5080.64,11624656.25,212.89,106.45
1786378921.11,5082.65,11624861.82,205.57,102.78
1786378923.12,5084.66,11625093.26,231.45,115.72
1786378925.13,5086.67,11625314.45,221.19,110.60
1786378927.14,5088.68,11625530.27,215.82,107.91
1786378929.15,5090.69,11625760.25,229.98,114.99
1786378931.16,5092.70,11625979.98,219.73,109.86
1786378933.17,5094.71,11626112.79,132.81,66.41
1786378935.18,5096.72,11626252.93,140.14,70.07
1786378937.19,5098.73,11626474.12,221.19,110.60
1786378939.20,5100.74,11626687.01,212.89,106.45
1786378941.21,5102.75,11626918.46,231.45,115.72
1786378943.22,5104.76,11627150.88,232.42,116.21
1786378945.24,5106.78,11627383.79,232.91,116.46
1786378947.25,5108.79,11627613.77,229.98,114.99
1786378949.26,5110.80,11627850.10,236.33,118.16
1786378951.27,5112.81,11627998.54,148.44,74.22
1786378953.36,5114.91,11628108.40,109.86,54.93
1786378955.37,5116.91,11628339.84,231.45,115.72
1786378957.38,5118.92,11628568.85,229.00,114.50
1786378959.39,5120.93,11628779.30,210.45,105.22
1786378961.40,5122.94,11629005.86,226.56,113.28
1786378963.41,5124.95,11629237.79,231.93,115.97
1786378965.42,5126.97,11629472.66,234.86,117.43
1786378967.44,5128.98,11629702.64,229.98,114.99
1786378969.45,5130.99,11629934.57,231.93,115.97
1786378971.46,5133.00,11630053.71,119.14,59.57
1786378973.53,5135.07,11630260.74,207.03,103.52
1786378975.54,5137.08,11630490.23,229.49,114.75
1786378977.55,5139.09,11630719.24,229.00,114.50
1786378979.56,5141.10,11630917.48,198.24,99.12
1786378981.57,5143.11,11631121.09,203.61,101.81
1786378983.58,5145.12,11631341.31,220.21,110.11
1786378985.59,5147.13,11631556.64,215.33,107.67
1786378987.60,5149.14,11631788.09,231.45,115.72
1786378989.62,5151.16,11632019.53,231.45,115.72
1786378991.63,5153.17,11632199.71,180.18,90.09
1786378993.67,5155.21,11632285.64,85.94,42.97
1786378995.68,5157.22,11632560.55,274.90,137.45
1786378997.68,5159.23,11632774.41,213.87,106.93
1786378999.69,5161.23,11632996.58,222.17,111.08
1786379001.70,5163.24,11633210.45,213.87,106.93
1786379003.71,5165.25,11633440.43,229.98,114.99
1786379005.72,5167.26,11633703.12,262.70,131.35
1786379007.73,5169.27,11633935.06,231.93,115.97
1786379009.74,5171.28,11634104.49,169.43,84.72
1786379011.77,5173.32,11634196.78,92.29,46.14
1786379013.79,5175.33,11634491.21,294.43,147.22
1786379015.80,5177.34,11634723.63,232.42,116.21
1786379017.81,5179.36,11634955.57,231.93,115.97
1786379019.82,5181.36,11635138.18,182.62,91.31
1786379021.83,5183.37,11635354.98,216.80,108.40
1786379023.90,5185.45,11635568.36,213.38,106.69
1786379025.91,5187.45,11635790.04,221.68,110.84
1786379027.92,5189.47,11636023.44,233.40,116.70
1786379029.93,5191.48,11636170.41,146.97,73.49
1786379032.03,5193.57,11636373.54,203.12,101.56
1786379034.03,5195.58,11636601.07,227.54,113.77
1786379036.04,5197.58,11636811.52,210.45,105.22
1786379038.05,5199.60,11637043.95,232.42,116.21
1786379040.10,5201.64,11637276.86,232.91,116.46
1786379042.11,5203.65,11637514.16,237.30,118.65
1786379044.11,5205.66,11637722.17,208.01,104.00
1786379046.12,5207.67,11637923.34,201.17,100.59
1786379048.13,5209.67,11638134.77,211.43,105.71
1786379050.14,5211.68,11638262.21,127.44,63.72
1786379052.20,5213.74,11638442.87,180.66,90.33
1786379054.21,5215.75,11638671.88,229.00,114.50
1786379056.23,5217.77,11638887.70,215.82,107.91
1786379058.25,5219.79,11639176.76,289.06,144.53
1786379060.26,5221.80,11639375.00,198.24,99.12
1786379062.27,5223.81,11639595.70,220.70,110.35
1786379064.28,5225.82,11639804.69,208.98,104.49
1786379066.29,5227.83,11640026.37,221.68,110.84
1786379068.30,5229.84,11640212.89,186.52,93.26
1786379070.43,5231.97,11640354.98,142.09,71.04
1786379072.44,5233.98,11640639.65,284.67,142.33
1786379074.45,5235.99,11640853.03,213.38,106.69
1786379076.46,5238.00,11641086.43,233.40,116.70
1786379078.47,5240.01,11641289.55,203.12,101.56
1786379080.47,5242.02,11641535.16,245.61,122.80
1786379082.48,5244.03,11641742.68,207.52,103.76
1786379084.49,5246.03,11641970.21,227.54,113.77
1786379086.51,5248.05,11642201.17,230.96,115.48
1786379088.51,5250.06,11642295.90,94.73,47.36
1786379090.58,5252.12,11642463.87,167.97,83.98
1786379092.59,5254.13,11642693.85,229.98,114.99
1786379094.61,5256.15,11642924.80,230.96,115.48
1786379096.62,5258.16,11643155.76,230.96,115.48
1786379098.63,5260.17,11643379.88,224.12,112.06
1786379100.63,5262.18,11643590.33,210.45,105.22
1786379102.64,5264.18,11643815.92,225.59,112.79
1786379104.65,5266.19,11644012.21,196.29,98.14
1786379106.66,5268.20,11644251.46,239.26,119.63
1786379108.80,5270.34,11644373.05,121.58,60.79
1786379110.97,5272.51,11644583.98,210.94,105.47
1786379112.98,5274.52,11644788.57,204.59,102.29
1786379114.99,5276.53,11645018.55,229.98,114.99
1786379117.00,5278.54,11645244.14,225.59,112.79
1786379119.01,5280.55,11645442.38,198.24,99.12
1786379121.02,5282.56,11645649.90,207.52,103.76
1786379123.03,5284.57,11645869.63,219.73,109.86
1786379125.04,5286.58,11646086.91,217.29,108.64
1786379127.05,5288.59,11646317.38,230.47,115.23
1786379129.06,5290.60,11646409.67,92.29,46.14
1786379131.08,5292.62,11646664.06,254.39,127.20
1786379133.09,5294.63,11646894.53,230.47,115.23
1786379135.10,5296.64,11647102.05,207.52,103.76
1786379137.11,5298.65,11647332.52,230.47,115.23
1786379139.12,5300.66,11647563.48,230.96,115.48
1786379141.13,5302.68,11647794.43,230.96,115.48
1786379143.15,5304.69,11648026.37,231.93,115.97
1786379145.16,5306.70,11648258.30,231.93,115.97
1786379147.16,5308.71,11648406.25,147.95,73.97
1786379149.26,5310.81,11648607.42,201.17,100.59
1786379151.27,5312.81,11648829.59,222.17,111.08
1786379153.29,5314.83,11649025.39,195.80,97.90
1786379155.30,5316.85,11649248.05,222.66,111.33
1786379157.31,5318.86,11649448.24,200.20,100.10
1786379159.33,5320.87,11649679.20,230.96,115.48
1786379161.34,5322.88,11649909.18,229.98,114.99
1786379163.34,5324.89,11650132.81,223.63,111.82
1786379165.35,5326.89,11650349.12,216.31,108.15
1786379167.37,5328.91,11650461.91,112.79,56.40
1786379169.38,5330.92,11650609.38,147.46,73.73
1786379171.39,5332.93,11650871.58,262.21,131.10
1786379173.40,5334.94,11651095.21,223.63,111.82
1786379175.41,5336.95,11651326.17,230.96,115.48
1786379177.42,5338.96,11651539.55,213.38,106.69
1786379179.43,5340.97,11651813.96,274.41,137.21
1786379181.44,5342.98,11652046.39,232.42,116.21
1786379183.44,5344.99,11652269.53,223.14,111.57
1786379185.45,5347.00,11652455.08,185.55,92.77
1786379187.52,5349.06,11652532.71,77.64,38.82
1786379189.53,5351.07,11652827.15,294.43,147.22
1786379191.53,5353.08,11653060.06,232.91,116.46
1786379193.56,5355.10,11653256.35,196.29,98.14
1786379195.57,5357.11,11653477.54,221.19,110.60
1786379197.57,5359.12,11653679.20,201.66,100.83
1786379199.58,5361.13,11653904.79,225.59,112.79
1786379201.60,5363.14,11654137.70,232.91,116.46
1786379203.60,5365.15,11654368.16,230.47,115.23
1786379205.61,5367.15,11654499.51,131.35,65.67
1786379208.75,5370.29,11654799.80,300.29,150.15
1786379210.76,5372.30,11655029.79,229.98,114.99
1786379212.77,5374.31,11655265.62,235.84,117.92
1786379214.78,5376.32,11655497.07,231.45,115.72
1786379216.79,5378.33,11655728.52,231.45,115.72
1786379218.80,5380.34,11655958.01,229.49,114.75
1786379220.82,5382.36,11656161.62,203.61,101.81
1786379222.83,5384.37,11656347.66,186.04,93.02
1786379225.00,5386.55,11656566.89,219.24,109.62
1786379227.02,5388.56,11656654.30,87.40,43.70
1786379229.12,5390.66,11656888.18,233.89,116.94
1786379231.13,5392.67,11657099.61,211.43,105.71
1786379233.14,5394.68,11657343.26,243.65,121.83
1786379235.16,5396.70,11657537.11,193.85,96.92
1786379237.17,5398.71,11657763.67,226.56,113.28
1786379239.17,5400.72,11658010.25,246.58,123.29
1786379241.18,5402.73,11658242.19,231.93,115.97
1786379243.20,5404.74,11658477.54,235.35,117.68
1786379245.20,5406.75,11658644.04,166.50,83.25
1786379247.22,5408.76,11658778.32,134.28,67.14
1786379249.91,5411.45,11659051.27,272.95,136.47
1786379251.92,5413.46,11659281.25,229.98,114.99
1786379253.93,5415.47,11659514.16,232.91,116.46
1786379255.94,5417.48,11659725.10,210.94,105.47
1786379257.95,5419.49,11659951.66,226.56,113.28
1786379259.96,5421.50,11660185.06,233.40,116.70
1786379261.97,5423.51,11660415.53,230.47,115.23
1786379263.98,5425.52,11660633.79,218.26,109.13
1786379266.31,5427.85,11660819.34,185.55,92.77
1786379268.32,5429.86,11661050.29,230.96,115.48
1786379270.33,5431.87,11661264.16,213.87,106.93
1786379272.34,5433.88,11661486.82,222.66,111.33
1786379274.35,5435.89,11661724.12,237.30,118.65
1786379276.36,5437.90,11661956.05,231.93,115.97
1786379278.37,5439.91,11662185.55,229.49,114.75
1786379280.38,5441.92,11662410.64,225.10,112.55
1786379282.40,5443.94,11662624.51,213.87,106.93
1786379284.41,5445.95,11662776.86,152.34,76.17
1786379286.42,5447.96,11662881.35,104.49,52.25
1786379288.44,5449.98,11663113.28,231.93,115.97
1786379290.45,5452.00,11663347.17,233.89,116.94
1786379292.47,5454.01,11663579.59,232.42,116.21
1786379294.47,5456.02,11663790.53,210.94,105.47
1786379296.48,5458.02,11664022.95,232.42,116.21
1786379298.49,5460.04,11664235.84,212.89,106.45
1786379300.50,5462.05,11664438.48,202.64,101.32
1786379302.51,5464.06,11664652.34,213.87,106.93
1786379304.53,5466.07,11664767.09,114.75,57.37
1786379306.65,5468.19,11665000.98,233.89,116.94
1786379308.66,5470.20,11665232.42,231.45,115.72
1786379310.67,5472.21,11665461.91,229.49,114.75
1786379312.67,5474.22,11665693.85,231.93,115.97
1786379314.68,5476.22,11665925.29,231.45,115.72
1786379316.69,5478.23,11666142.58,217.29,108.64
1786379318.70,5480.24,11666362.79,220.21,110.11
1786379320.71,5482.25,11666598.63,235.84,117.92
1786379322.72,5484.26,11666754.88,156.25,78.12
1786379324.80,5486.34,11666858.40,103.52,51.76
1786379326.81,5488.35,11667090.33,231.93,115.97
1786379328.82,5490.37,11667321.29,230.96,115.48
1786379330.83,5492.38,11667552.25,230.96,115.48
1786379332.85,5494.39,11667782.23,229.98,114.99
1786379334.86,5496.40,11668012.70,230.47,115.23
1786379336.87,5498.41,11668234.86,222.17,111.08
1786379338.88,5500.42,11668451.17,216.31,108.15
1786379340.89,5502.43,11668686.52,235.35,117.68
1786379342.90,5504.44,11668859.86,173.34,86.67
1786379344.91,5506.45,11669040.53,180.66,90.33
1786379347.02,5508.57,11669140.14,99.61,49.80
1786379349.03,5510.58,11669296.39,156.25,78.12
1786379351.05,5512.59,11669489.75,193.36,96.68
1786379353.07,5514.61,11669763.67,273.93,136.96
1786379355.07,5516.62,11670011.23,247.56,123.78
1786379357.08,5518.63,11670236.33,225.10,112.55
1786379359.10,5520.64,11670463.87,227.54,113.77
1786379361.11,5522.65,11670646.00,182.13,91.06
1786379363.12,5524.66,11670823.73,177.73,88.87
1786379365.15,5526.69,11671018.07,194.34,97.17
1786379367.16,5528.70,11671167.97,149.90,74.95
1786379369.17,5530.72,11671400.39,232.42,116.21
1786379371.18,5532.73,11671630.37,229.98,114.99
1786379373.20,5534.74,11671840.82,210.45,105.22
1786379375.20,5536.75,11672045.90,205.08,102.54
1786379377.21,5538.76,11672263.18,217.29,108.64
1786379379.22,5540.77,11672483.89,220.70,110.35
1786379381.23,5542.77,11672697.75,213.87,106.93
1786379383.25,5544.79,11672907.71,209.96,104.98
1786379385.26,5546.80,11673026.86,119.14,59.57
1786379387.28,5548.82,11673234.38,207.52,103.76
1786379389.29,5550.83,11673447.27,212.89,106.45
1786379391.30,5552.84,11673656.74,209.47,104.74
1786379393.31,5554.85,11673869.63,212.89,106.45
1786379395.31,5556.86,11674092.77,223.14,111.57
1786379397.33,5558.87,11674323.24,230.47,115.23
1786379399.34,5560.88,11674558.11,234.86,117.43
1786379401.35,5562.89,11674843.26,285.16,142.58
1786379403.36,5564.91,11674961.91,118.65,59.33
1786379405.40,5566.94,11675145.02,183.11,91.55
1786379407.41,5568.95,11675349.12,204.10,102.05
1786379409.42,5570.96,11675584.96,235.84,117.92
1786379411.43,5572.97,11675801.76,216.80,108.40
1786379413.44,5574.98,11676029.30,227.54,113.77
1786379415.45,5576.99,11676233.40,204.10,102.05
1786379417.46,5579.00,11676465.33,231.93,115.97
1786379419.47,5581.01,11676695.80,230.47,115.23
1786379421.48,5583.02,11676927.73,231.93,115.97
1786379423.49,5585.03,11677088.38,160.64,80.32
1786379425.55,5587.09,11677238.77,150.39,75.20
1786379427.59,5589.14,11677419.92,181.15,90.58
1786379429.60,5591.14,11677632.81,212.89,106.45
1786379431.61,5593.15,11677859.38,226.56,113.28
1786379433.62,5595.17,11678091.31,231.93,115.97
1786379435.64,5597.18,11678321.29,229.98,114.99
1786379437.65,5599.19,11678552.73,231.45,115.72
1786379439.66,5601.20,11678783.20,230.47,115.23
1786379441.67,5603.21,11678986.82,203.61,101.81
1786379443.80,5605.34,11679083.98,97.17,48.58
1786379445.87,5607.41,11679324.71,240.72,120.36
1786379447.88,5609.43,11679556.15,231.45,115.72
1786379449.89,5611.44,11679787.60,231.45,115.72
1786379451.90,5613.44,11680018.55,230.96,115.48
1786379453.91,5615.45,11680240.72,222.17,111.08
1786379455.92,5617.46,11680455.08,214.36,107.18
1786379457.93,5619.48,11680685.06,229.98,114.99
1786379459.94,5621.49,11680922.85,237.79,118.90
1786379461.95,5623.50,11681057.13,134.28,67.14
1786379464.08,5625.62,11681221.19,164.06,82.03
1786379466.17,5627.71,11681452.15,230.96,115.48
1786379468.18,5629.72,11681681.64,229.49,114.75
1786379470.19,5631.74,11681914.06,232.42,116.21
1786379472.20,5633.75,11682146.00,231.93,115.97
1786379474.22,5635.76,11682379.39,233.40,116.70
1786379476.22,5637.77,11682594.24,214.84,107.42
1786379478.23,5639.78,11682819.34,225.10,112.55
1786379480.25,5641.79,11683046.39,227.05,113.53
1786379482.35,5643.89,11683206.05,159.67,79.83
1786379484.37,5645.91,11683322.27,116.21,58.11
1786379486.57,5648.11,11683626.46,304.20,152.10
1786379488.62,5650.16,11683857.91,231.45,115.72
1786379490.63,5652.17,11684088.87,230.96,115.48
1786379492.64,5654.18,11684295.41,206.54,103.27
1786379494.65,5656.19,11684480.96,185.55,92.77
1786379496.66,5658.20,11684699.71,218.75,109.38
1786379498.67,5660.21,11684930.66,230.96,115.48
1786379500.67,5662.22,11685082.52,151.86,75.93
1786379503.61,5665.15,11685395.02,312.50,156.25
1786379505.62,5667.16,11685626.46,231.45,115.72
1786379507.63,5669.17,11685857.91,231.45,115.72
1786379509.64,5671.18,11686080.08,222.17,111.08
1786379511.65,5673.19,11686297.85,217.77,108.89
1786379513.66,5675.20,11686523.93,226.07,113.04
1786379515.67,5677.21,11686755.37,231.45,115.72
1786379517.68,5679.22,11686987.79,232.42,116.21
1786379519.69,5681.23,11687165.04,177.25,88.62
1786379521.72,5683.26,11687283.20,118.16,59.08
1786379523.73,5685.27,11687462.40,179.20,89.60
1786379525.74,5687.28,11687682.62,220.21,110.11
1786379527.75,5689.29,11687914.55,231.93,115.97
1786379529.76,5691.30,11688145.51,230.96,115.48
1786379531.77,5693.32,11688377.44,231.93,115.97
1786379533.79,5695.33,11688604.98,227.54,113.77
1786379535.81,5697.36,11688834.47,229.49,114.75
1786379537.84,5699.38,11689043.95,209.47,104.74
1786379539.85,5701.39,11689183.59,139.65,69.82
1786379541.96,5703.50,11689362.30,178.71,89.36
1786379543.97,5705.51,11689577.15,214.84,107.42
1786379545.98,5707.52,11689809.57,232.42,116.21
1786379547.99,5709.53,11690091.80,282.23,141.11
1786379550.00,5711.54,11690318.36,226.56,113.28
1786379552.01,5713.56,11690489.75,171.39,85.69
1786379554.02,5715.57,11690701.17,211.43,105.71
1786379556.06,5717.60,11690933.11,231.93,115.97
1786379558.07,5719.61,11691166.50,233.40,116.70
1786379560.08,5721.62,11691372.07,205.57,102.78
1786379562.09,5723.63,11691488.77,116.70,58.35
1786379564.16,5725.70,11691748.54,259.77,129.88
1786379566.16,5727.71,11691978.03,229.49,114.75
1786379568.18,5729.72,11692229.00,250.98,125.49
1786379570.19,5731.74,11692460.45,231.45,115.72
1786379572.21,5733.75,11692665.04,204.59,102.29
1786379574.22,5735.76,11692884.28,219.24,109.62
1786379576.23,5737.77,11693088.87,204.59,102.29
1786379578.23,5739.78,11693267.09,178.22,89.11
1786379580.24,5741.79,11693453.61,186.52,93.26
1786379582.27,5743.81,11693670.41,216.80,108.40
1786379584.28,5745.82,11693900.39,229.98,114.99
1786379586.29,5747.83,11694125.00,224.61,112.30
1786379588.29,5749.84,11694342.29,217.29,108.64
1786379590.30,5751.85,11694563.96,221.68,110.84
1786379592.32,5753.86,11694795.41,231.45,115.72
1786379594.33,5755.87,11695027.83,232.42,116.21
1786379596.34,5757.88,11695262.21,234.38,117.19
1786379598.35,5759.89,11695412.11,149.90,74.95
1786379600.40,5761.94,11695551.27,139.16,69.58
1786379602.53,5764.07,11695736.33,185.06,92.53
1786379604.54,5766.08,11695955.57,219.24,109.62
1786379606.55,5768.09,11696187.50,231.93,115.97
1786379608.56,5770.10,11696419.92,232.42,116.21
1786379610.57,5772.11,11696655.76,235.84,117.92
1786379612.59,5774.13,11696925.78,270.02,135.01
1786379614.60,5776.14,11697157.23,231.45,115.72
1786379616.61,5778.15,11697332.52,175.29,87.65
1786379618.73,5780.27,11697418.95,86.43,43.21
1786379620.83,5782.37,11697647.95,229.00,114.50
1786379622.84,5784.38,11697877.93,229.98,114.99
1786379624.85,5786.40,11698109.38,231.45,115.72
1786379626.87,5788.41,11698345.70,236.33,118.16
1786379628.87,5790.42,11698578.12,232.42,116.21
1786379630.89,5792.43,11698793.46,215.33,107.67
1786379632.89,5794.44,11699022.46,229.00,114.50
1786379634.90,5796.45,11699247.56,225.10,112.55
1786379636.91,5798.45,11699402.83,155.27,77.64
1786379639.06,5800.60,11699588.87,186.04,93.02
1786379641.07,5802.61,11699828.12,239.26,119.63
1786379643.14,5804.68,11700062.50,234.38,117.19
1786379645.15,5806.69,11700294.43,231.93,115.97
1786379647.16,5808.70,11700518.55,224.12,112.06
1786379649.17,5810.71,11700756.84,238.28,119.14
1786379651.17,5812.72,11700985.35,228.52,114.26
1786379653.19,5814.73,11701182.13,196.78,98.39
1786379655.20,5816.74,11701409.67,227.54,113.77
1786379657.27,5818.81,11701474.61,64.94,32.47
1786379659.31,5820.86,11701686.52,211.91,105.96
1786379661.33,5822.87,11701918.95,232.42,116.21
1786379663.34,5824.88,11702150.39,231.45,115.72
1786379665.35,5826.89,11702382.32,231.93,115.97
1786379667.36,5828.90,11702614.26,231.93,115.97
1786379669.37,5830.91,11702839.84,225.59,112.79
1786379671.38,5832.93,11703034.18,194.34,97.17
1786379673.39,5834.93,11703281.74,247.56,123.78
1786379675.40,5836.94,11703452.15,170.41,85.21
1786379677.52,5839.07,11703552.73,100.59,50.29
1786379679.53,5841.07,11703772.95,220.21,110.11
1786379681.54,5843.09,11704005.86,232.91,116.46
1786379683.55,5845.10,11704237.30,231.45,115.72
1786379685.57,5847.11,11704470.21,232.91,116.46
1786379687.58,5849.12,11704706.54,236.33,118.16
1786379689.58,5851.13,11704938.48,231.93,115.97
1786379691.59,5853.13,11705165.04,226.56,113.28
1786379693.60,5855.14,11705361.82,196.78,98.39
1786379695.61,5857.15,11705507.81,146.00,73.00
1786379697.74,5859.29,11705686.04,178.22,89.11
1786379699.87,5861.41,11705864.26,178.22,89.11
1786379701.88,5863.42,11706094.73,230.47,115.23
1786379703.89,5865.43,11706331.54,236.82,118.41
1786379705.90,5867.44,11706562.99,231.45,115.72
1786379707.91,5869.45,11706794.43,231.45,115.72
1786379709.92,5871.47,11707024.41,229.98,114.99
1786379711.93,5873.47,11707255.86,231.45,115.72
1786379713.94,5875.48,11707485.35,229.49,114.75
1786379715.95,5877.49,11707559.57,74.22,37.11
1786379719.04,5880.58,11707812.99,253.42,126.71
1786379721.05,5882.59,11708005.86,192.87,96.44
1786379723.06,5884.60,11708233.89,228.03,114.01
1786379725.07,5886.61,11708443.36,209.47,104.74
1786379727.08,5888.62,11708672.85,229.49,114.75
1786379729.09,5890.63,11708905.27,232.42,116.21
1786379731.10,5892.64,11709134.77,229.49,114.75
1786379733.11,5894.65,11709423.34,288.57,144.29
1786379735.12,5896.66,11709604.49,181.15,90.58
1786379737.14,5898.68,11709745.61,141.11,70.56
1786379739.15,5900.70,11709954.59,208.98,104.49
1786379741.16,5902.70,11710185.55,230.96,115.48
1786379743.17,5904.71,11710416.50,230.96,115.48
1786379745.18,5906.73,11710647.46,230.96,115.48
1786379747.20,5908.74,11710874.51,227.05,113.53
1786379749.22,5910.76,11711069.34,194.82,97.41
1786379751.38,5912.92,11711341.80,272.46,136.23
1786379753.40,5914.94,11711560.55,218.75,109.38
1786379755.42,5916.96,11711685.06,124.51,62.26
1786379757.43,5918.97,11711803.22,118.16,59.08
1786379759.44,5920.99,11712034.18,230.96,115.48
1786379761.46,5923.00,11712264.65,230.47,115.23
1786379763.46,5925.01,11712467.29,202.64,101.32
1786379765.47,5927.01,11712672.36,205.08,102.54
1786379767.48,5929.02,11712886.72,214.36,107.18
1786379769.49,5931.03,11713145.51,258.79,129.39
1786379771.50,5933.04,11713341.31,195.80,97.90
1786379773.51,5935.05,11713559.08,217.77,108.89
1786379775.52,5937.06,11713686.04,126.95,63.48
1786379777.53,5939.07,11713909.18,223.14,111.57
1786379779.54,5941.09,11714104.00,194.82,97.41
1786379781.55,5943.10,11714330.08,226.07,113.04
1786379783.56,5945.11,11714534.18,204.10,102.05
1786379785.57,5947.12,11714767.09,232.91,116.46
1786379787.58,5949.12,11714992.19,225.10,112.55
1786379789.59,5951.13,11715206.05,213.87,106.93
1786379791.60,5953.14,11715436.04,229.98,114.99
1786379793.61,5955.16,11715666.50,230.47,115.23
1786379795.63,5957.17,11715767.58,101.07,50.54
1786379797.67,5959.21,11715985.84,218.26,109.13
1786379799.68,5961.22,11716210.94,225.10,112.55
1786379801.69,5963.23,11716412.60,201.66,100.83
1786379803.70,5965.25,11716625.98,213.38,106.69
1786379805.72,5967.26,11716856.45,230.47,115.23
1786379807.73,5969.27,11717124.51,268.07,134.03
1786379809.73,5971.28,11717336.43,211.91,105.96
1786379811.74,5973.29,11717565.43,229.00,114.50
1786379813.76,5975.30,11717723.63,158.20,79.10
1786379817.38,5978.92,11717990.72,267.09,133.54
1786379819.39,5980.93,11718196.29,205.57,102.78
1786379821.40,5982.94,11718420.41,224.12,112.06
1786379823.41,5984.95,11718636.23,215.82,107.91
1786379825.42,5986.96,11718863.77,227.54,113.77
1786379827.43,5988.97,11719096.19,232.42,116.21
1786379829.44,5990.98,11719327.64,231.45,115.72
1786379831.46,5993.00,11719560.06,232.42,116.21
1786379833.47,5995.01,11719776.37,216.31,108.15
1786379835.60,5997.14,11719920.41,144.04,72.02
1786379837.61,5999.15,11720152.83,232.42,116.21
1786379839.62,6001.17,11720382.81,229.98,114.99
1786379841.63,6003.18,11720620.12,237.30,118.65
1786379843.64,6005.18,11720850.59,230.47,115.23
1786379845.66,6007.20,11721068.85,218.26,109.13
1786379847.67,6009.21,11721287.60,218.75,109.38
1786379849.67,6011.22,11721510.74,223.14,111.57
1786379851.68,6013.23,11721715.82,205.08,102.54
1786379853.69,6015.23,11721843.75,127.93,63.96
1786379856.48,6018.03,11722123.54,279.79,139.89
1786379858.49,6020.03,11722358.89,235.35,117.68
1786379860.50,6022.04,11722588.87,229.98,114.99
1786379862.51,6024.05,11722808.11,219.24,109.62
1786379864.52,6026.06,11723035.16,227.05,113.53
1786379866.53,6028.07,11723251.95,216.80,108.40
1786379868.54,6030.08,11723469.24,217.29,108.64
1786379870.55,6032.09,11723685.55,216.31,108.15
1786379872.56,6034.10,11723878.91,193.36,96.68
1786379874.67,6036.21,11724015.62,136.72,68.36
1786379876.68,6038.22,11724246.09,230.47,115.23
1786379878.69,6040.24,11724477.05,230.96,115.48
1786379880.70,6042.24,11724708.01,230.96,115.48
1786379882.71,6044.25,11724886.72,178.71,89.36
1786379884.72,6046.26,11725106.45,219.73,109.86
1786379886.73,6048.27,11725323.73,217.29,108.64
1786379888.74,6050.28,11725548.34,224.61,112.30
1786379890.75,6052.29,11725781.74,233.40,116.70
1786379892.76,6054.30,11725915.04,133.30,66.65
1786379894.81,6056.35,11726125.98,210.94,105.47
1786379896.82,6058.36,11726357.42,231.45,115.72
1786379898.83,6060.37,11726589.84,232.42,116.21
1786379900.84,6062.38,11726812.99,223.14,111.57
1786379902.85,6064.39,11727035.16,222.17,111.08
1786379904.86,6066.40,11727258.79,223.63,111.82
1786379906.87,6068.41,11727490.72,231.93,115.97
1786379908.88,6070.42,11727675.29,184.57,92.29
1786379910.89,6072.43,11727891.60,216.31,108.15
1786379912.90,6074.44,11727989.75,98.14,49.07
1786379915.02,6076.57,11728214.36,224.61,112.30
1786379917.12,6078.66,11728446.78,232.42,116.21
1786379919.13,6080.67,11728683.11,236.33,118.16
1786379921.14,6082.68,11728915.04,231.93,115.97
1786379923.15,6084.69,11729120.61,205.57,102.78
1786379925.16,6086.70,11729375.98,255.37,127.69
1786379927.17,6088.71,11729586.43,210.45,105.22
1786379929.18,6090.72,11729793.46,207.03,103.52
1786379931.19,6092.74,11729993.65,200.20,100.10
1786379933.22,6094.76,11730143.07,149.41,74.71
1786379935.23,6096.77,11730353.52,210.45,105.22
1786379937.24,6098.78,11730584.47,230.96,115.48
1786379939.25,6100.79,11730813.96,229.49,114.75
1786379941.26,6102.81,11731050.29,236.33,118.16
1786379943.37,6104.91,11731280.27,229.98,114.99
1786379945.38,6106.93,11731510.74,230.47,115.23
1786379947.39,6108.94,11731716.80,206.05,103.03
1786379949.40,6110.94,11731932.62,215.82,107.91
1786379951.41,6112.95,11732047.36,114.75,57.37
1786379953.93,6115.47,11732311.04,263.67,131.84
1786379955.94,6117.48,11732542.48,231.45,115.72
1786379957.95,6119.49,11732772.95,230.47,115.23
1786379959.96,6121.50,11733005.37,232.42,116.21
1786379961.97,6123.51,11733220.70,215.33,107.67
1786379963.98,6125.53,11733421.39,200.68,100.34
1786379965.99,6127.54,11733613.28,191.89,95.95
1786379968.00,6129.55,11733841.31,228.03,114.01
1786379970.01,6131.55,11734046.39,205.08,102.54
1786379972.03,6133.57,11734137.21,90.82,45.41
1786379974.04,6135.58,11734352.05,214.84,107.42
1786379976.05,6137.59,11734550.78,198.73,99.37
1786379978.06,6139.60,11734769.04,218.26,109.13
1786379980.07,6141.61,11734975.10,206.05,103.03
1786379982.08,6143.62,11735210.94,235.84,117.92
1786379984.09,6145.63,11735440.92,229.98,114.99
1786379986.10,6147.64,11735672.85,231.93,115.97
1786379988.11,6149.66,11735905.76,232.91,116.46
1786379990.12,6151.66,11736109.38,203.61,101.81
1786379992.13,6153.68,11736190.43,81.05,40.53
1786379994.25,6155.79,11736404.79,214.36,107.18
1786379996.27,6157.81,11736640.14,235.35,117.68
1786379998.28,6159.82,11736871.09,230.96,115.48
1786380000.29,6161.83,11737103.03,231.93,115.97
1786380002.30,6163.84,11737319.34,216.31,108.15
1786380004.30,6165.85,11737539.55,220.21,110.11
1786380006.32,6167.86,11737769.53,229.98,114.99
1786380008.33,6169.87,11737991.21,221.68,110.84
1786380010.34,6171.88,11738134.77,143.55,71.78
1786380012.65,6174.19,11738353.03,218.26,109.13
1786380014.66,6176.21,11738583.98,230.96,115.48
1786380016.68,6178.22,11738801.27,217.29,108.64
1786380018.69,6180.23,11739002.93,201.66,100.83
1786380020.70,6182.24,11739225.59,222.66,111.33
1786380022.71,6184.25,11739449.22,223.63,111.82
1786380024.72,6186.26,11739659.18,209.96,104.98
1786380026.73,6188.27,11739898.44,239.26,119.63
1786380028.85,6190.39,11740129.88,231.45,115.72
1786380030.86,6192.40,11740231.93,102.05,51.03
1786380032.87,6194.41,11740448.24,216.31,108.15
1786380034.88,6196.43,11740674.80,226.56,113.28
1786380036.90,6198.44,11740879.39,204.59,102.29
1786380038.91,6200.45,11741100.10,220.70,110.35
1786380040.91,6202.46,11741352.54,252.44,126.22
1786380042.92,6204.47,11741537.60,185.06,92.53
1786380044.93,6206.48,11741761.23,223.63,111.82
1786380046.95,6208.49,11741992.68,231.45,115.72
1786380048.96,6210.50,11742207.03,214.36,107.18
1786380050.96,6212.51,11742297.85,90.82,45.41
1786380052.97,6214.52,11742547.36,249.51,124.76
1786380054.99,6216.53,11742778.32,230.96,115.48
1786380057.00,6218.54,11742997.07,218.75,109.38
1786380059.01,6220.55,11743229.49,232.42,116.21
1786380061.02,6222.56,11743446.78,217.29,108.64
1786380063.03,6224.57,11743642.09,195.31,97.66
1786380065.04,6226.58,11743872.56,230.47,115.23
1786380067.04,6228.59,11744104.00,231.45,115.72
1786380069.05,6230.59,11744276.37,172.36,86.18
1786380071.15,6232.69,11744426.76,150.39,75.20
1786380073.16,6234.70,11744660.16,233.40,116.70
1786380075.17,6236.71,11744890.62,230.47,115.23
1786380077.18,6238.72,11745121.09,230.47,115.23
1786380079.19,6240.73,11745351.56,230.47,115.23
1786380081.20,6242.74,11745582.52,230.96,115.48
1786380083.20,6244.75,11745811.52,229.00,114.50
1786380085.22,6246.76,11746021.00,209.47,104.74
1786380087.23,6248.77,11746236.82,215.82,107.91
1786380089.24,6250.78,11746334.96,98.14,49.07
1786380091.28,6252.83,11746513.18,178.22,89.11
1786380093.29,6254.84,11746744.14,230.96,115.48
1786380095.31,6256.85,11746974.61,230.47,115.23
1786380097.31,6258.85,11747191.41,216.80,108.40
1786380099.32,6260.86,11747411.13,219.73,109.86
1786380101.34,6262.88,11747641.11,229.98,114.99
1786380103.35,6264.89,11747868.65,227.54,113.77
1786380105.36,6266.90,11748091.31,222.66,111.33
1786380107.37,6268.91,11748297.36,206.05,103.03
1786380109.37,6270.92,11748386.72,89.36,44.68
1786380111.46,6273.00,11748600.59,213.87,106.93
1786380113.47,6275.01,11748831.54,230.96,115.48
1786380115.48,6277.02,11749062.99,231.45,115.72
1786380117.49,6279.03,11749293.95,230.96,115.48
1786380119.50,6281.04,11749529.79,235.84,117.92
1786380121.50,6283.05,11749736.82,207.03,103.52
1786380123.51,6285.06,11749962.40,225.59,112.79
1786380125.52,6287.06,11750193.85,231.45,115.72
1786380127.53,6289.07,11750372.07,178.22,89.11
1786380129.59,6291.13,11750479.49,107.42,53.71
1786380131.60,6293.14,11750768.55,289.06,144.53
1786380133.61,6295.15,11751001.46,232.91,116.46
1786380135.62,6297.16,11751235.84,234.38,117.19
1786380137.63,6299.17,11751452.64,216.80,108.40
1786380139.64,6301.18,11751651.86,199.22,99.61
1786380141.65,6303.19,11751879.88,228.03,114.01
1786380143.66,6305.20,11752113.28,233.40,116.70
1786380145.67,6307.21,11752343.26,229.98,114.99
1786380147.68,6309.22,11752444.82,101.56,50.78
1786380149.69,6311.23,11752663.09,218.26,109.13
1786380151.70,6313.24,11752869.63,206.54,103.27
1786380153.70,6315.25,11753077.15,207.52,103.76
1786380155.72,6317.26,11753307.62,230.47,115.23
1786380157.73,6319.27,11753540.04,232.42,116.21
1786380159.74,6321.28,11753770.51,230.47,115.23
1786380161.75,6323.29,11753989.75,219.24,109.62
1786380163.76,6325.30,11754206.05,216.31,108.15
1786380165.77,6327.32,11754443.36,237.30,118.65
1786380167.78,6329.32,11754534.18,90.82,45.41
1786380169.83,6331.37,11754755.86,221.68,110.84
1786380171.84,6333.38,11754964.36,208.50,104.25
1786380173.85,6335.39,11755173.34,208.98,104.49
1786380175.86,6337.40,11755394.04,220.70,110.35
1786380177.87,6339.41,11755627.93,233.89,116.94
1786380179.88,6341.42,11755860.84,232.91,116.46
1786380181.89,6343.44,11756094.24,233.40,116.70
1786380183.90,6345.44,11756325.68,231.45,115.72
1786380185.92,6347.46,11756504.39,178.71,89.36
1786380188.00,6349.54,11756601.56,97.17,48.58
1786380190.02,6351.56,11756879.88,278.32,139.16
1786380192.03,6353.57,11757111.33,231.45,115.72
1786380194.04,6355.59,11757344.24,232.91,116.46
1786380196.05,6357.60,11757577.15,232.91,116.46
1786380198.06,6359.60,11757809.08,231.93,115.97
1786380200.07,6361.62,11758022.46,213.38,106.69
1786380202.08,6363.62,11758262.21,239.75,119.87
1786380204.10,6365.64,11758474.12,211.91,105.96
1786380206.11,6367.65,11758596.68,122.56,61.28
1786380208.56,6370.11,11758796.88,200.20,100.10
1786380210.57,6372.12,11759027.34,230.47,115.23
1786380212.59,6374.13,11759264.16,236.82,118.41
1786380214.59,6376.14,11759495.12,230.96,115.48
1786380216.60,6378.14,11759703.61,208.50,104.25
1786380218.61,6380.15,11759908.20,204.59,102.29
1786380220.62,6382.16,11760120.12,211.91,105.96
1786380222.63,6384.17,11760338.38,218.26,109.13
1786380224.64,6386.18,11760570.31,231.93,115.97
1786380226.65,6388.19,11760675.29,104.98,52.49
1786380228.71,6390.25,11760941.89,266.60,133.30
1786380230.71,6392.26,11761154.79,212.89,106.45
1786380232.72,6394.26,11761342.29,187.50,93.75
1786380234.73,6396.28,11761574.22,231.93,115.97
1786380236.75,6398.29,11761804.20,229.98,114.99
1786380238.76,6400.30,11762034.67,230.47,115.23
1786380240.77,6402.31,11762267.09,232.42,116.21
1786380242.78,6404.32,11762495.61,228.52,114.26
1786380244.81,6406.35,11762621.58,125.98,62.99
1786380248.13,6409.67,11762864.75,243.16,121.58
1786380250.14,6411.68,11763081.54,216.80,108.40
1786380252.15,6413.70,11763312.50,230.96,115.48
1786380254.17,6415.71,11763544.43,231.93,115.97
1786380256.18,6417.72,11763775.88,231.45,115.72
1786380258.19,6419.73,11764005.37,229.49,114.75
1786380260.21,6421.75,11764237.79,232.42,116.21
1786380262.21,6423.76,11764452.15,214.36,107.18
1786380264.22,6425.77,11764672.85,220.70,110.35
1786380266.29,6427.83,11764761.23,88.38,44.19
1786380268.30,6429.84,11765022.46,261.23,130.62
1786380270.31,6431.85,11765253.42,230.96,115.48
1786380272.32,6433.86,11765483.40,229.98,114.99
1786380274.33,6435.87,11765713.87,230.47,115.23
1786380276.34,6437.88,11765921.39,207.52,103.76
1786380278.35,6439.89,11766138.67,217.29,108.64
1786380280.36,6441.90,11766371.09,232.42,116.21
1786380282.37,6443.91,11766560.06,188.96,94.48
1786380284.38,6445.92,11766726.56,166.50,83.25
1786380286.50,6448.04,11766851.56,125.00,62.50
1786380288.51,6450.05,11767069.34,217.77,108.89
1786380290.51,6452.06,11767342.29,272.95,136.47
1786380292.52,6454.06,11767565.43,223.14,111.57
1786380294.54,6456.09,11767764.16,198.73,99.37
1786380296.55,6458.09,11767980.96,216.80,108.40
1786380298.56,6460.10,11768198.73,217.77,108.89
1786380300.57,6462.11,11768414.06,215.33,107.67
1786380302.58,6464.13,11768646.00,231.93,115.97
1786380304.60,6466.15,11768842.29,196.29,98.14
1786380306.61,6468.16,11768994.14,151.86,75.93
1786380308.71,6470.25,11769155.76,161.62,80.81
1786380310.72,6472.26,11769346.68,190.92,95.46
1786380312.73,6474.27,11769577.15,230.47,115.23
1786380314.74,6476.28,11769808.59,231.45,115.72
1786380316.75,6478.29,11770038.09,229.49,114.75
1786380318.75,6480.30,11770260.25,222.17,111.08
1786380320.76,6482.31,11770471.68,211.43,105.71
1786380322.77,6484.32,11770677.25,205.57,102.78
1786380324.78,6486.32,11770822.75,145.51,72.75
1786380326.86,6488.40,11770970.70,147.95,73.97
1786380328.87,6490.41,11771215.33,244.63,122.31
1786380330.88,6492.42,11771432.13,216.80,108.40
1786380332.89,6494.43,11771662.60,230.47,115.23
1786380334.90,6496.44,11771895.51,232.91,116.46
1786380336.91,6498.45,11772126.46,230.96,115.48
1786380338.92,6500.46,11772351.56,225.10,112.55
1786380340.93,6502.47,11772567.38,215.82,107.91
1786380342.94,6504.48,11772796.88,229.49,114.75
1786380344.95,6506.49,11772911.62,114.75,57.37
1786380346.97,6508.52,11773057.62,146.00,73.00
1786380348.99,6510.53,11773290.53,232.91,116.46
1786380351.00,6512.54,11773522.95,232.42,116.21
1786380353.01,6514.55,11773753.42,230.47,115.23
1786380355.01,6516.56,11773970.70,217.29,108.64
1786380357.02,6518.56,11774193.36,222.66,111.33
1786380359.04,6520.58,11774423.83,230.47,115.23
1786380361.05,6522.59,11774630.37,206.54,103.27
1786380363.05,6524.60,11774822.27,191.89,95.95
1786380365.06,6526.60,11774917.97,95.70,47.85
1786380367.07,6528.61,11775143.07,225.10,112.55
1786380369.08,6530.62,11775373.54,230.47,115.23
1786380371.09,6532.63,11775598.14,224.61,112.30
1786380373.10,6534.64,11775815.92,217.77,108.89
1786380375.11,6536.66,11776044.92,229.00,114.50
1786380377.12,6538.67,11776241.21,196.29,98.14
1786380379.13,6540.68,11776446.29,205.08,102.54
1786380381.14,6542.68,11776671.88,225.59,112.79
1786380383.15,6544.69,11776881.84,209.96,104.98
1786380385.16,6546.70,11776961.43,79.59,39.79
1786380387.18,6548.73,11777146.97,185.55,92.77
1786380389.19,6550.74,11777365.23,218.26,109.13
1786380391.20,6552.74,11777594.73,229.49,114.75
1786380393.21,6554.75,11777826.17,231.45,115.72
1786380395.22,6556.77,11778033.69,207.52,103.76
1786380397.23,6558.77,11778262.70,229.00,114.50
1786380399.25,6560.79,11778495.12,232.42,116.21
1786380401.26,6562.80,11778727.05,231.93,115.97
1786380403.27,6564.81,11778934.08,207.03,103.52
1786380405.28,6566.82,11779009.28,75.20,37.60
1786380407.30,6568.84,11779230.96,221.68,110.84
1786380409.31,6570.85,11779461.91,230.96,115.48
1786380411.32,6572.86,11779693.85,231.93,115.97
1786380413.33,6574.87,11779924.80,230.96,115.48
1786380415.34,6576.88,11780155.76,230.96,115.48
1786380417.35,6578.89,11780381.35,225.59,112.79
1786380419.36,6580.90,11780595.21,213.87,106.93
1786380421.37,6582.91,11780826.66,231.45,115.72
1786380423.38,6584.92,11780986.33,159.67,79.83
1786380426.56,6588.10,11781229.49,243.16,121.58
1786380428.57,6590.11,11781316.41,86.91,43.46
1786380430.59,6592.13,11781555.66,239.26,119.63
1786380432.60,6594.14,11781774.41,218.75,109.38
1786380434.61,6596.15,11781977.05,202.64,101.32
1786380436.62,6598.16,11782198.73,221.68,110.84
1786380438.63,6600.17,11782453.12,254.39,127.20
1786380440.64,6602.18,11782666.99,213.87,106.93
1786380442.65,6604.19,11782957.52,290.53,145.26
1786380444.66,6606.20,11783102.05,144.53,72.27
1786380446.69,6608.24,11783214.84,112.79,56.40
1786380448.78,6610.33,11783431.64,216.80,108.40
1786380450.79,6612.34,11783647.95,216.31,108.15
1786380452.80,6614.34,11783834.47,186.52,93.26
1786380454.81,6616.35,11784052.25,217.77,108.89
1786380456.82,6618.36,11784271.97,219.73,109.86
1786380458.83,6620.38,11784502.44,230.47,115.23
1786380460.85,6622.39,11784733.89,231.45,115.72
1786380462.86,6624.40,11784965.82,231.93,115.97
1786380464.87,6626.41,11785101.56,135.74,67.87
1786380466.96,6628.51,11785318.36,216.80,108.40
1786380468.98,6630.52,11785548.83,230.47,115.23
1786380470.98,6632.53,11785779.30,230.47,115.23
1786380472.99,6634.53,11785987.30,208.01,104.00
1786380475.00,6636.54,11786214.36,227.05,113.53
1786380477.01,6638.55,11786445.80,231.45,115.72
1786380479.02,6640.57,11786682.62,236.82,118.41
1786380481.03,6642.58,11786913.57,230.96,115.48
1786380483.04,6644.59,11787102.05,188.48,94.24
1786380485.05,6646.59,11787169.43,67.38,33.69
1786380487.15,6648.69,11787403.32,233.89,116.94
1786380489.16,6650.70,11787633.79,230.47,115.23
1786380491.16,6652.71,11787856.45,222.66,111.33
1786380493.17,6654.72,11788080.08,223.63,111.82
1786380495.18,6656.73,11788312.99,232.91,116.46
1786380497.19,6658.73,11788535.16,222.17,111.08
1786380499.20,6660.74,11788767.09,231.93,115.97
1786380501.21,6662.75,11788999.51,232.42,116.21
1786380503.22,6664.77,11789159.18,159.67,79.83
1786380505.27,6666.81,11789257.81,98.63,49.32
1786380507.28,6668.82,11789491.70,233.89,116.94
1786380509.29,6670.83,11789723.63,231.93,115.97
1786380511.29,6672.84,11789955.57,231.93,115.97
1786380513.30,6674.85,11790172.85,217.29,108.64
1786380515.31,6676.86,11790391.60,218.75,109.38
1786380517.33,6678.87,11790624.51,232.91,116.46
1786380519.34,6680.88,11790852.54,228.03,114.01
1786380521.35,6682.89,11791083.98,231.45,115.72
1786380523.36,6684.90,11791228.52,144.53,72.27
1786380525.37,6686.92,11791440.92,212.40,106.20
1786380527.38,6688.93,11791550.78,109.86,54.93
1786380529.40,6690.94,11791782.23,231.45,115.72
1786380531.41,6692.95,11792014.65,232.42,116.21
1786380533.42,6694.96,11792245.61,230.96,115.48
1786380535.43,6696.97,11792466.31,220.70,110.35
1786380537.44,6698.98,11792758.79,292.48,146.24
1786380539.45,6700.99,11792966.80,208.01,104.00
1786380541.46,6703.00,11793166.50,199.71,99.85
1786380543.47,6705.01,11793272.95,106.45,53.22
1786380545.48,6707.02,11793484.38,211.43,105.71
1786380547.49,6709.03,11793715.33,230.96,115.48
1786380549.50,6711.04,11793944.82,229.49,114.75
1786380551.50,6713.05,11794149.90,205.08,102.54
1786380553.51,6715.06,11794430.66,280.76,140.38
1786380555.53,6717.07,11794661.13,230.47,115.23
1786380557.54,6719.08,11794895.02,233.89,116.94
1786380559.54,6721.09,11795126.46,231.45,115.72
1786380561.55,6723.10,11795272.46,146.00,73.00
1786380563.57,6725.12,11795357.42,84.96,42.48
1786380565.58,6727.12,11795588.38,230.96,115.48
1786380567.59,6729.13,11795820.80,232.42,116.21
1786380569.60,6731.14,11796050.78,229.98,114.99
1786380571.63,6733.17,11796249.51,198.73,99.37
1786380573.63,6735.18,11796479.98,230.47,115.23
1786380575.64,6737.19,11796687.01,207.03,103.52
1786380577.65,6739.19,11796900.88,213.87,106.93
1786380579.67,6741.21,11797130.86,229.98,114.99
1786380581.68,6743.22,11797301.27,170.41,85.21
1786380583.69,6745.23,11797435.55,134.28,67.14
1786380585.79,6747.33,11797643.55,208.01,104.00
1786380587.80,6749.34,11797914.06,270.51,135.25
1786380589.80,6751.35,11798146.48,232.42,116.21
1786380591.81,6753.35,11798376.95,230.47,115.23
1786380593.83,6755.38,11798572.75,195.80,97.90
1786380595.84,6757.38,11798773.44,200.68,100.34
1786380597.85,6759.39,11798988.28,214.84,107.42
1786380599.86,6761.41,11799220.70,232.42,116.21
1786380601.87,6763.42,11799407.71,187.01,93.51
1786380603.90,6765.44,11799566.89,159.18,79.59
1786380606.01,6767.55,11799694.34,127.44,63.72
1786380608.02,6769.56,11799917.48,223.14,111.57
1786380610.03,6771.57,11800148.93,231.45,115.72
1786380612.04,6773.58,11800380.37,231.45,115.72
1786380614.05,6775.59,11800640.62,260.25,130.13
1786380616.06,6777.60,11800848.14,207.52,103.76
1786380618.07,6779.61,11801054.20,206.05,103.03
1786380620.08,6781.62,11801284.18,229.98,114.99
1786380622.09,6783.63,11801428.22,144.04,72.02
1786380624.11,6785.65,11801601.07,172.85,86.43
1786380626.12,6787.66,11801810.06,208.98,104.49
1786380628.12,6789.67,11802036.62,226.56,113.28
1786380630.14,6791.68,11802239.75,203.12,101.56
1786380632.14,6793.69,11802460.45,220.70,110.35
1786380634.15,6795.69,11802671.88,211.43,105.71
1786380636.16,6797.71,11802894.53,222.66,111.33
1786380638.17,6799.72,11803124.51,229.98,114.99
1786380640.18,6801.73,11803340.82,216.31,108.15
1786380642.19,6803.74,11803477.54,136.72,68.36
1786380644.98,6806.52,11803784.67,307.13,153.56
1786380646.99,6808.53,11804017.09,232.42,116.21
1786380649.00,6810.54,11804227.05,209.96,104.98
1786380651.01,6812.55,11804458.98,231.93,115.97
1786380653.02,6814.56,11804665.04,206.05,103.03
1786380655.03,6816.57,11804883.79,218.75,109.38
1786380657.04,6818.58,11805115.72,231.93,115.97
1786380659.05,6820.59,11805347.66,231.93,115.97
1786380661.06,6822.60,11805475.10,127.44,63.72
1786380664.39,6825.93,11805721.68,246.58,123.29
1786380666.39,6827.94,11805934.57,212.89,106.45
1786380668.40,6829.95,11806161.13,226.56,113.28
1786380670.42,6831.96,11806394.04,232.91,116.46
1786380672.43,6833.97,11806627.44,233.40,116.70
1786380674.44,6835.98,11806860.35,232.91,116.46
1786380676.45,6837.99,11807072.27,211.91,105.96
1786380678.46,6840.00,11807300.29,228.03,114.01
1786380680.51,6842.05,11807515.62,215.33,107.67
1786380682.61,6844.15,11807591.31,75.68,37.84
1786380684.63,6846.17,11807909.67,318.36,159.18
1786380686.63,6848.18,11808133.30,223.63,111.82
1786380688.64,6850.18,11808349.61,216.31,108.15
1786380690.65,6852.19,11808579.10,229.49,114.75
1786380692.66,6854.20,11808807.62,228.52,114.26
1786380694.67,6856.21,11809043.95,236.33,118.16
1786380696.68,6858.22,11809276.37,232.42,116.21
1786380698.69,6860.24,11809503.42,227.05,113.53
1786380700.70,6862.25,11809619.63,116.21,58.11
1786380702.78,6864.32,11809738.77,119.14,59.57
1786380704.84,6866.38,11809975.10,236.33,118.16
1786380706.85,6868.39,11810206.05,230.96,115.48
1786380708.86,6870.40,11810403.81,197.75,98.88
1786380710.87,6872.41,11810624.51,220.70,110.35
1786380712.88,6874.42,11810819.34,194.82,97.41
1786380714.89,6876.43,11811050.78,231.45,115.72
1786380716.90,6878.44,11811283.20,232.42,116.21
1786380718.91,6880.45,11811514.16,230.96,115.48
1786380720.92,6882.46,11811652.34,138.18,69.09
1786380723.02,6884.56,11811832.52,180.18,90.09
1786380725.04,6886.58,11812045.41,212.89,106.45
1786380727.05,6888.59,11812251.46,206.05,103.03
1786380729.06,6890.60,11812445.80,194.34,97.17
1786380731.07,6892.61,11812676.27,230.47,115.23
1786380733.08,6894.62,11812908.20,231.93,115.97
1786380735.09,6896.63,11813137.70,229.49,114.75
1786380737.10,6898.64,11813370.61,232.91,116.46
1786380739.11,6900.65,11813598.63,228.03,114.01
1786380741.12,6902.66,11813683.11,84.47,42.24
1786380743.14,6904.69,11813854.00,170.90,85.45
1786380745.15,6906.70,11814087.40,233.40,116.70
1786380747.16,6908.71,11814342.29,254.88,127.44
1786380749.18,6910.72,11814573.73,231.45,115.72
1786380751.19,6912.73,11814805.18,231.45,115.72
1786380753.20,6914.74,11815037.60,232.42,116.21
1786380755.21,6916.75,11815264.65,227.05,113.53
1786380757.22,6918.76,11815477.54,212.89,106.45
1786380759.23,6920.77,11815666.02,188.48,94.24
1786380761.33,6922.87,11815740.23,74.22,37.11
1786380763.33,6924.88,11816038.57,298.34,149.17
1786380765.35,6926.89,11816270.51,231.93,115.97
1786380767.36,6928.90,11816584.47,313.96,156.98
1786380769.37,6930.91,11816785.16,200.68,100.34
1786380771.38,6932.92,11816999.02,213.87,106.93
1786380773.39,6934.93,11817216.31,217.29,108.64
1786380775.40,6936.94,11817431.15,214.84,107.42
1786380777.41,6938.95,11817659.18,228.03,114.01
1786380779.42,6940.96,11817769.04,109.86,54.93
1786380781.53,6943.07,11818001.95,232.91,116.46
1786380783.54,6945.08,11818233.89,231.93,115.97
1786380785.55,6947.09,11818465.33,231.45,115.72
1786380787.56,6949.10,11818673.83,208.50,104.25
1786380789.57,6951.12,11818906.74,232.91,116.46
1786380791.58,6953.13,11819124.51,217.77,108.89
1786380793.59,6955.14,11819339.36,214.84,107.42
1786380795.60,6957.14,11819535.16,195.80,97.90
1786380797.61,6959.15,11819752.44,217.29,108.64
1786380799.68,6961.22,11819974.61,222.17,111.08
1786380801.69,6963.23,11820118.65,144.04,72.02
1786380803.79,6965.33,11820433.59,314.94,157.47
1786380805.80,6967.34,11820644.04,210.45,105.22
1786380807.81,6969.35,11820875.98,231.93,115.97
1786380809.82,6971.36,11821106.93,230.96,115.48
1786380811.83,6973.37,11821337.89,230.96,115.48
1786380813.85,6975.40,11821541.99,204.10,102.05
1786380815.86,6977.41,11821770.51,228.52,114.26
1786380817.87,6979.42,11821952.15,181.64,90.82
1786380819.88,6981.43,11822099.61,147.46,73.73
1786380822.67,6984.22,11822301.27,201.66,100.83
1786380824.69,6986.23,11822525.88,224.61,112.30
1786380826.70,6988.24,11822755.86,229.98,114.99
1786380828.71,6990.25,11822987.30,231.45,115.72
1786380830.72,6992.26,11823218.26,230.96,115.48
1786380832.73,6994.27,11823447.75,229.49,114.75
1786380834.74,6996.29,11823684.08,236.33,118.16
1786380836.75,6998.30,11823888.18,204.10,102.05
1786380838.76,7000.31,11824000.00,111.82,55.91
1786380840.89,7002.44,11824145.51,145.51,72.75
1786380842.91,7004.45,11824378.91,233.40,116.70
1786380845.03,7006.57,11824611.82,232.91,116.46
1786380847.04,7008.58,11824843.75,231.93,115.97
1786380849.05,7010.59,11825077.64,233.89,116.94
1786380851.06,7012.60,11825308.59,230.96,115.48
1786380853.07,7014.61,11825542.48,233.89,116.94
1786380855.08,7016.62,11825758.79,216.31,108.15
1786380857.09,7018.63,11825927.73,168.95,84.47
1786380859.15,7020.70,11826064.45,136.72,68.36
1786380861.16,7022.71,11826286.62,222.17,111.08
1786380863.17,7024.72,11826496.09,209.47,104.74
1786380865.23,7026.77,11826723.14,227.05,113.53
1786380867.24,7028.78,11826973.63,250.49,125.24
1786380869.25,7030.79,11827204.10,230.47,115.23
1786380871.26,7032.81,11827435.55,231.45,115.72
1786380873.27,7034.82,11827667.97,232.42,116.21
1786380875.28,7036.82,11827872.56,204.59,102.29
1786380877.30,7038.84,11828032.23,159.67,79.83
1786380879.37,7040.91,11828131.35,99.12,49.56
1786380881.38,7042.93,11828361.33,229.98,114.99
1786380883.40,7044.94,11828593.26,231.93,115.97
1786380885.41,7046.95,11828825.20,231.93,115.97
1786380887.42,7048.96,11829057.13,231.93,115.97
1786380889.43,7050.97,11829265.14,208.01,104.00
1786380891.44,7052.98,11829492.19,227.05,113.53
1786380893.45,7054.99,11829722.66,230.47,115.23
1786380895.46,7057.00,11829954.10,231.45,115.72
1786380897.47,7059.02,11830085.94,131.84,65.92
1786380899.55,7061.09,11830236.82,150.88,75.44
1786380901.56,7063.10,11830496.58,259.77,129.88
1786380903.57,7065.11,11830722.66,226.07,113.04
1786380905.57,7067.12,11830960.94,238.28,119.14
1786380907.58,7069.13,11831144.53,183.59,91.80
1786380909.60,7071.14,11831375.00,230.47,115.23
1786380911.61,7073.15,11831611.33,236.33,118.16
1786380913.62,7075.16,11831839.84,228.52,114.26
1786380915.63,7077.17,11832033.69,193.85,96.92
1786380917.76,7079.30,11832156.25,122.56,61.28
1786380919.78,7081.32,11832388.67,232.42,116.21
1786380921.79,7083.33,11832621.09,232.42,116.21
1786380923.80,7085.34,11832852.05,230.96,115.48
1786380925.81,7087.35,11833031.25,179.20,89.60
1786380927.82,7089.36,11833292.48,261.23,130.62
1786380929.83,7091.37,11833481.93,189.45,94.73
1786380931.84,7093.38,11833726.56,244.63,122.31
1786380933.85,7095.39,11833926.76,200.20,100.10
1786380935.86,7097.40,11834063.96,137.21,68.60
1786380938.71,7100.25,11834270.51,206.54,103.27
1786380940.72,7102.27,11834503.42,232.91,116.46
1786380942.73,7104.27,11834737.79,234.38,117.19
1786380944.74,7106.28,11834943.36,205.57,102.78
1786380946.75,7108.29,11835173.83,230.47,115.23
1786380948.78,7110.32,11835406.25,232.42,116.21
1786380950.93,7112.47,11835637.21,230.96,115.48
1786380952.95,7114.49,11835869.63,232.42,116.21
1786380954.96,7116.50,11836090.33,220.70,110.35
1786380957.08,7118.63,11836159.18,68.85,34.42
1786380959.10,7120.64,11836402.34,243.16,121.58
1786380961.11,7122.65,11836629.39,227.05,113.53
1786380963.11,7124.66,11836837.89,208.50,104.25
1786380965.13,7126.67,11837069.34,231.45,115.72
1786380967.14,7128.68,11837301.27,231.93,115.97
1786380969.15,7130.69,11837532.71,231.45,115.72
1786380971.16,7132.70,11837762.70,229.98,114.99
1786380973.16,7134.71,11837985.35,222.66,111.33
1786380975.17,7136.71,11838153.32,167.97,83.98
1786380977.20,7138.75,11838233.89,80.57,40.28
1786380979.21,7140.76,11838460.94,227.05,113.53
1786380981.23,7142.77,11838692.38,231.45,115.72
1786380983.24,7144.78,11838923.34,230.96,115.48
1786380985.25,7146.79,11839154.30,230.96,115.48
1786380987.26,7148.81,11839370.12,215.82,107.91
1786380989.28,7150.82,11839625.49,255.37,127.69
1786380991.29,7152.83,11839837.89,212.40,106.20
1786380993.30,7154.84,11840070.31,232.42,116.21
1786380995.31,7156.85,11840208.50,138.18,69.09
1786380997.32,7158.86,11840413.57,205.08,102.54
1786380999.33,7160.87,11840614.75,201.17,100.59
1786381001.34,7162.88,11840826.17,211.43,105.71
1786381003.35,7164.89,11841038.09,211.91,105.96
1786381005.36,7166.90,11841250.98,212.89,106.45
1786381007.37,7168.91,11841459.47,208.50,104.25
1786381009.38,7170.92,11841691.41,231.93,115.97
1786381011.39,7172.93,11841922.36,230.96,115.48
1786381013.40,7174.94,11842153.32,230.96,115.48
1786381015.41,7176.95,11842246.09,92.77,46.39
1786381017.42,7178.96,11842422.36,176.27,88.13
1786381019.43,7180.97,11842652.83,230.47,115.23
1786381021.44,7182.98,11842888.18,235.35,117.68
1786381023.45,7184.99,11843118.65,230.47,115.23
1786381025.46,7187.00,11843342.77,224.12,112.06
1786381027.46,7189.01,11843554.69,211.91,105.96
1786381029.48,7191.02,11843785.64,230.96,115.48
1786381031.48,7193.03,11843982.91,197.27,98.63
1786381033.49,7195.04,11844210.45,227.54,113.77
1786381035.50,7197.04,11844335.45,125.00,62.50
1786381037.61,7199.15,11844515.62,180.18,90.09
1786381039.62,7201.16,11844703.61,187.99,93.99
1786381041.63,7203.17,11844864.26,160.64,80.32
1786381043.64,7205.18,11844906.25,41.99,21.00
1786381045.65,7207.19,11845071.29,165.04,82.52
1786381047.66,7209.20,11845071.29,0.00,0.00
1786381049.67,7211.21,11845146.48,75.20,37.60
1786381051.68,7213.22,11845169.43,22.95,11.47
1786381053.69,7215.23,11845189.45,20.02,10.01
1786381055.97,7217.51,11845189.94,0.49,0.24
1786381057.98,7219.52,11845216.31,26.37,13.18
1786381059.99,7221.53,11845236.33,20.02,10.01
1786381062.00,7223.55,11845252.93,16.60,8.30
1786381064.01,7225.56,11845274.90,21.97,10.99
1786381066.03,7227.57,11845299.80,24.90,12.45
1786381068.17,7229.72,11845325.20,25.39,12.70
1786381070.19,7231.73,11845325.68,0.49,0.24
