timestamp_sec,elapsed_sec,total_physical_mb_written,interval_mb_written,write_rate_mbps
1786388281.52,2.01,12268359.86,5.86,2.93
1786388283.53,4.03,12268444.82,84.96,42.48
1786388285.55,6.05,12268633.30,188.48,94.24
1786388287.57,8.07,12268851.07,217.77,108.89
1786388289.59,10.09,12269080.08,229.00,114.50
1786388291.61,12.10,12269312.99,232.91,116.46
1786388293.63,14.12,12269519.53,206.54,103.27
1786388295.64,16.14,12269754.39,234.86,117.43
1786388297.66,18.16,12269993.16,238.77,119.38
1786388299.68,20.18,12270229.49,236.33,118.16
1786388301.70,22.20,12270464.84,235.35,117.68
1786388303.72,24.22,12270700.68,235.84,117.92
1786388305.74,26.23,12270877.93,177.25,88.62
1786388307.75,28.25,12271085.45,207.52,103.76
1786388309.77,30.27,12271321.29,235.84,117.92
1786388311.79,32.28,12271470.21,148.93,74.46
1786388313.81,34.31,12271706.05,235.84,117.92
1786388315.83,36.33,12271941.89,235.84,117.92
1786388317.84,38.34,12272174.80,232.91,116.46
1786388319.85,40.35,12272385.25,210.45,105.22
1786388321.86,42.36,12272621.09,235.84,117.92
1786388323.87,44.37,12272856.45,235.35,117.68
1786388325.89,46.38,12273090.82,234.38,117.19
1786388327.91,48.40,12273288.57,197.75,98.88
1786388329.92,50.42,12273483.40,194.82,97.41
1786388331.94,52.44,12273718.75,235.35,117.68
1786388333.95,54.45,12273943.36,224.61,112.30
1786388335.96,56.46,12274161.62,218.26,109.13
1786388337.98,58.47,12274387.21,225.59,112.79
1786388339.99,60.48,12274568.85,181.64,90.82
1786388342.00,62.49,12274776.37,207.52,103.76
1786388344.01,64.50,12275017.09,240.72,120.36
1786388346.02,66.52,12275253.42,236.33,118.16
1786388348.03,68.53,12275464.84,211.43,105.71
1786388350.04,70.54,12275700.20,235.35,117.68
1786388352.05,72.55,12275936.04,235.84,117.92
1786388354.06,74.56,12276111.82,175.78,87.89
1786388356.07,76.56,12276333.01,221.19,110.60
1786388358.08,78.57,12276557.13,224.12,112.06
1786388360.09,80.59,12276795.90,238.77,119.38
1786388362.10,82.59,12277013.67,217.77,108.89
1786388364.11,84.60,12277232.42,218.75,109.38
1786388366.12,86.61,12277382.81,150.39,75.20
1786388368.12,88.62,12277599.61,216.80,108.40
1786388370.13,90.63,12277825.68,226.07,113.04
1786388372.14,92.64,12278033.69,208.01,104.00
1786388374.15,94.64,12278214.84,181.15,90.58
1786388376.16,96.66,12278450.68,235.84,117.92
1786388378.17,98.66,12278660.64,209.96,104.98
1786388380.18,100.67,12278894.53,233.89,116.94
1786388382.34,102.84,12279090.33,195.80,97.90
1786388384.35,104.85,12279301.27,210.94,105.47
1786388386.36,106.86,12279521.97,220.70,110.35
1786388388.37,108.87,12279752.93,230.96,115.48
1786388390.38,110.88,12279995.12,242.19,121.09
1786388392.40,112.89,12280230.96,235.84,117.92
1786388394.41,114.91,12280440.43,209.47,104.74
1786388396.51,117.01,12280657.23,216.80,108.40
1786388398.52,119.02,12280851.56,194.34,97.17
1786388400.53,121.03,12281087.40,235.84,117.92
1786388402.54,123.04,12281296.39,208.98,104.49
1786388404.55,125.04,12281442.87,146.48,73.24
1786388406.56,127.05,12281678.71,235.84,117.92
1786388408.57,129.07,12281914.55,235.84,117.92
1786388410.58,131.08,12282122.07,207.52,103.76
1786388412.59,133.09,12282357.91,235.84,117.92
1786388414.60,135.09,12282612.30,254.39,127.20
1786388416.61,137.10,12282827.15,214.84,107.42
1786388418.62,139.11,12283062.99,235.84,117.92
1786388420.63,141.12,12283275.39,212.40,106.20
1786388422.63,143.13,12283436.04,160.64,80.32
1786388424.76,145.26,12283654.79,218.75,109.38
1786388426.77,147.27,12283876.95,222.17,111.08
1786388428.78,149.28,12284098.14,221.19,110.60
1786388430.79,151.29,12284333.98,235.84,117.92
1786388432.81,153.30,12284569.82,235.84,117.92
1786388434.81,155.31,12284767.58,197.75,98.88
1786388436.82,157.32,12284957.03,189.45,94.73
1786388438.83,159.33,12285193.36,236.33,118.16
1786388440.84,161.34,12285404.79,211.43,105.71
1786388442.85,163.35,12285561.52,156.74,78.37
1786388444.86,165.36,12285751.46,189.94,94.97
1786388446.87,167.37,12285987.30,235.84,117.92
1786388448.88,169.38,12286223.14,235.84,117.92
1786388450.89,171.39,12286435.06,211.91,105.96
1786388452.90,173.39,12286633.30,198.24,99.12
1786388454.91,175.40,12286848.14,214.84,107.42
1786388456.92,177.41,12287055.66,207.52,103.76
1786388458.93,179.42,12287256.35,200.68,100.34
1786388460.94,181.43,12287468.75,212.40,106.20
1786388462.95,183.44,12287658.20,189.45,94.73
1786388464.96,185.46,12287947.27,289.06,144.53
1786388466.99,187.48,12288126.95,179.69,89.84
1786388469.00,189.49,12288340.82,213.87,106.93
1786388471.01,191.50,12288576.66,235.84,117.92
1786388473.02,193.51,12288807.13,230.47,115.23
1786388475.03,195.52,12289020.02,212.89,106.45
1786388477.04,197.53,12289254.88,234.86,117.43
1786388479.05,199.55,12289441.89,187.01,93.51
1786388481.06,201.56,12289635.74,193.85,96.92
1786388483.07,203.57,12289873.05,237.30,118.65
1786388485.10,205.60,12290083.50,210.45,105.22
1786388487.20,207.69,12290297.36,213.87,106.93
1786388489.20,209.70,12290514.16,216.80,108.40
1786388491.21,211.71,12290706.05,191.89,95.95
1786388493.22,213.72,12290937.01,230.96,115.48
1786388495.24,215.73,12291146.48,209.47,104.74
1786388497.25,217.74,12291377.44,230.96,115.48
1786388499.26,219.75,12291561.52,184.08,92.04
1786388501.27,221.76,12291738.28,176.76,88.38
1786388503.27,223.77,12291946.78,208.50,104.25
1786388505.56,226.06,12292120.61,173.83,86.91
1786388507.57,228.07,12292330.57,209.96,104.98
1786388509.58,230.08,12292563.96,233.40,116.70
1786388511.59,232.09,12292773.93,209.96,104.98
1786388513.60,234.10,12292991.21,217.29,108.64
1786388515.61,236.11,12293200.68,209.47,104.74
1786388517.62,238.12,12293417.97,217.29,108.64
1786388519.63,240.13,12293625.98,208.01,104.00
1786388521.65,242.14,12293803.22,177.25,88.62
1786388523.66,244.15,12294057.13,253.91,126.95
1786388525.67,246.16,12294273.44,216.31,108.15
1786388527.68,248.17,12294488.28,214.84,107.42
1786388529.69,250.18,12294722.17,233.89,116.94
1786388531.70,252.19,12294931.64,209.47,104.74
1786388533.71,254.21,12295158.69,227.05,113.53
1786388535.72,256.22,12295340.33,181.64,90.82
1786388537.73,258.23,12295554.20,213.87,106.93
1786388539.74,260.24,12295690.92,136.72,68.36
1786388541.78,262.28,12295903.32,212.40,106.20
1786388543.79,264.28,12296142.09,238.77,119.38
1786388545.80,266.30,12296373.05,230.96,115.48
1786388547.81,268.31,12296585.45,212.40,106.20
1786388549.82,270.32,12296820.80,235.35,117.68
1786388551.84,272.33,12297056.64,235.84,117.92
1786388553.85,274.35,12297279.79,223.14,111.57
1786388555.91,276.40,12297455.08,175.29,87.65
1786388557.92,278.41,12297677.73,222.66,111.33
1786388559.93,280.42,12297746.09,68.36,34.18
1786388562.00,282.50,12298007.81,261.72,130.86
1786388564.02,284.51,12298176.27,168.46,84.23
1786388566.03,286.52,12298394.04,217.77,108.89
1786388568.04,288.53,12298627.93,233.89,116.94
1786388570.04,290.54,12298846.68,218.75,109.38
1786388572.05,292.55,12299062.01,215.33,107.67
1786388574.06,294.56,12299259.28,197.27,98.63
1786388576.07,296.57,12299455.57,196.29,98.14
1786388578.08,298.58,12299690.92,235.35,117.68
1786388580.09,300.59,12299771.48,80.57,40.28
1786388582.33,302.83,12299955.08,183.59,91.80
1786388584.34,304.83,12300162.60,207.52,103.76
1786388586.35,306.85,12300398.44,235.84,117.92
1786388588.36,308.86,12300634.28,235.84,117.92
1786388590.37,310.86,12300841.80,207.52,103.76
1786388592.38,312.88,12301082.52,240.72,120.36
1786388594.39,314.89,12301318.36,235.84,117.92
1786388596.40,316.90,12301513.67,195.31,97.66
1786388598.41,318.91,12301714.84,201.17,100.59
1786388600.42,320.92,12301814.94,100.10,50.05
1786388602.45,322.94,12302054.20,239.26,119.63
1786388604.45,324.95,12302263.67,209.47,104.74
1786388606.46,326.96,12302500.49,236.82,118.41
1786388608.48,328.97,12302736.33,235.84,117.92
1786388610.49,330.98,12302954.59,218.26,109.13
1786388612.55,333.05,12303171.39,216.80,108.40
1786388614.56,335.06,12303360.35,188.96,94.48
1786388616.57,337.07,12303592.77,232.42,116.21
1786388618.58,339.08,12303783.69,190.92,95.46
1786388620.65,341.15,12303889.65,105.96,52.98
1786388622.67,343.17,12304183.59,293.95,146.97
1786388624.68,345.18,12304395.51,211.91,105.96
1786388626.69,347.18,12304613.77,218.26,109.13
1786388628.70,349.20,12304849.61,235.84,117.92
1786388630.71,351.20,12305057.13,207.52,103.76
1786388632.72,353.21,12305272.46,215.33,107.67
1786388634.73,355.22,12305478.52,206.05,103.03
1786388636.74,357.23,12305685.55,207.03,103.52
1786388638.75,359.24,12305858.89,173.34,86.67
1786388641.25,361.74,12306030.76,171.88,85.94
1786388643.26,363.76,12306266.11,235.35,117.68
1786388645.27,365.77,12306474.12,208.01,104.00
1786388647.28,367.78,12306685.06,210.94,105.47
1786388649.29,369.79,12306889.65,204.59,102.29
1786388651.30,371.80,12307094.73,205.08,102.54
1786388653.31,373.81,12307399.90,305.18,152.59
1786388655.32,375.81,12307610.84,210.94,105.47
1786388657.33,377.82,12307843.26,232.42,116.21
1786388659.34,379.84,12307913.09,69.82,34.91
1786388661.62,382.12,12308180.18,267.09,133.54
1786388663.63,384.13,12308415.53,235.35,117.68
1786388665.65,386.14,12308648.93,233.40,116.70
1786388667.66,388.15,12308858.89,209.96,104.98
1786388669.67,390.16,12309099.12,240.23,120.12
1786388671.68,392.18,12309328.12,229.00,114.50
1786388673.72,394.21,12309537.60,209.47,104.74
1786388675.73,396.22,12309756.84,219.24,109.62
1786388677.74,398.24,12309916.99,160.16,80.08
1786388680.44,400.94,12310117.68,200.68,100.34
1786388682.46,402.95,12310351.07,233.40,116.70
1786388684.47,404.96,12310591.80,240.72,120.36
1786388686.48,406.97,12310856.45,264.65,132.32
1786388688.49,408.98,12311061.04,204.59,102.29
1786388690.49,410.99,12311246.58,185.55,92.77
1786388692.50,413.00,12311478.52,231.93,115.97
1786388694.51,415.01,12311698.73,220.21,110.11
1786388696.52,417.02,12311921.39,222.66,111.33
1786388698.53,419.02,12311989.26,67.87,33.94
1786388700.62,421.11,12312278.81,289.55,144.78
1786388702.63,423.12,12312471.68,192.87,96.44
1786388704.63,425.13,12312679.20,207.52,103.76
1786388706.65,427.14,12312915.04,235.84,117.92
1786388708.66,429.15,12313150.39,235.35,117.68
1786388710.67,431.17,12313386.23,235.84,117.92
1786388712.68,433.18,12313593.75,207.52,103.76
1786388714.69,435.19,12313829.59,235.84,117.92
1786388716.71,437.20,12313982.91,153.32,76.66
1786388718.74,439.24,12314134.28,151.37,75.68
1786388720.76,441.25,12314370.12,235.84,117.92
1786388722.77,443.26,12314581.54,211.43,105.71
1786388724.78,445.27,12314813.96,232.42,116.21
1786388726.79,447.28,12315021.48,207.52,103.76
1786388728.80,449.29,12315198.73,177.25,88.62
1786388730.81,451.31,12315431.64,232.91,116.46
1786388732.82,453.32,12315676.76,245.12,122.56
1786388734.90,455.39,12315878.91,202.15,101.07
1786388736.91,457.40,12316035.16,156.25,78.12
1786388739.43,459.93,12316290.53,255.37,127.69
1786388741.45,461.95,12316520.02,229.49,114.75
1786388743.50,464.00,12316727.54,207.52,103.76
1786388745.51,466.01,12316912.60,185.06,92.53
1786388747.52,468.02,12317155.27,242.68,121.34
1786388749.53,470.03,12317391.60,236.33,118.16
1786388751.54,472.04,12317599.12,207.52,103.76
1786388753.56,474.05,12317802.25,203.12,101.56
1786388755.57,476.06,12318005.86,203.61,101.81
1786388757.57,478.07,12318099.61,93.75,46.88
1786388759.60,480.09,12318359.86,260.25,130.13
1786388761.61,482.10,12318580.08,220.21,110.11
1786388763.62,484.12,12318782.71,202.64,101.32
1786388765.63,486.13,12318983.40,200.68,100.34
1786388767.64,488.14,12319194.82,211.43,105.71
1786388769.65,490.15,12319430.66,235.84,117.92
1786388771.66,492.16,12319666.50,235.84,117.92
1786388773.67,494.17,12319875.49,208.98,104.49
1786388775.70,496.20,12320074.22,198.73,99.37
1786388777.78,498.28,12320170.90,96.68,48.34
1786388779.79,500.29,12320405.27,234.38,117.19
1786388781.80,502.30,12320614.75,209.47,104.74
1786388783.82,504.31,12320850.59,235.84,117.92
1786388785.83,506.33,12321085.94,235.35,117.68
1786388787.84,508.33,12321293.95,208.01,104.00
1786388789.85,510.34,12321530.27,236.33,118.16
1786388791.86,512.36,12321765.62,235.35,117.68
1786388793.87,514.37,12322003.91,238.28,119.14
1786388795.88,516.38,12322118.16,114.26,57.13
1786388797.90,518.39,12322277.34,159.18,79.59
1786388799.91,520.40,12322512.70,235.35,117.68
1786388801.92,522.42,12322748.54,235.84,117.92
1786388803.94,524.44,12322935.55,187.01,93.51
1786388805.95,526.44,12323133.30,197.75,98.88
1786388807.96,528.46,12323374.02,240.72,120.36
1786388809.97,530.47,12323609.86,235.84,117.92
1786388811.98,532.48,12323834.96,225.10,112.55
1786388813.99,534.49,12324053.71,218.75,109.38
1786388816.00,536.49,12324168.95,115.23,57.62
1786388818.08,538.58,12324317.38,148.44,74.22
1786388820.10,540.59,12324553.22,235.84,117.92
1786388822.10,542.60,12324764.65,211.43,105.71
1786388824.11,544.61,12325001.95,237.30,118.65
1786388826.12,546.62,12325199.71,197.75,98.88
1786388828.13,548.63,12325392.09,192.38,96.19
1786388830.14,550.63,12325617.19,225.10,112.55
1786388832.15,552.65,12325797.36,180.18,90.09
1786388834.60,555.10,12326060.55,263.18,131.59
1786388836.62,557.12,12326294.92,234.38,117.19
1786388838.65,559.14,12326452.64,157.71,78.86
1786388840.66,561.15,12326686.52,233.89,116.94
1786388842.67,563.16,12326913.09,226.56,113.28
1786388844.68,565.17,12327129.88,216.80,108.40
1786388846.69,567.18,12327332.52,202.64,101.32
1786388848.69,569.19,12327534.18,201.66,100.83
1786388850.70,571.20,12327745.61,211.43,105.71
1786388852.72,573.21,12327881.84,136.23,68.12
1786388854.73,575.22,12328102.54,220.70,110.35
1786388856.74,577.23,12328339.84,237.30,118.65
1786388858.75,579.24,12328547.36,207.52,103.76
1786388860.76,581.25,12328752.93,205.57,102.78
1786388862.77,583.26,12328964.36,211.43,105.71
1786388864.78,585.27,12329168.46,204.10,102.05
1786388866.79,587.28,12329397.95,229.49,114.75
1786388868.80,589.29,12329634.28,236.33,118.16
1786388870.81,591.30,12329833.98,199.71,99.85
1786388873.04,593.54,12329997.07,163.09,81.54
1786388875.06,595.55,12330196.29,199.22,99.61
1786388877.07,597.56,12330376.46,180.18,90.09
1786388879.07,599.57,12330583.98,207.52,103.76
1786388881.09,601.58,12330819.34,235.35,117.68
1786388883.10,603.59,12331055.18,235.84,117.92
1786388885.11,605.60,12331263.18,208.01,104.00
1786388887.12,607.61,12331504.39,241.21,120.61
1786388889.13,609.62,12331740.23,235.84,117.92
1786388891.14,611.63,12331888.18,147.95,73.97
1786388893.25,613.75,12332018.55,130.37,65.19
1786388895.26,615.76,12332240.23,221.68,110.84
1786388897.27,617.77,12332476.07,235.84,117.92
1786388899.29,619.78,12332684.08,208.01,104.00
1786388901.30,621.79,12332919.92,235.84,117.92
1786388903.31,623.81,12333160.16,240.23,120.12
1786388905.32,625.81,12333396.00,235.84,117.92
1786388907.33,627.83,12333601.07,205.08,102.54
1786388909.34,629.84,12333781.74,180.66,90.33
1786388911.35,631.85,12333915.04,133.30,66.65
1786388913.37,633.86,12334138.18,223.14,111.57
1786388915.38,635.87,12334374.02,235.84,117.92
1786388917.39,637.89,12334544.43,170.41,85.21
1786388919.41,639.91,12334754.88,210.45,105.22
1786388921.42,641.91,12334966.80,211.91,105.96
1786388923.43,643.92,12335198.24,231.45,115.72
1786388925.44,645.94,12335434.08,235.84,117.92
1786388927.45,647.95,12335557.13,123.05,61.52
1786388929.53,650.03,12335798.83,241.70,120.85
1786388931.54,652.04,12335989.75,190.92,95.46
1786388933.55,654.05,12336184.57,194.82,97.41
1786388935.56,656.06,12336419.43,234.86,117.43
1786388937.57,658.07,12336655.27,235.84,117.92
1786388939.59,660.08,12336891.11,235.84,117.92
1786388941.59,662.09,12337098.63,207.52,103.76
1786388943.61,664.10,12337334.47,235.84,117.92
1786388945.62,666.11,12337544.92,210.45,105.22
1786388948.31,668.81,12337719.73,174.80,87.40
1786388950.32,670.82,12337937.99,218.26,109.13
1786388952.33,672.83,12338163.57,225.59,112.79
1786388954.34,674.84,12338339.84,176.27,88.13
1786388956.35,676.85,12338554.20,214.36,107.18
1786388958.36,678.85,12338783.20,229.00,114.50
1786388960.37,680.87,12339019.53,236.33,118.16
1786388962.38,682.88,12339213.87,194.34,97.17
1786388964.69,685.18,12339380.86,166.99,83.50
1786388966.70,687.19,12339625.98,245.12,122.56
1786388968.71,689.20,12339852.54,226.56,113.28
1786388970.72,691.22,12340069.82,217.29,108.64
1786388972.73,693.23,12340295.90,226.07,113.04
1786388974.74,695.23,12340545.41,249.51,124.76
1786388976.83,697.32,12340729.98,184.57,92.29
1786388978.84,699.33,12340947.27,217.29,108.64
1786388980.85,701.34,12341188.48,241.21,120.61
1786388982.92,703.41,12341309.57,121.09,60.55
1786388984.93,705.42,12341570.31,260.74,130.37
1786388986.94,707.43,12341760.74,190.43,95.21
1786388988.95,709.44,12341968.26,207.52,103.76
1786388990.96,711.46,12342204.10,235.84,117.92
1786388992.97,713.47,12342439.94,235.84,117.92
1786388994.99,715.48,12342652.83,212.89,106.45
1786388997.00,717.49,12342888.18,235.35,117.68
1786388999.01,719.50,12343124.51,236.33,118.16
1786389001.02,721.52,12343242.68,118.16,59.08
1786389003.05,723.54,12343388.67,146.00,73.00
1786389005.06,725.55,12343612.30,223.63,111.82
1786389007.07,727.56,12343832.03,219.73,109.86
1786389009.08,729.58,12344067.38,235.35,117.68
1786389011.09,731.59,12344302.73,235.35,117.68
1786389013.12,733.62,12344524.41,221.68,110.84
1786389015.20,735.70,12344733.40,208.98,104.49
1786389017.21,737.71,12344929.69,196.29,98.14
1786389019.22,739.72,12345165.04,235.35,117.68
1786389021.23,741.73,12345281.74,116.70,58.35
1786389023.24,743.74,12345522.46,240.72,120.36
1786389025.25,745.74,12345732.91,210.45,105.22
1786389027.26,747.75,12345967.77,234.86,117.43
1786389029.26,749.76,12346176.27,208.50,104.25
1786389031.27,751.77,12346393.07,216.80,108.40
1786389033.28,753.78,12346586.91,193.85,96.92
1786389035.29,755.79,12346818.36,231.45,115.72
1786389037.30,757.80,12347054.20,235.84,117.92
1786389039.31,759.81,12347276.86,222.66,111.33
1786389041.32,761.82,12347351.56,74.71,37.35
1786389043.82,764.31,12347607.91,256.35,128.17
1786389045.83,766.32,12347826.17,218.26,109.13
1786389047.84,768.33,12348061.52,235.35,117.68
1786389049.85,770.35,12348296.88,235.35,117.68
1786389051.86,772.36,12348504.88,208.01,104.00
1786389053.87,774.37,12348740.72,235.84,117.92
1786389055.88,776.38,12348976.07,235.35,117.68
1786389057.89,778.39,12349180.66,204.59,102.29
1786389059.90,780.39,12349379.88,199.22,99.61
1786389062.48,782.97,12349618.16,238.28,119.14
1786389064.48,784.98,12349851.56,233.40,116.70
1786389066.49,786.99,12350061.52,209.96,104.98
1786389068.50,789.00,12350296.88,235.35,117.68
1786389070.51,791.01,12350532.71,235.84,117.92
1786389072.52,793.02,12350751.95,219.24,109.62
1786389074.59,795.08,12350978.52,226.56,113.28
1786389076.60,797.09,12351226.07,247.56,123.78
1786389078.61,799.10,12351380.86,154.79,77.39
1786389080.65,801.15,12351490.23,109.38,54.69
1786389082.66,803.16,12351784.18,293.95,146.97
1786389084.67,805.16,12351988.28,204.10,102.05
1786389086.68,807.17,12352174.80,186.52,93.26
1786389088.69,809.18,12352404.79,229.98,114.99
1786389090.70,811.19,12352634.28,229.49,114.75
1786389092.71,813.20,12352850.59,216.31,108.15
1786389094.72,815.22,12353073.24,222.66,111.33
1786389096.73,817.23,12353278.81,205.57,102.78
1786389098.74,819.23,12353437.01,158.20,79.10
1786389100.75,821.25,12353585.94,148.93,74.46
1786389102.76,823.26,12353821.78,235.84,117.92
1786389104.77,825.27,12354055.66,233.89,116.94
1786389106.78,827.28,12354292.97,237.30,118.65
1786389108.79,829.29,12354496.09,203.12,101.56
1786389110.80,831.29,12354715.82,219.73,109.86
1786389112.81,833.31,12354951.17,235.35,117.68
1786389114.83,835.32,12355187.01,235.84,117.92
1786389116.83,837.33,12355394.53,207.52,103.76
1786389118.84,839.34,12355489.75,95.21,47.61
1786389121.37,841.86,12355689.94,200.20,100.10
1786389123.38,843.87,12355897.95,208.01,104.00
1786389125.39,845.89,12356133.30,235.35,117.68
1786389127.40,847.90,12356369.14,235.84,117.92
1786389129.41,849.91,12356593.26,224.12,112.06
1786389131.42,851.92,12356812.01,218.75,109.38
1786389133.43,853.93,12357048.34,236.33,118.16
1786389135.45,855.94,12357287.60,239.26,119.63
1786389137.46,857.95,12357484.86,197.27,98.63
1786389139.56,860.06,12357551.27,66.41,33.20
1786389141.58,862.08,12357787.11,235.84,117.92
1786389143.59,864.08,12358006.35,219.24,109.62
1786389145.60,866.09,12358230.96,224.61,112.30
1786389147.61,868.10,12358466.80,235.84,117.92
1786389149.62,870.12,12358712.40,245.61,122.80
1786389151.71,872.20,12358969.73,257.32,128.66
1786389153.75,874.25,12359171.39,201.66,100.83
1786389155.76,876.26,12359376.95,205.57,102.78
1786389157.77,878.27,12359562.50,185.55,92.77
1786389159.89,880.38,12359714.84,152.34,76.17
1786389161.90,882.40,12359950.68,235.84,117.92
1786389163.91,884.41,12360166.50,215.82,107.91
1786389165.92,886.42,12360382.32,215.82,107.91
1786389167.93,888.42,12360636.23,253.91,126.95
1786389169.94,890.43,12360828.61,192.38,96.19
1786389171.95,892.44,12361054.69,226.07,113.04
1786389173.96,894.45,12361290.04,235.35,117.68
1786389175.97,896.47,12361524.41,234.38,117.19
1786389177.98,898.47,12361604.98,80.57,40.28
1786389180.08,900.58,12361812.99,208.01,104.00
1786389182.23,902.73,12362003.42,190.43,95.21
1786389184.24,904.74,12362239.26,235.84,117.92
1786389186.25,906.75,12362475.10,235.84,117.92
1786389188.26,908.76,12362682.62,207.52,103.76
1786389190.28,910.77,12362917.97,235.35,117.68
1786389192.29,912.78,12363153.81,235.84,117.92
1786389194.30,914.79,12363386.23,232.42,116.21
1786389196.33,916.83,12363598.63,212.40,106.20
1786389198.42,918.92,12363660.16,61.52,30.76
1786389200.52,921.01,12363892.09,231.93,115.97
1786389202.53,923.02,12364127.93,235.84,117.92
1786389204.54,925.04,12364364.26,236.33,118.16
1786389206.55,927.05,12364590.82,226.56,113.28
1786389208.56,929.06,12364807.62,216.80,108.40
1786389210.57,931.07,12365043.95,236.33,118.16
1786389212.59,933.08,12365286.13,242.19,121.09
1786389214.60,935.09,12365521.48,235.35,117.68
1786389216.62,937.11,12365639.16,117.68,58.84
1786389218.64,939.14,12365758.79,119.63,59.81
1786389220.65,941.15,12365993.65,234.86,117.43
1786389222.67,943.16,12366229.49,235.84,117.92
1786389224.68,945.17,12366465.33,235.84,117.92
1786389226.69,947.18,12366662.11,196.78,98.39
1786389228.69,949.19,12366855.47,193.36,96.68
1786389230.71,951.20,12367091.31,235.84,117.92
1786389232.71,953.21,12367327.15,235.84,117.92
1786389234.73,955.22,12367539.06,211.91,105.96
1786389236.74,957.23,12367695.80,156.74,78.37
1786389238.87,959.36,12367906.74,210.94,105.47
1786389240.88,961.37,12368127.44,220.70,110.35
1786389242.89,963.38,12368323.73,196.29,98.14
1786389244.90,965.39,12368539.06,215.33,107.67
1786389246.91,967.40,12368757.81,218.75,109.38
1786389248.92,969.41,12368979.98,222.17,111.08
1786389250.93,971.42,12369218.75,238.77,119.38
1786389252.94,973.44,12369443.36,224.61,112.30
1786389254.95,975.45,12369662.60,219.24,109.62
1786389256.96,977.46,12369759.28,96.68,48.34
1786389259.45,979.95,12369984.38,225.10,112.55
1786389261.47,981.96,12370220.21,235.84,117.92
1786389263.48,983.97,12370445.31,225.10,112.55
1786389265.49,985.98,12370663.57,218.26,109.13
1786389267.50,987.99,12370899.41,235.84,117.92
1786389269.51,990.00,12371134.77,235.35,117.68
1786389271.52,992.01,12371292.97,158.20,79.10
1786389273.53,994.02,12371520.51,227.54,113.77
1786389275.54,996.03,12371743.16,222.66,111.33
1786389277.62,998.12,12371847.17,104.00,52.00
1786389279.65,1000.14,12372030.76,183.59,91.80
1786389281.66,1002.15,12372266.60,235.84,117.92
1786389283.66,1004.16,12372474.12,207.52,103.76
1786389285.68,1006.17,12372691.89,217.77,108.89
1786389287.69,1008.18,12372896.97,205.08,102.54
1786389289.70,1010.19,12373094.73,197.75,98.88
1786389291.71,1012.20,12373330.57,235.84,117.92
1786389293.72,1014.22,12373566.89,236.33,118.16
1786389295.73,1016.23,12373777.83,210.94,105.47
1786389297.75,1018.24,12373851.56,73.73,36.87
1786389299.98,1020.48,12374159.18,307.62,153.81
1786389301.99,1022.49,12374376.46,217.29,108.64
1786389304.00,1024.50,12374602.54,226.07,113.04
1786389306.01,1026.51,12374843.75,241.21,120.61
1786389308.20,1028.70,12375079.59,235.84,117.92
1786389310.21,1030.71,12375314.94,235.35,117.68
1786389312.22,1032.71,12375500.98,186.04,93.02
1786389314.23,1034.72,12375709.47,208.50,104.25
1786389316.24,1036.73,12375854.00,144.53,72.27
1786389318.91,1039.40,12376051.27,197.27,98.63
1786389320.91,1041.41,12376262.70,211.43,105.71
1786389322.92,1043.42,12376496.58,233.89,116.94
1786389324.94,1045.43,12376732.42,235.84,117.92
1786389326.95,1047.44,12376942.87,210.45,105.22
1786389329.04,1049.54,12377161.62,218.75,109.38
1786389331.05,1051.55,12377353.03,191.41,95.70
1786389333.06,1053.56,12377589.36,236.33,118.16
1786389335.07,1055.57,12377798.34,208.98,104.49
1786389337.08,1057.58,12377899.90,101.56,50.78
1786389339.46,1059.95,12378154.79,254.88,127.44
1786389341.47,1061.96,12378359.86,205.08,102.54
1786389343.48,1063.97,12378541.99,182.13,91.06
1786389345.49,1065.98,12378775.39,233.40,116.70
1786389347.50,1067.99,12379010.74,235.35,117.68
1786389349.51,1070.00,12379218.75,208.01,104.00
1786389351.52,1072.01,12379445.31,226.56,113.28
1786389353.53,1074.02,12379664.55,219.24,109.62
1786389355.54,1076.03,12379867.19,202.64,101.32
1786389357.55,1078.04,12379960.45,93.26,46.63
1786389359.58,1080.08,12380211.43,250.98,125.49
1786389361.59,1082.09,12380439.94,228.52,114.26
1786389363.60,1084.10,12380644.04,204.10,102.05
1786389365.62,1086.11,12380844.73,200.68,100.34
1786389367.63,1088.12,12381054.69,209.96,104.98
1786389369.64,1090.13,12381292.48,237.79,118.90
1786389371.65,1092.15,12381527.83,235.35,117.68
1786389373.66,1094.15,12381735.84,208.01,104.00
1786389375.67,1096.16,12381927.73,191.89,95.95
1786389377.71,1098.21,12382021.48,93.75,46.88
1786389379.72,1100.22,12382235.84,214.36,107.18
1786389381.73,1102.23,12382457.52,221.68,110.84
1786389383.74,1104.24,12382684.57,227.05,113.53
1786389385.75,1106.25,12382920.41,235.84,117.92
1786389387.76,1108.26,12383130.86,210.45,105.22
1786389389.86,1110.35,12383324.71,193.85,96.92
1786389391.87,1112.36,12383541.50,216.80,108.40
1786389393.88,1114.37,12383773.93,232.42,116.21
1786389395.89,1116.38,12383952.15,178.22,89.11
1786389397.99,1118.48,12384063.96,111.82,55.91
1786389400.12,1120.61,12384251.46,187.50,93.75
1786389402.13,1122.63,12384487.30,235.84,117.92
1786389404.14,1124.64,12384723.14,235.84,117.92
1786389406.15,1126.65,12384930.66,207.52,103.76
1786389408.16,1128.66,12385155.76,225.10,112.55
1786389410.17,1130.66,12385347.66,191.89,95.95
1786389412.18,1132.67,12385556.64,208.98,104.49
1786389414.19,1134.68,12385782.23,225.59,112.79
1786389416.20,1136.69,12386008.30,226.07,113.04
1786389418.55,1139.05,12386193.85,185.55,92.77
1786389420.56,1141.06,12386440.92,247.07,123.54
1786389422.72,1143.22,12386623.54,182.62,91.31
1786389424.74,1145.23,12386859.38,235.84,117.92
1786389426.75,1147.24,12387095.21,235.84,117.92
1786389428.76,1149.25,12387290.04,194.82,97.41
1786389430.77,1151.26,12387484.86,194.82,97.41
1786389432.77,1153.27,12387713.87,229.00,114.50
1786389434.79,1155.28,12387949.22,235.35,117.68
1786389436.80,1157.29,12388074.22,125.00,62.50
1786389438.91,1159.40,12388337.89,263.67,131.84
1786389440.92,1161.41,12388541.99,204.10,102.05
1786389442.93,1163.43,12388777.83,235.84,117.92
1786389444.94,1165.44,12389017.09,239.26,119.63
1786389447.20,1167.70,12389252.44,235.35,117.68
1786389449.21,1169.71,12389488.28,235.84,117.92
1786389451.22,1171.72,12389711.43,223.14,111.57
1786389453.23,1173.73,12389932.13,220.70,110.35
1786389455.24,1175.74,12390098.63,166.50,83.25
1786389457.44,1177.93,12390232.42,133.79,66.89
1786389459.45,1179.94,12390439.94,207.52,103.76
1786389461.46,1181.95,12390681.64,241.70,120.85
1786389463.47,1183.96,12390917.48,235.84,117.92
1786389465.48,1185.97,12391153.32,235.84,117.92
1786389467.49,1187.99,12391361.33,208.01,104.00
1786389469.60,1190.09,12391559.08,197.75,98.88
1786389471.60,1192.10,12391774.90,215.82,107.91
1786389473.70,1194.20,12392009.77,234.86,117.43
1786389475.71,1196.21,12392134.77,125.00,62.50
1786389477.73,1198.22,12392431.64,296.88,148.44
1786389479.74,1200.23,12392614.26,182.62,91.31
1786389481.75,1202.24,12392844.24,229.98,114.99
1786389483.75,1204.25,12393058.11,213.87,106.93
1786389485.76,1206.26,12393287.60,229.49,114.75
1786389487.77,1208.27,12393469.24,181.64,90.82
1786389489.78,1210.28,12393683.59,214.36,107.18
1786389491.79,1212.29,12393902.83,219.24,109.62
1786389493.80,1214.30,12394136.23,233.40,116.70
1786389495.88,1216.37,12394242.68,106.45,53.22
1786389497.90,1218.39,12394487.79,245.12,122.56
1786389499.91,1220.41,12394723.63,235.84,117.92
1786389501.92,1222.42,12394958.98,235.35,117.68
1786389503.93,1224.43,12395169.92,210.94,105.47
1786389506.03,1226.52,12395406.74,236.82,118.41
1786389508.12,1228.61,12395625.49,218.75,109.38
1786389510.13,1230.63,12395822.75,197.27,98.63
1786389512.14,1232.64,12396058.59,235.84,117.92
1786389514.15,1234.65,12396197.27,138.67,69.34
1786389516.26,1236.76,12396335.94,138.67,69.34
1786389518.27,1238.77,12396571.78,235.84,117.92
1786389520.28,1240.78,12396778.81,207.03,103.52
1786389522.29,1242.79,12396997.07,218.26,109.13
1786389524.30,1244.80,12397187.01,189.94,94.97
1786389526.31,1246.80,12397393.55,206.54,103.27
1786389528.32,1248.82,12397629.39,235.84,117.92
1786389530.34,1250.83,12397867.68,238.28,119.14
1786389532.35,1252.84,12398097.66,229.98,114.99
1786389534.36,1254.85,12398227.54,129.88,64.94
1786389537.25,1257.75,12398471.19,243.65,121.83
1786389539.26,1259.75,12398681.15,209.96,104.98
1786389541.27,1261.76,12398883.30,202.15,101.07
1786389543.28,1263.78,12399119.14,235.84,117.92
1786389545.29,1265.79,12399357.91,238.77,119.38
1786389547.30,1267.80,12399588.87,230.96,115.48
1786389549.31,1269.81,12399801.27,212.40,106.20
1786389551.33,1271.82,12400043.46,242.19,121.09
1786389553.41,1273.90,12400244.63,201.17,100.59
1786389555.47,1275.97,12400335.94,91.31,45.65
1786389557.48,1277.97,12400543.46,207.52,103.76
1786389559.49,1279.98,12400779.30,235.84,117.92
1786389561.50,1281.99,12400991.21,211.91,105.96
1786389563.51,1284.00,12401226.56,235.35,117.68
1786389565.52,1286.01,12401462.89,236.33,118.16
1786389567.53,1288.02,12401679.69,216.80,108.40
1786389569.60,1290.10,12401871.58,191.89,95.95
1786389571.61,1292.11,12402085.45,213.87,106.93
1786389573.62,1294.12,12402272.46,187.01,93.51
1786389575.71,1296.21,12402412.11,139.65,69.82
1786389577.72,1298.22,12402646.97,234.86,117.43
1786389579.73,1300.23,12402854.00,207.03,103.52
1786389581.74,1302.24,12403072.27,218.26,109.13
1786389583.75,1304.25,12403323.73,251.46,125.73
1786389585.76,1306.25,12403532.23,208.50,104.25
1786389587.77,1308.26,12403767.09,234.86,117.43
1786389589.78,1310.27,12403958.50,191.41,95.70
1786389591.79,1312.28,12404159.67,201.17,100.59
1786389593.80,1314.29,12404356.93,197.27,98.63
1786389595.81,1316.30,12404467.29,110.35,55.18
1786389597.84,1318.33,12404733.89,266.60,133.30
1786389599.85,1320.34,12404949.71,215.82,107.91
1786389601.86,1322.35,12405143.07,193.36,96.68
1786389603.87,1324.36,12405363.28,220.21,110.11
1786389605.88,1326.37,12405563.96,200.68,100.34
1786389607.89,1328.38,12405803.22,239.26,119.63
1786389609.90,1330.39,12406038.57,235.35,117.68
1786389611.91,1332.40,12406312.99,274.41,137.21
1786389613.92,1334.41,12406393.07,80.08,40.04
1786389616.11,1336.61,12406669.92,276.86,138.43
1786389618.13,1338.62,12406893.55,223.63,111.82
1786389620.18,1340.67,12407105.96,212.40,106.20
1786389622.19,1342.68,12407305.18,199.22,99.61
1786389624.20,1344.69,12407531.25,226.07,113.04
1786389626.20,1346.70,12407745.61,214.36,107.18
1786389628.21,1348.71,12407974.61,229.00,114.50
1786389630.23,1350.72,12408180.66,206.05,103.03
1786389632.24,1352.73,12408375.00,194.34,97.17
1786389634.25,1354.74,12408464.36,89.36,44.68
1786389636.28,1356.77,12408698.24,233.89,116.94
1786389638.29,1358.78,12408921.39,223.14,111.57
1786389640.30,1360.79,12409125.98,204.59,102.29
1786389642.30,1362.80,12409328.12,202.15,101.07
1786389644.31,1364.81,12409536.13,208.01,104.00
1786389646.33,1366.82,12409771.97,235.84,117.92
1786389648.34,1368.83,12409998.54,226.56,113.28
1786389650.38,1370.87,12410195.31,196.78,98.39
1786389652.50,1373.00,12410318.85,123.54,61.77
1786389654.51,1375.00,12410547.85,229.00,114.50
1786389656.52,1377.01,12410762.21,214.36,107.18
1786389658.53,1379.02,12410998.05,235.84,117.92
1786389660.54,1381.04,12411231.45,233.40,116.70
1786389662.56,1383.06,12411441.89,210.45,105.22
1786389664.66,1385.16,12411667.48,225.59,112.79
1786389666.67,1387.17,12411854.98,187.50,93.75
1786389668.74,1389.24,12412045.90,190.92,95.46
1786389670.86,1391.35,12412169.92,124.02,62.01
1786389673.15,1393.64,12412275.88,105.96,52.98
1786389675.22,1395.71,12412501.95,226.07,113.04
1786389677.35,1397.84,12412680.18,178.22,89.11
1786389679.36,1399.85,12412916.02,235.84,117.92
1786389681.37,1401.86,12413127.44,211.43,105.71
1786389683.37,1403.87,12413361.82,234.38,117.19
1786389685.39,1405.88,12413597.66,235.84,117.92
1786389687.40,1407.89,12413833.50,235.84,117.92
1786389689.40,1409.90,12414041.99,208.50,104.25
1786389691.41,1411.91,12414122.07,80.08,40.04
1786389693.42,1413.92,12414377.93,255.86,127.93
1786389695.43,1415.92,12414595.70,217.77,108.89
1786389697.50,1418.00,12414798.34,202.64,101.32
1786389699.51,1420.01,12415004.39,206.05,103.03
1786389701.52,1422.02,12415240.23,235.84,117.92
1786389703.53,1424.03,12415476.07,235.84,117.92
1786389705.54,1426.04,12415683.59,207.52,103.76
1786389707.56,1428.05,12415898.44,214.84,107.42
1786389709.57,1430.06,12416091.31,192.87,96.44
1786389711.57,1432.07,12416183.11,91.80,45.90
1786389713.62,1434.11,12416419.43,236.33,118.16
1786389715.63,1436.13,12416629.88,210.45,105.22
1786389717.64,1438.14,12416805.18,175.29,87.65
1786389719.65,1440.15,12417021.48,216.31,108.15
1786389721.66,1442.16,12417244.63,223.14,111.57
1786389723.67,1444.17,12417479.98,235.35,117.68
1786389725.68,1446.18,12417715.82,235.84,117.92
1786389727.70,1448.19,12417952.15,236.33,118.16
1786389729.71,1450.21,12418143.55,191.41,95.70
1786389732.13,1452.62,12418263.18,119.63,59.81
1786389734.14,1454.64,12418521.00,257.81,128.91
1786389736.15,1456.65,12418664.06,143.07,71.53
1786389738.17,1458.66,12418899.90,235.84,117.92
1786389740.18,1460.67,12419135.74,235.84,117.92
1786389742.19,1462.68,12419357.42,221.68,110.84
1786389744.19,1464.69,12419579.10,221.68,110.84
1786389746.21,1466.70,12419820.80,241.70,120.85
1786389748.21,1468.71,12420033.69,212.89,106.45
1786389750.30,1470.80,12420186.04,152.34,76.17
1786389752.45,1472.95,12420321.29,135.25,67.63
1786389754.47,1474.96,12420557.13,235.84,117.92
1786389756.47,1476.97,12420764.65,207.52,103.76
1786389758.49,1478.98,12421000.49,235.84,117.92
1786389760.50,1480.99,12421237.79,237.30,118.65
1786389762.51,1483.00,12421460.45,222.66,111.33
1786389764.56,1485.06,12421679.20,218.75,109.38
1786389766.57,1487.07,12421858.40,179.20,89.60
1786389768.58,1489.08,12422094.73,236.33,118.16
1786389770.59,1491.09,12422248.54,153.81,76.90
1786389772.71,1493.20,12422451.17,202.64,101.32
1786389774.78,1495.28,12422658.69,207.52,103.76
1786389776.79,1497.29,12422847.66,188.96,94.48
1786389778.80,1499.30,12423050.78,203.12,101.56
1786389780.81,1501.31,12423276.86,226.07,113.04
1786389782.82,1503.32,12423512.70,235.84,117.92
1786389784.83,1505.33,12423739.75,227.05,113.53
1786389786.84,1507.34,12423955.57,215.82,107.91
1786389788.85,1509.35,12424249.02,293.46,146.73
1786389790.86,1511.36,12424388.67,139.65,69.82
1786389793.14,1513.63,12424550.29,161.62,80.81
1786389795.15,1515.64,12424762.70,212.40,106.20
1786389797.16,1517.65,12424998.54,235.84,117.92
1786389799.17,1519.66,12425223.14,224.61,112.30
1786389801.22,1521.71,12425454.59,231.45,115.72
1786389803.28,1523.78,12425640.14,185.55,92.77
1786389805.29,1525.79,12425854.98,214.84,107.42
1786389807.30,1527.80,12426096.19,241.21,120.61
1786389809.31,1529.81,12426288.09,191.89,95.95
1786389811.44,1531.93,12426439.94,151.86,75.93
1786389813.45,1533.95,12426654.79,214.84,107.42
1786389815.46,1535.96,12426890.14,235.35,117.68
1786389817.47,1537.97,12427079.59,189.45,94.73
1786389819.48,1539.98,12427275.39,195.80,97.90
1786389821.49,1541.99,12427511.23,235.84,117.92
1786389823.50,1544.00,12427720.70,209.47,104.74
1786389825.51,1546.01,12427935.06,214.36,107.18
1786389827.52,1548.02,12428144.04,208.98,104.49
1786389829.53,1550.03,12428330.08,186.04,93.02
1786389831.55,1552.04,12428472.17,142.09,71.04
1786389833.73,1554.22,12428785.64,313.48,156.74
1786389835.74,1556.24,12428988.28,202.64,101.32
1786389837.75,1558.24,12429197.27,208.98,104.49
1786389839.76,1560.25,12429407.23,209.96,104.98
1786389841.77,1562.27,12429642.58,235.35,117.68
1786389843.78,1564.28,12429878.42,235.84,117.92
1786389845.79,1566.29,12430085.94,207.52,103.76
1786389847.80,1568.30,12430371.09,285.16,142.58
1786389849.81,1570.31,12430451.17,80.08,40.04
1786389851.86,1572.36,12430692.87,241.70,120.85
1786389853.87,1574.37,12430913.09,220.21,110.11
1786389855.88,1576.38,12431148.93,235.84,117.92
1786389857.89,1578.39,12431384.77,235.84,117.92
1786389859.90,1580.40,12431611.82,227.05,113.53
1786389861.94,1582.44,12431809.57,197.75,98.88
1786389863.95,1584.45,12432004.88,195.31,97.66
1786389865.96,1586.46,12432272.46,267.58,133.79
1786389867.97,1588.46,12432418.95,146.48,73.24
1786389870.10,1590.59,12432584.47,165.53,82.76
1786389872.11,1592.60,12432803.22,218.75,109.38
1786389874.12,1594.61,12433039.06,235.84,117.92
1786389876.13,1596.62,12433246.58,207.52,103.76
1786389878.14,1598.63,12433466.80,220.21,110.11
1786389880.14,1600.64,12433653.81,187.01,93.51
1786389882.15,1602.65,12433875.98,222.17,111.08
1786389884.16,1604.66,12434101.56,225.59,112.79
1786389886.17,1606.67,12434337.89,236.33,118.16
1786389888.18,1608.68,12434554.69,216.80,108.40
1786389890.19,1610.69,12434670.90,116.21,58.11
1786389892.20,1612.70,12434901.86,230.96,115.48
1786389894.21,1614.71,12435137.70,235.84,117.92
1786389896.23,1616.72,12435373.54,235.84,117.92
1786389898.23,1618.73,12435552.73,179.20,89.60
1786389900.24,1620.74,12435770.02,217.29,108.64
1786389902.25,1622.75,12435996.09,226.07,113.04
1786389904.26,1624.76,12436254.88,258.79,129.39
1786389906.27,1626.77,12436470.70,215.82,107.91
1786389908.28,1628.78,12436603.52,132.81,66.41
1786389910.37,1630.87,12436754.39,150.88,75.44
1786389912.38,1632.88,12436994.14,239.75,119.87
1786389914.39,1634.89,12437211.43,217.29,108.64
1786389916.40,1636.90,12437437.50,226.07,113.04
1786389918.41,1638.90,12437623.54,186.04,93.02
1786389920.42,1640.91,12437830.57,207.03,103.52
1786389922.43,1642.92,12438052.73,222.17,111.08
1786389924.44,1644.93,12438288.57,235.84,117.92
1786389926.44,1646.94,12438512.21,223.63,111.82
1786389928.46,1648.95,12438582.52,70.31,35.16
1786389930.50,1651.00,12438888.67,306.15,153.08
1786389932.51,1653.01,12439096.19,207.52,103.76
1786389934.52,1655.02,12439332.03,235.84,117.92
1786389936.54,1657.03,12439567.87,235.84,117.92
1786389938.55,1659.04,12439774.90,207.03,103.52
1786389940.56,1661.05,12439987.79,212.89,106.45
1786389942.57,1663.06,12440188.48,200.68,100.34
1786389944.58,1665.07,12440448.24,259.77,129.88
1786389946.59,1667.08,12440581.54,133.30,66.65
1786389948.61,1669.11,12440815.92,234.38,117.19
1786389950.62,1671.12,12441041.02,225.10,112.55
1786389952.63,1673.13,12441240.23,199.22,99.61
1786389954.64,1675.14,12441467.77,227.54,113.77
1786389956.65,1677.15,12441676.76,208.98,104.49
1786389958.66,1679.16,12441912.11,235.35,117.68
1786389960.68,1681.17,12442143.55,231.45,115.72
1786389962.68,1683.18,12442360.84,217.29,108.64
1786389964.70,1685.19,12442596.68,235.84,117.92
1786389966.71,1687.20,12442683.59,86.91,43.46
1786389969.19,1689.68,12442896.97,213.38,106.69
1786389971.20,1691.70,12443126.95,229.98,114.99
1786389973.21,1693.71,12443340.33,213.38,106.69
1786389975.22,1695.72,12443578.61,238.28,119.14
1786389977.23,1697.73,12443814.45,235.84,117.92
1786389979.24,1699.74,12444038.57,224.12,112.06
1786389981.30,1701.80,12444241.70,203.12,101.56
1786389983.31,1703.81,12444471.19,229.49,114.75
1786389985.32,1705.82,12444627.93,156.74,78.37
1786389987.33,1707.83,12444789.06,161.13,80.57
1786389989.46,1709.95,12444974.12,185.06,92.53
1786389991.65,1712.15,12445247.56,273.44,136.72
1786389993.74,1714.23,12445457.03,209.47,104.74
1786389995.75,1716.24,12445653.81,196.78,98.39
1786389997.76,1718.25,12445889.65,235.84,117.92
1786389999.77,1720.26,12446098.14,208.50,104.25
1786390001.78,1722.28,12446320.80,222.66,111.33
1786390003.79,1724.28,12446521.48,200.68,100.34
1786390005.80,1726.29,12446717.77,196.29,98.14
1786390007.81,1728.30,12446898.93,181.15,90.58
1786390009.85,1730.34,12447065.43,166.50,83.25
1786390011.89,1732.39,12447279.79,214.36,107.18
1786390013.90,1734.40,12447478.03,198.24,99.12
1786390015.91,1736.41,12447690.92,212.89,106.45
1786390017.92,1738.41,12447920.90,229.98,114.99
1786390019.93,1740.42,12448132.81,211.91,105.96
1786390021.94,1742.44,12448370.12,237.30,118.65
1786390023.95,1744.45,12448605.47,235.35,117.68
1786390025.96,1746.46,12448729.49,124.02,62.01
1786390029.39,1749.89,12449034.67,305.18,152.59
1786390031.41,1751.90,12449265.62,230.96,115.48
1786390033.42,1753.91,12449478.03,212.40,106.20
1786390035.43,1755.92,12449688.96,210.94,105.47
1786390037.44,1757.93,12449904.79,215.82,107.91
1786390039.45,1759.94,12450108.89,204.10,102.05
1786390041.46,1761.95,12450378.42,269.53,134.77
1786390043.47,1763.97,12450614.75,236.33,118.16
1786390045.48,1765.98,12450788.57,173.83,86.91
1786390047.51,1768.01,12450971.68,183.11,91.55
1786390049.53,1770.02,12451087.89,116.21,58.11
1786390051.54,1772.03,12451328.12,240.23,120.12
1786390053.54,1774.04,12451556.64,228.52,114.26
1786390055.55,1776.05,12451771.48,214.84,107.42
1786390057.57,1778.06,12452007.32,235.84,117.92
1786390059.58,1780.07,12452243.16,235.84,117.92
1786390061.59,1782.09,12452472.17,229.00,114.50
1786390063.63,1784.13,12452675.29,203.12,101.56
1786390065.64,1786.14,12452832.03,156.74,78.37
1786390067.67,1788.17,12452981.45,149.41,74.71
1786390069.74,1790.23,12453210.45,229.00,114.50
1786390071.75,1792.24,12453429.69,219.24,109.62
1786390073.76,1794.26,12453633.79,204.10,102.05
1786390075.77,1796.27,12453836.91,203.12,101.56
1786390077.78,1798.27,12454044.43,207.52,103.76
1786390079.79,1800.28,12454280.27,235.84,117.92
1786390081.80,1802.29,12454515.62,235.35,117.68
1786390083.81,1804.30,12454729.98,214.36,107.18
1786390085.82,1806.31,12454929.20,199.22,99.61
1786390087.93,1808.43,12455065.43,136.23,68.12
1786390090.01,1810.51,12455289.55,224.12,112.06
1786390092.03,1812.52,12455525.39,235.84,117.92
1786390094.04,1814.53,12455723.63,198.24,99.12
1786390096.04,1816.54,12455909.67,186.04,93.02
1786390098.06,1818.55,12456151.37,241.70,120.85
1786390100.07,1820.56,12456374.51,223.14,111.57
1786390102.08,1822.57,12456595.21,220.70,110.35
1786390104.09,1824.58,12456780.76,185.55,92.77
1786390106.10,1826.59,12456915.53,134.77,67.38
1786390108.22,1828.72,12457127.44,211.91,105.96
1786390110.24,1830.73,12457334.96,207.52,103.76
1786390112.25,1832.75,12457570.80,235.84,117.92
1786390114.26,1834.76,12457801.76,230.96,115.48
1786390116.27,1836.77,12458013.67,211.91,105.96
1786390118.28,1838.78,12458249.51,235.84,117.92
1786390120.29,1840.79,12458479.49,229.98,114.99
1786390122.33,1842.83,12458693.85,214.36,107.18
1786390124.34,1844.84,12458879.39,185.55,92.77
1786390126.44,1846.93,12459044.92,165.53,82.76
1786390128.45,1848.94,12459173.83,128.91,64.45
1786390130.46,1850.95,12459431.15,257.32,128.66
1786390132.47,1852.96,12459666.99,235.84,117.92
1786390134.48,1854.98,12459844.73,177.73,88.87
1786390136.49,1856.99,12460057.13,212.40,106.20
1786390138.50,1859.00,12460292.97,235.84,117.92
1786390140.51,1861.01,12460503.91,210.94,105.47
1786390142.52,1863.01,12460732.91,229.00,114.50
1786390144.53,1865.02,12460914.06,181.15,90.58
1786390146.65,1867.15,12461000.98,86.91,43.46
1786390148.66,1869.16,12461218.26,217.29,108.64
1786390150.67,1871.17,12461414.55,196.29,98.14
1786390152.68,1873.18,12461621.09,206.54,103.27
1786390154.70,1875.19,12461829.10,208.01,104.00
1786390156.71,1877.20,12462064.45,235.35,117.68
1786390158.72,1879.22,12462300.29,235.84,117.92
1786390160.73,1881.23,12462508.79,208.50,104.25
1786390162.79,1883.28,12462744.14,235.35,117.68
1786390164.80,1885.29,12462952.64,208.50,104.25
1786390167.28,1887.77,12463108.40,155.76,77.88
1786390169.81,1890.30,12463349.12,240.72,120.36
1786390171.82,1892.31,12463570.31,221.19,110.60
1786390173.83,1894.32,12463805.66,235.35,117.68
1786390175.84,1896.34,12464023.44,217.77,108.89
1786390177.85,1898.35,12464249.02,225.59,112.79
1786390179.86,1900.36,12464484.86,235.84,117.92
1786390181.87,1902.37,12464720.70,235.84,117.92
1786390183.88,1904.38,12464935.55,214.84,107.42
1786390185.97,1906.47,12465030.76,95.21,47.61
1786390189.04,1909.54,12465250.98,220.21,110.11
1786390191.05,1911.55,12465458.50,207.52,103.76
1786390193.07,1913.56,12465694.34,235.84,117.92
1786390195.08,1915.57,12465929.69,235.35,117.68
1786390197.08,1917.58,12466138.18,208.50,104.25
1786390199.09,1919.59,12466379.39,241.21,120.61
1786390201.10,1921.60,12466615.23,235.84,117.92
1786390203.12,1923.61,12466825.68,210.45,105.22
1786390205.13,1925.62,12467027.83,202.15,101.07
1786390207.24,1927.73,12467131.35,103.52,51.76
1786390209.32,1929.82,12467323.24,191.89,95.95
1786390211.33,1931.83,12467559.08,235.84,117.92
1786390213.35,1933.84,12467796.88,237.79,118.90
1786390215.36,1935.85,12467983.40,186.52,93.26
1786390217.37,1937.86,12468182.13,198.73,99.37
1786390219.38,1939.87,12468417.48,235.35,117.68
1786390221.39,1941.88,12468625.49,208.01,104.00
1786390223.40,1943.89,12468836.91,211.43,105.71
1786390225.40,1945.90,12469033.20,196.29,98.14
1786390227.41,1947.91,12469203.12,169.92,84.96
1786390229.46,1949.96,12469405.76,202.64,101.32
1786390231.47,1951.97,12469613.28,207.52,103.76
1786390233.48,1953.98,12469839.36,226.07,113.04
1786390235.49,1955.99,12470027.83,188.48,94.24
1786390237.50,1958.00,12470228.03,200.20,100.10
1786390239.51,1960.01,12470463.38,235.35,117.68
1786390241.52,1962.02,12470699.22,235.84,117.92
1786390243.53,1964.03,12470910.64,211.43,105.71
1786390245.54,1966.04,12471148.44,237.79,118.90
1786390247.55,1968.05,12471280.76,132.32,66.16
1786390250.50,1970.99,12471535.64,254.88,127.44
1786390252.51,1973.00,12471752.44,216.80,108.40
1786390254.52,1975.02,12471988.28,235.84,117.92
1786390256.53,1977.03,12472222.66,234.38,117.19
1786390258.54,1979.04,12472431.15,208.50,104.25
1786390260.55,1981.05,12472673.34,242.19,121.09
1786390262.56,1983.06,12472909.18,235.84,117.92
1786390264.58,1985.07,12473119.14,209.96,104.98
1786390267.30,1987.80,12473238.77,119.63,59.81
1786390269.32,1989.81,12473437.50,198.73,99.37
1786390271.33,1991.82,12473645.02,207.52,103.76
1786390273.34,1993.84,12473880.86,235.84,117.92
1786390275.35,1995.84,12474090.82,209.96,104.98
1786390277.36,1997.86,12474325.68,234.86,117.43
1786390279.37,1999.87,12474562.01,236.33,118.16
1786390281.38,2001.88,12474797.85,235.84,117.92
1786390283.39,2003.89,12475006.35,208.50,104.25
1786390285.50,2005.99,12475174.80,168.46,84.23
1786390287.51,2008.01,12475418.46,243.65,121.83
1786390290.29,2010.79,12475690.43,271.97,135.99
1786390292.30,2012.80,12475920.41,229.98,114.99
1786390294.34,2014.83,12476113.77,193.36,96.68
1786390296.35,2016.84,12476311.04,197.27,98.63
1786390298.36,2018.85,12476546.88,235.84,117.92
1786390300.37,2020.86,12476754.88,208.01,104.00
1786390302.38,2022.88,12476971.19,216.31,108.15
1786390304.39,2024.88,12477172.36,201.17,100.59
1786390306.40,2026.89,12477261.23,88.87,44.43
1786390308.41,2028.91,12477497.07,235.84,117.92
1786390310.42,2030.92,12477732.91,235.84,117.92
1786390312.43,2032.93,12477952.64,219.73,109.86
1786390314.44,2034.94,12478176.27,223.63,111.82
1786390316.45,2036.94,12478371.58,195.31,97.66
1786390318.46,2038.95,12478564.94,193.36,96.68
1786390320.47,2040.96,12478790.53,225.59,112.79
1786390322.48,2042.98,12479028.81,238.28,119.14
1786390324.49,2044.99,12479242.68,213.87,106.93
1786390326.51,2047.01,12479395.02,152.34,76.17
1786390328.52,2049.01,12479500.49,105.47,52.73
1786390330.53,2051.03,12479735.84,235.35,117.68
1786390332.54,2053.04,12479943.36,207.52,103.76
1786390334.55,2055.05,12480179.20,235.84,117.92
1786390336.56,2057.06,12480419.92,240.72,120.36
1786390338.57,2059.07,12480655.76,235.84,117.92
1786390340.58,2061.08,12480850.59,194.82,97.41
1786390342.59,2063.09,12481040.53,189.94,94.97
1786390344.61,2065.10,12481276.37,235.84,117.92
1786390346.62,2067.11,12481349.61,73.24,36.62
1786390348.71,2069.20,12481573.24,223.63,111.82
1786390350.81,2071.30,12481785.64,212.40,106.20
1786390352.82,2073.31,12481986.82,201.17,100.59
1786390354.83,2075.32,12482222.66,235.84,117.92
1786390356.84,2077.33,12482430.18,207.52,103.76
1786390358.85,2079.35,12482658.20,228.03,114.01
1786390360.86,2081.36,12482863.77,205.57,102.78
1786390362.87,2083.37,12483073.73,209.96,104.98
1786390364.88,2085.38,12483281.25,207.52,103.76
1786390366.90,2087.39,12483374.02,92.77,46.39
1786390368.91,2089.40,12483536.13,162.11,81.05
1786390370.92,2091.41,12483758.79,222.66,111.33
1786390372.93,2093.43,12483994.63,235.84,117.92
1786390374.94,2095.43,12484205.08,210.45,105.22
1786390376.95,2097.44,12484437.99,232.91,116.46
1786390378.96,2099.45,12484673.83,235.84,117.92
1786390380.97,2101.47,12484907.71,233.89,116.94
1786390382.99,2103.48,12485102.05,194.34,97.17
1786390385.00,2105.49,12485299.80,197.75,98.88
1786390387.01,2107.51,12485396.48,96.68,48.34
1786390389.04,2109.53,12485608.40,211.91,105.96
1786390391.05,2111.54,12485857.91,249.51,124.76
1786390393.06,2113.55,12486070.31,212.40,106.20
1786390395.15,2115.64,12486279.30,208.98,104.49
1786390397.16,2117.65,12486479.00,199.71,99.85
1786390399.17,2119.66,12486720.70,241.70,120.85
1786390401.18,2121.67,12486949.22,228.52,114.26
1786390403.19,2123.68,12487164.06,214.84,107.42
1786390405.20,2125.70,12487358.40,194.34,97.17
1786390407.21,2127.71,12487483.40,125.00,62.50
1786390410.00,2130.50,12487751.46,268.07,134.03
1786390412.01,2132.50,12487986.82,235.35,117.68
1786390414.02,2134.51,12488181.64,194.82,97.41
1786390416.03,2136.52,12488374.51,192.87,96.44
1786390418.04,2138.53,12488610.84,236.33,118.16
1786390420.18,2140.68,12488846.19,235.35,117.68
1786390422.19,2142.69,12489103.03,256.84,128.42
1786390424.23,2144.73,12489309.57,206.54,103.27
1786390426.24,2146.74,12489472.66,163.09,81.54
1786390428.25,2148.75,12489631.35,158.69,79.35
1786390430.26,2150.76,12489870.12,238.77,119.38
1786390432.27,2152.77,12490075.20,205.08,102.54
1786390434.28,2154.78,12490272.46,197.27,98.63
1786390436.29,2156.79,12490484.86,212.40,106.20
1786390438.31,2158.80,12490720.70,235.84,117.92
1786390440.32,2160.81,12490956.54,235.84,117.92
1786390442.32,2162.82,12491164.06,207.52,103.76
1786390444.33,2164.83,12491400.39,236.33,118.16
1786390446.52,2167.02,12491513.18,112.79,56.40
1786390448.62,2169.12,12491670.41,157.23,78.61
1786390450.63,2171.13,12491906.25,235.84,117.92
1786390452.64,2173.14,12492117.68,211.43,105.71
1786390454.71,2175.20,12492353.03,235.35,117.68
1786390456.72,2177.21,12492588.87,235.84,117.92
1786390458.73,2179.22,12492824.22,235.35,117.68
1786390460.74,2181.24,12493001.95,177.73,88.87
1786390462.75,2183.25,12493214.36,212.40,106.20
1786390464.76,2185.26,12493450.20,235.84,117.92
1786390466.77,2187.27,12493591.31,141.11,70.56
1786390468.87,2189.36,12493725.59,134.28,67.14
1786390470.94,2191.44,12493922.36,196.78,98.39
1786390472.96,2193.45,12494158.20,235.84,117.92
1786390474.96,2195.46,12494365.72,207.52,103.76
1786390476.98,2197.47,12494601.56,235.84,117.92
1786390478.99,2199.48,12494805.66,204.10,102.05
1786390481.00,2201.49,12495014.16,208.50,104.25
1786390483.01,2203.50,12495221.68,207.52,103.76
1786390485.02,2205.51,12495458.01,236.33,118.16
1786390487.03,2207.53,12495593.26,135.25,67.63
1786390489.05,2209.54,12495742.68,149.41,74.71
1786390491.08,2211.57,12495963.38,220.70,110.35
1786390493.09,2213.58,12496174.32,210.94,105.47
1786390495.09,2215.59,12496406.25,231.93,115.97
1786390497.11,2217.60,12496641.60,235.35,117.68
1786390499.12,2219.61,12496877.93,236.33,118.16
1786390501.13,2221.62,12497085.45,207.52,103.76
1786390503.14,2223.63,12497321.29,235.84,117.92
1786390505.15,2225.65,12497550.78,229.49,114.75
1786390507.57,2228.07,12497693.85,143.07,71.53
1786390509.65,2230.14,12497874.02,180.18,90.09
1786390511.73,2232.22,12498155.27,281.25,140.62
1786390513.73,2234.23,12498326.66,171.39,85.69
1786390515.74,2236.24,12498534.67,208.01,104.00
1786390517.75,2238.25,12498770.51,235.84,117.92
1786390519.76,2240.26,12499006.35,235.84,117.92
1786390521.77,2242.27,12499214.36,208.01,104.00
1786390523.78,2244.28,12499449.71,235.35,117.68
1786390525.79,2246.29,12499600.59,150.88,75.44
1786390527.86,2248.35,12499808.59,208.01,104.00
1786390529.87,2250.37,12500028.81,220.21,110.11
1786390531.94,2252.43,12500258.79,229.98,114.99
1786390534.02,2254.51,12500434.57,175.78,87.89
1786390536.03,2256.52,12500665.04,230.47,115.23
1786390538.04,2258.53,12500891.60,226.56,113.28
1786390540.05,2260.54,12501115.23,223.63,111.82
1786390542.06,2262.55,12501312.01,196.78,98.39
1786390544.07,2264.56,12501522.46,210.45,105.22
1786390546.08,2266.57,12501695.80,173.34,86.67
1786390548.14,2268.64,12501833.01,137.21,68.60
1786390550.16,2270.65,12502086.91,253.91,126.95
1786390552.16,2272.66,12502294.43,207.52,103.76
1786390554.18,2274.67,12502530.27,235.84,117.92
1786390556.19,2276.68,12502771.97,241.70,120.85
1786390558.19,2278.69,12502983.89,211.91,105.96
1786390560.28,2280.78,12503195.31,211.43,105.71
1786390562.29,2282.79,12503392.09,196.78,98.39
1786390564.30,2284.80,12503628.42,236.33,118.16
1786390566.31,2286.81,12503743.16,114.75,57.37
1786390568.32,2288.82,12503916.50,173.34,86.67
1786390570.40,2290.90,12504017.58,101.07,50.54
1786390572.52,2293.01,12504256.84,239.26,119.63
1786390574.53,2295.02,12504461.43,204.59,102.29
1786390576.55,2297.04,12504648.44,187.01,93.51
1786390578.56,2299.05,12504849.12,200.68,100.34
1786390580.57,2301.06,12505078.61,229.49,114.75
1786390582.58,2303.07,12505292.97,214.36,107.18
1786390584.59,2305.09,12505523.93,230.96,115.48
1786390586.61,2307.11,12505688.48,164.55,82.28
1786390588.63,2309.12,12505769.04,80.57,40.28
1786390590.74,2311.24,12505992.68,223.63,111.82
1786390592.75,2313.24,12506199.22,206.54,103.27
1786390594.76,2315.26,12506418.95,219.73,109.86
1786390596.77,2317.27,12506654.79,235.84,117.92
1786390598.79,2319.28,12506890.62,235.84,117.92
1786390600.80,2321.29,12507114.26,223.63,111.82
1786390602.80,2323.30,12507336.91,222.66,111.33
1786390604.82,2325.31,12507573.24,236.33,118.16
1786390606.83,2327.32,12507733.89,160.64,80.32
1786390608.93,2329.43,12507837.89,104.00,52.00
1786390610.94,2331.44,12508045.41,207.52,103.76
1786390612.95,2333.45,12508262.70,217.29,108.64
1786390615.03,2335.53,12508504.88,242.19,121.09
1786390617.08,2337.58,12508701.17,196.29,98.14
1786390619.09,2339.58,12508907.71,206.54,103.27
1786390621.10,2341.60,12509141.11,233.40,116.70
1786390623.11,2343.61,12509351.07,209.96,104.98
1786390625.12,2345.62,12509587.40,236.33,118.16
1786390627.13,2347.63,12509768.07,180.66,90.33
1786390629.21,2349.70,12509877.93,109.86,54.93
1786390631.21,2351.71,12510086.91,208.98,104.49
1786390633.23,2353.72,12510328.61,241.70,120.85
1786390635.24,2355.73,12510561.04,232.42,116.21
1786390637.25,2357.74,12510771.97,210.94,105.47
1786390639.26,2359.75,12510979.00,207.03,103.52
1786390641.27,2361.76,12511166.02,187.01,93.51
1786390643.28,2363.77,12511387.70,221.68,110.84
1786390645.29,2365.79,12511623.05,235.35,117.68
1786390647.30,2367.80,12511830.57,207.52,103.76
1786390649.32,2369.81,12511904.30,73.73,36.87
1786390651.40,2371.90,12512221.19,316.89,158.45
1786390653.42,2373.91,12512428.71,207.52,103.76
1786390655.43,2375.92,12512664.55,235.84,117.92
1786390657.44,2377.93,12512900.39,235.84,117.92
1786390659.45,2379.95,12513135.74,235.35,117.68
1786390661.85,2382.35,12513371.58,235.84,117.92
1786390663.86,2384.36,12513578.12,206.54,103.27
1786390665.87,2386.37,12513827.15,249.02,124.51
1786390667.88,2388.37,12513917.97,90.82,45.41
1786390669.97,2390.46,12514130.86,212.89,106.45
1786390672.04,2392.54,12514356.93,226.07,113.04
1786390674.05,2394.54,12514565.92,208.98,104.49
1786390676.06,2396.55,12514772.46,206.54,103.27
1786390678.07,2398.56,12515006.35,233.89,116.94
1786390680.16,2400.66,12515245.61,239.26,119.63
1786390682.17,2402.67,12515453.61,208.01,104.00
1786390684.18,2404.68,12515673.34,219.73,109.86
1786390686.19,2406.69,12515871.09,197.75,98.88
1786390688.20,2408.70,12515954.10,83.01,41.50
1786390690.27,2410.76,12516188.96,234.86,117.43
1786390692.28,2412.77,12516424.80,235.84,117.92
1786390694.29,2414.78,12516662.11,237.30,118.65
1786390696.30,2416.79,12516874.51,212.40,106.20
1786390698.31,2418.80,12517064.94,190.43,95.21
1786390700.31,2420.81,12517281.74,216.80,108.40
1786390702.32,2422.82,12517489.26,207.52,103.76
1786390704.34,2424.83,12517725.10,235.84,117.92
1786390706.35,2426.84,12517923.34,198.24,99.12
1786390708.59,2429.08,12518081.54,158.20,79.10
1786390710.59,2431.09,12518309.57,228.03,114.01
1786390712.61,2433.10,12518530.27,220.70,110.35
1786390714.61,2435.11,12518764.16,233.89,116.94
1786390716.62,2437.12,12518941.89,177.73,88.87
1786390718.63,2439.13,12519144.53,202.64,101.32
1786390720.64,2441.14,12519379.39,234.86,117.43
1786390722.66,2443.15,12519614.75,235.35,117.68
1786390724.66,2445.16,12519823.24,208.50,104.25
1786390726.67,2447.17,12519977.54,154.30,77.15
1786390728.74,2449.23,12520090.82,113.28,56.64
1786390730.75,2451.25,12520326.17,235.35,117.68
1786390732.76,2453.26,12520557.13,230.96,115.48
1786390734.77,2455.27,12520769.53,212.40,106.20
1786390736.78,2457.28,12521004.88,235.35,117.68
1786390738.79,2459.29,12521222.17,217.29,108.64
1786390740.86,2461.36,12521479.98,257.81,128.91
1786390742.90,2463.40,12521653.81,173.83,86.91
1786390744.91,2465.40,12521868.65,214.84,107.42
1786390746.92,2467.42,12521996.58,127.93,63.96
1786390749.00,2469.50,12522225.59,229.00,114.50
1786390751.01,2471.51,12522437.50,211.91,105.96
1786390753.05,2473.55,12522672.85,235.35,117.68
1786390755.06,2475.56,12522887.70,214.84,107.42
1786390757.07,2477.57,12523081.05,193.36,96.68
1786390759.08,2479.58,12523291.02,209.96,104.98
1786390761.10,2481.59,12523526.86,235.84,117.92
1786390763.11,2483.60,12523748.54,221.68,110.84
1786390765.12,2485.61,12523970.70,222.17,111.08
1786390767.13,2487.62,12524061.04,90.33,45.17
1786390769.79,2490.29,12524257.81,196.78,98.39
1786390771.80,2492.30,12524473.14,215.33,107.67
1786390773.82,2494.31,12524708.50,235.35,117.68
1786390775.83,2496.33,12524916.50,208.01,104.00
1786390777.84,2498.33,12525151.86,235.35,117.68
1786390779.85,2500.35,12525387.70,235.84,117.92
1786390781.86,2502.35,12525623.54,235.84,117.92
1786390783.87,2504.36,12525854.00,230.47,115.23
1786390785.91,2506.40,12526029.30,175.29,87.65
1786390787.91,2508.41,12526107.42,78.12,39.06
1786390789.99,2510.49,12526337.89,230.47,115.23
1786390792.01,2512.51,12526559.57,221.68,110.84
1786390794.07,2514.57,12526753.91,194.34,97.17
1786390796.08,2516.58,12526958.50,204.59,102.29
1786390798.09,2518.59,12527194.34,235.84,117.92
1786390800.10,2520.60,12527402.34,208.01,104.00
1786390802.11,2522.61,12527589.84,187.50,93.75
1786390804.12,2524.62,12527798.34,208.50,104.25
1786390806.13,2526.63,12528022.95,224.61,112.30
1786390808.14,2528.64,12528147.95,125.00,62.50
1786390810.16,2530.65,12528377.93,229.98,114.99
1786390812.17,2532.66,12528562.01,184.08,92.04
1786390814.17,2534.67,12528766.60,204.59,102.29
1786390816.19,2536.68,12529001.95,235.35,117.68
1786390818.20,2538.69,12529239.75,237.79,118.90
1786390820.21,2540.70,12529447.27,207.52,103.76
1786390822.22,2542.71,12529683.11,235.84,117.92
1786390824.23,2544.72,12529791.50,108.40,54.20
1786390826.30,2546.80,12529998.54,207.03,103.52
1786390828.31,2548.81,12530183.59,185.06,92.53
1786390830.32,2550.81,12530410.64,227.05,113.53
1786390832.33,2552.82,12530626.95,216.31,108.15
1786390834.34,2554.84,12530869.63,242.68,121.34
1786390836.35,2556.84,12531096.68,227.05,113.53
1786390838.39,2558.88,12531303.22,206.54,103.27
1786390840.40,2560.89,12531546.39,243.16,121.58
1786390842.40,2562.90,12531728.03,181.64,90.82
1786390844.54,2565.04,12531816.89,88.87,44.43
1786390846.63,2567.12,12532048.83,231.93,115.97
1786390848.64,2569.13,12532284.67,235.84,117.92
1786390850.65,2571.15,12532522.46,237.79,118.90
1786390852.66,2573.15,12532744.63,222.17,111.08
1786390854.72,2575.22,12532930.66,186.04,93.02
1786390856.74,2577.23,12533143.07,212.40,106.20
1786390858.75,2579.24,12533421.88,278.81,139.40
1786390860.76,2581.25,12533636.72,214.84,107.42
1786390862.77,2583.26,12533794.92,158.20,79.10
1786390864.84,2585.34,12533981.93,187.01,93.51
1786390866.91,2587.41,12534148.93,166.99,83.50
1786390868.93,2589.42,12534384.77,235.84,117.92
1786390870.94,2591.43,12534620.61,235.84,117.92
1786390872.95,2593.44,12534845.21,224.61,112.30
1786390874.96,2595.45,12535063.96,218.75,109.38
1786390876.97,2597.47,12535299.80,235.84,117.92
1786390878.98,2599.48,12535536.13,236.33,118.16
1786390880.99,2601.49,12535728.52,192.38,96.19
1786390883.00,2603.50,12535846.19,117.68,58.84
1786390885.42,2605.92,12536076.66,230.47,115.23
1786390887.43,2607.93,12536284.18,207.52,103.76
1786390889.44,2609.94,12536520.02,235.84,117.92
1786390891.45,2611.95,12536756.35,236.33,118.16
1786390893.46,2613.96,12536982.91,226.56,113.28
1786390895.51,2616.00,12537187.50,204.59,102.29
1786390897.51,2618.01,12537406.25,218.75,109.38
1786390899.52,2620.02,12537615.72,209.47,104.74
1786390901.53,2622.03,12537823.24,207.52,103.76
1786390903.55,2624.04,12537909.18,85.94,42.97
1786390905.56,2626.05,12538087.40,178.22,89.11
1786390907.57,2628.06,12538322.75,235.35,117.68
1786390909.58,2630.07,12538530.76,208.01,104.00
1786390911.59,2632.08,12538772.95,242.19,121.09
1786390913.60,2634.09,12538979.49,206.54,103.27
1786390915.61,2636.10,12539187.01,207.52,103.76
1786390917.62,2638.11,12539387.70,200.68,100.34
1786390919.63,2640.12,12539623.54,235.84,117.92
1786390921.64,2642.13,12539859.38,235.84,117.92
1786390923.65,2644.14,12540028.32,168.95,84.47
1786390925.66,2646.15,12540145.02,116.70,58.35
1786390927.93,2648.42,12540353.52,208.50,104.25
1786390929.94,2650.43,12540578.61,225.10,112.55
1786390931.95,2652.44,12540813.96,235.35,117.68
1786390933.96,2654.46,12541049.80,235.84,117.92
1786390935.97,2656.47,12541281.74,231.93,115.97
1786390937.98,2658.48,12541445.31,163.57,81.79
1786390939.99,2660.48,12541670.41,225.10,112.55
1786390942.00,2662.50,12541907.71,237.30,118.65
1786390944.13,2664.63,12542024.90,117.19,58.59
1786390946.15,2666.64,12542232.42,207.52,103.76
1786390948.15,2668.65,12542441.41,208.98,104.49
1786390950.25,2670.75,12542656.25,214.84,107.42
1786390952.26,2672.76,12542853.03,196.78,98.39
1786390954.27,2674.77,12543085.94,232.91,116.46
1786390956.28,2676.78,12543296.39,210.45,105.22
1786390958.30,2678.79,12543520.51,224.12,112.06
1786390960.31,2680.80,12543709.96,189.45,94.73
1786390962.32,2682.81,12543917.97,208.01,104.00
1786390964.33,2684.82,12544037.11,119.14,59.57
1786390966.45,2686.94,12544185.55,148.44,74.22
1786390968.46,2688.95,12544389.16,203.61,101.81
1786390970.47,2690.96,12544625.00,235.84,117.92
1786390972.48,2692.98,12544860.84,235.84,117.92
1786390974.49,2694.98,12545098.63,237.79,118.90
1786390976.50,2696.99,12545306.64,208.01,104.00
1786390978.51,2699.00,12545542.48,235.84,117.92
1786390980.52,2701.02,12545777.83,235.35,117.68
1786390982.54,2703.03,12545975.59,197.75,98.88
1786390984.96,2705.45,12546071.78,96.19,48.10
1786390987.87,2708.36,12546318.36,246.58,123.29
1786390989.88,2710.37,12546533.20,214.84,107.42
1786390991.89,2712.38,12546753.91,220.70,110.35
1786390993.90,2714.39,12546989.75,235.84,117.92
1786390995.91,2716.40,12547225.59,235.84,117.92
1786390997.92,2718.41,12547443.36,217.77,108.89
1786390999.93,2720.42,12547668.46,225.10,112.55
1786391001.94,2722.43,12547905.27,236.82,118.41
1786391003.95,2724.44,12548055.66,150.39,75.20
1786391005.96,2726.45,12548200.68,145.02,72.51
1786391007.97,2728.47,12548408.20,207.52,103.76
1786391009.98,2730.48,12548644.04,235.84,117.92
1786391011.99,2732.49,12548858.89,214.84,107.42
1786391014.00,2734.49,12549087.89,229.00,114.50
1786391016.01,2736.51,12549323.73,235.84,117.92
1786391018.02,2738.52,12549560.06,236.33,118.16
1786391020.23,2740.73,12549802.25,242.19,121.09
1786391022.24,2742.74,12550038.09,235.84,117.92
1786391024.25,2744.75,12550089.84,51.76,25.88
1786391026.35,2746.85,12550310.55,220.70,110.35
1786391028.36,2748.86,12550535.16,224.61,112.30
1786391030.42,2750.92,12550773.93,238.77,119.38
1786391032.43,2752.92,12550982.91,208.98,104.49
1786391034.44,2754.93,12551193.36,210.45,105.22
1786391036.45,2756.94,12551407.71,214.36,107.18
1786391038.46,2758.95,12551643.55,235.84,117.92
1786391040.47,2760.96,12551851.56,208.01,104.00
1786391042.48,2762.98,12552076.17,224.61,112.30
1786391044.49,2764.99,12552155.27,79.10,39.55
1786391047.07,2767.56,12552437.99,282.71,141.36
1786391049.07,2769.57,12552619.14,181.15,90.58
1786391051.08,2771.58,12552849.12,229.98,114.99
1786391053.09,2773.59,12553065.43,216.31,108.15
1786391055.10,2775.60,12553292.48,227.05,113.53
1786391057.11,2777.61,12553508.79,216.31,108.15
1786391059.12,2779.62,12553729.00,220.21,110.11
1786391061.13,2781.62,12553939.94,210.94,105.47
1786391063.14,2783.63,12554122.07,182.13,91.06
1786391065.17,2785.66,12554307.13,185.06,92.53
1786391067.18,2787.68,12554501.95,194.82,97.41
1786391069.19,2789.69,12554721.68,219.73,109.86
1786391071.20,2791.70,12554957.52,235.84,117.92
1786391073.21,2793.71,12555193.36,235.84,117.92
1786391075.23,2795.72,12555420.90,227.54,113.77
1786391077.23,2797.73,12555637.21,216.31,108.15
1786391079.28,2799.78,12555872.56,235.35,117.68
1786391081.29,2801.79,12556110.84,238.28,119.14
1786391083.30,2803.80,12556209.47,98.63,49.32
1786391085.88,2806.37,12556375.00,165.53,82.76
1786391087.89,2808.39,12556610.84,235.84,117.92
1786391089.90,2810.40,12556846.68,235.84,117.92
1786391091.91,2812.41,12557063.48,216.80,108.40
1786391093.92,2814.41,12557290.04,226.56,113.28
1786391095.93,2816.42,12557531.74,241.70,120.85
1786391097.94,2818.44,12557767.58,235.84,117.92
1786391099.95,2820.45,12558003.91,236.33,118.16
1786391101.96,2822.46,12558193.85,189.94,94.97
1786391104.05,2824.55,12558296.39,102.54,51.27
1786391106.07,2826.57,12558503.91,207.52,103.76
1786391108.08,2828.58,12558711.91,208.01,104.00
1786391110.10,2830.60,12558947.27,235.35,117.68
1786391112.11,2832.61,12559185.06,237.79,118.90
1786391114.12,2834.62,12559391.60,206.54,103.27
1786391116.13,2836.63,12559569.82,178.22,89.11
1786391118.14,2838.64,12559805.66,235.84,117.92
1786391120.15,2840.65,12560040.53,234.86,117.43
1786391122.16,2842.66,12560247.56,207.03,103.52
1786391124.23,2844.73,12560404.30,156.74,78.37
1786391126.24,2846.74,12560622.56,218.26,109.13
1786391128.25,2848.75,12560844.24,221.68,110.84
1786391130.26,2850.76,12561048.83,204.59,102.29
1786391132.27,2852.77,12561244.14,195.31,97.66
1786391134.28,2854.78,12561469.73,225.59,112.79
1786391136.29,2856.79,12561705.57,235.84,117.92
1786391138.31,2858.80,12561919.92,214.36,107.18
1786391140.31,2860.81,12562149.41,229.49,114.75
1786391142.33,2862.82,12562340.33,190.92,95.46
1786391144.64,2865.14,12562497.56,157.23,78.61
1786391146.66,2867.15,12562651.37,153.81,76.90
1786391148.67,2869.16,12562887.21,235.84,117.92
1786391150.68,2871.18,12563123.05,235.84,117.92
1786391152.69,2873.18,12563337.40,214.36,107.18
1786391154.70,2875.19,12563566.89,229.49,114.75
1786391156.71,2877.20,12563809.08,242.19,121.09
1786391158.72,2879.21,12564025.39,216.31,108.15
1786391160.74,2881.24,12564225.10,199.71,99.85
1786391162.75,2883.25,12564334.47,109.38,54.69
1786391164.82,2885.31,12564537.60,203.12,101.56
1786391166.95,2887.44,12564738.28,200.68,100.34
1786391168.96,2889.45,12564969.73,231.45,115.72
1786391170.97,2891.46,12565177.73,208.01,104.00
1786391172.98,2893.47,12565408.69,230.96,115.48
1786391174.99,2895.48,12565620.61,211.91,105.96
1786391177.00,2897.49,12565835.94,215.33,107.67
1786391179.01,2899.50,12565999.51,163.57,81.79
1786391181.03,2901.53,12566213.38,213.87,106.93
1786391183.04,2903.54,12566410.16,196.78,98.39
1786391185.05,2905.55,12566554.20,144.04,72.02
1786391187.06,2907.55,12566750.49,196.29,98.14
1786391189.07,2909.56,12566952.64,202.15,101.07
1786391191.08,2911.57,12567185.06,232.42,116.21
1786391193.09,2913.58,12567420.90,235.84,117.92
1786391195.10,2915.59,12567662.11,241.21,120.61
1786391197.11,2917.60,12567869.63,207.52,103.76
1786391199.12,2919.61,12568065.92,196.29,98.14
1786391201.34,2921.83,12568254.39,188.48,94.24
1786391203.35,2923.84,12568369.14,114.75,57.37
1786391205.36,2925.86,12568601.07,231.93,115.97
1786391207.37,2927.87,12568812.50,211.43,105.71
1786391209.38,2929.88,12569048.34,235.84,117.92
1786391211.39,2931.89,12569309.57,261.23,130.62
1786391213.40,2933.90,12569537.11,227.54,113.77
1786391215.41,2935.91,12569772.46,235.35,117.68
1786391217.57,2938.06,12569991.70,219.24,109.62
1786391219.66,2940.15,12570131.35,139.65,69.82
1786391221.67,2942.16,12570341.80,210.45,105.22
1786391224.25,2944.74,12570515.62,173.83,86.91
1786391226.26,2946.75,12570753.91,238.28,119.14
1786391228.27,2948.76,12570989.75,235.84,117.92
1786391230.28,2950.78,12571224.61,234.86,117.43
1786391232.29,2952.78,12571432.13,207.52,103.76
1786391234.30,2954.79,12571627.93,195.80,97.90
1786391236.31,2956.80,12571840.33,212.40,106.20
1786391238.32,2958.81,12572041.50,201.17,100.59
1786391240.41,2960.91,12572261.72,220.21,110.11
1786391242.42,2962.92,12572515.62,253.91,126.95
1786391244.43,2964.93,12572724.61,208.98,104.49
1786391246.45,2966.94,12572959.96,235.35,117.68
1786391248.46,2968.95,12573195.80,235.84,117.92
1786391250.47,2970.96,12573403.81,208.01,104.00
1786391252.48,2972.97,12573639.65,235.84,117.92
1786391254.49,2974.98,12573875.00,235.35,117.68
1786391256.50,2976.99,12574059.08,184.08,92.04
1786391258.63,2979.12,12574216.31,157.23,78.61
1786391260.64,2981.13,12574345.21,128.91,64.45
1786391262.66,2983.16,12574581.54,236.33,118.16
1786391264.67,2985.17,12574813.96,232.42,116.21
1786391266.68,2987.18,12575023.44,209.47,104.74
1786391268.69,2989.19,12575236.33,212.89,106.45
1786391270.70,2991.19,12575443.85,207.52,103.76
1786391272.71,2993.20,12575640.62,196.78,98.39
1786391274.72,2995.21,12575878.42,237.79,118.90
1786391276.73,2997.23,12576094.24,215.82,107.91
1786391278.78,2999.28,12576234.86,140.62,70.31
1786391280.81,3001.30,12576386.23,151.37,75.68
1786391282.82,3003.31,12576622.07,235.84,117.92
1786391284.83,3005.32,12576857.91,235.84,117.92
1786391286.84,3007.33,12577065.43,207.52,103.76
1786391288.85,3009.34,12577300.78,235.35,117.68
1786391290.86,3011.36,12577539.55,238.77,119.38
1786391292.87,3013.37,12577775.39,235.84,117.92
1786391294.89,3015.38,12577944.34,168.95,84.47
1786391296.90,3017.39,12578155.27,210.94,105.47
1786391299.04,3019.53,12578263.18,107.91,53.96
1786391301.06,3021.56,12578484.86,221.68,110.84
1786391303.07,3023.57,12578677.73,192.87,96.44
1786391305.08,3025.58,12578911.62,233.89,116.94
1786391307.09,3027.59,12579140.14,228.52,114.26
1786391309.10,3029.60,12579354.98,214.84,107.42
1786391311.12,3031.61,12579562.99,208.01,104.00
1786391313.14,3033.63,12579750.00,187.01,93.51
1786391315.15,3035.64,12579969.73,219.73,109.86
1786391317.16,3037.66,12580189.45,219.73,109.86
1786391319.30,3039.80,12580320.31,130.86,65.43
1786391321.31,3041.81,12580572.75,252.44,126.22
1786391323.32,3043.82,12580760.25,187.50,93.75
1786391325.33,3045.83,12580970.21,209.96,104.98
1786391327.34,3047.84,12581206.05,235.84,117.92
1786391329.36,3049.85,12581441.89,235.84,117.92
1786391331.36,3051.86,12581650.39,208.50,104.25
1786391333.37,3053.87,12581885.74,235.35,117.68
1786391335.38,3055.88,12582124.51,238.77,119.38
1786391337.39,3057.89,12582250.49,125.98,62.99
1786391339.99,3060.48,12582430.66,180.18,90.09
1786391342.00,3062.49,12582660.64,229.98,114.99
1786391344.01,3064.50,12582896.48,235.84,117.92
1786391346.02,3066.51,12583120.12,223.63,111.82
1786391348.02,3068.52,12583339.84,219.73,109.86
1786391350.10,3070.60,12583575.68,235.84,117.92
1786391352.11,3072.61,12583817.87,242.19,121.09
1786391354.12,3074.62,12584049.80,231.93,115.97
1786391356.15,3076.65,12584235.84,186.04,93.02
1786391358.54,3079.03,12584347.17,111.33,55.66
1786391361.88,3082.38,12584649.90,302.73,151.37
1786391363.90,3084.39,12584871.58,221.68,110.84
1786391365.90,3086.40,12585093.26,221.68,110.84
1786391367.92,3088.41,12585335.45,242.19,121.09
1786391369.93,3090.42,12585565.43,229.98,114.99
1786391371.96,3092.46,12585760.74,195.31,97.66
1786391373.97,3094.47,12585975.59,214.84,107.42
1786391375.98,3096.48,12586192.87,217.29,108.64
1786391378.00,3098.49,12586323.24,130.37,65.19
1786391380.09,3100.59,12586549.32,226.07,113.04
1786391382.10,3102.60,12586790.53,241.21,120.61
1786391384.11,3104.61,12587000.49,209.96,104.98
1786391386.12,3106.62,12587227.05,226.56,113.28
1786391388.13,3108.62,12587409.67,182.62,91.31
1786391390.14,3110.63,12587612.79,203.12,101.56
1786391392.15,3112.65,12587848.63,235.84,117.92
1786391394.16,3114.66,12588083.98,235.35,117.68
1786391396.18,3116.67,12588316.41,232.42,116.21
1786391398.27,3118.76,12588449.71,133.30,66.65
1786391400.35,3120.84,12588683.11,233.40,116.70
1786391402.36,3122.85,12588906.25,223.14,111.57
1786391404.37,3124.86,12589126.46,220.21,110.11
1786391406.38,3126.87,12589362.30,235.84,117.92
1786391408.39,3128.89,12589597.66,235.35,117.68
1786391410.40,3130.89,12589772.95,175.29,87.65
1786391412.41,3132.90,12589982.42,209.47,104.74
1786391414.42,3134.92,12590220.21,237.79,118.90
1786391416.43,3136.93,12590361.82,141.60,70.80
1786391418.46,3138.96,12590481.45,119.63,59.81
1786391420.47,3140.97,12590692.38,210.94,105.47
1786391422.48,3142.98,12590928.22,235.84,117.92
1786391424.49,3144.99,12591135.74,207.52,103.76
1786391426.51,3147.00,12591370.61,234.86,117.43
1786391428.52,3149.01,12591554.69,184.08,92.04
1786391430.52,3151.02,12591764.65,209.96,104.98
1786391432.53,3153.03,12591993.16,228.52,114.26
1786391434.55,3155.04,12592229.49,236.33,118.16
1786391436.55,3157.05,12592420.41,190.92,95.46
1786391438.93,3159.43,12592545.41,125.00,62.50
1786391441.02,3161.51,12592793.95,248.54,124.27
1786391443.03,3163.53,12592937.01,143.07,71.53
1786391445.04,3165.54,12593175.78,238.77,119.38
1786391447.06,3167.55,12593412.11,236.33,118.16
1786391449.06,3169.56,12593632.32,220.21,110.11
1786391451.07,3171.57,12593855.47,223.14,111.57
1786391453.08,3173.58,12594091.31,235.84,117.92
1786391455.09,3175.59,12594322.75,231.45,115.72
1786391457.11,3177.61,12594434.57,111.82,55.91
1786391459.13,3179.62,12594565.43,130.86,65.43
1786391461.40,3181.89,12594833.50,268.07,134.03
1786391463.41,3183.90,12595041.50,208.01,104.00
1786391465.42,3185.91,12595277.34,235.84,117.92
1786391467.43,3187.92,12595513.18,235.84,117.92
1786391469.44,3189.93,12595749.02,235.84,117.92
1786391471.45,3191.94,12595943.36,194.34,97.17
1786391473.46,3193.95,12596134.28,190.92,95.46
1786391475.47,3195.96,12596373.05,238.77,119.38
1786391477.47,3197.97,12596492.68,119.63,59.81
1786391479.55,3200.04,12596611.33,118.65,59.33
1786391481.93,3202.43,12596796.39,185.06,92.53
1786391483.94,3204.44,12597003.91,207.52,103.76
1786391485.95,3206.45,12597239.75,235.84,117.92
1786391487.96,3208.46,12597475.10,235.35,117.68
1786391489.97,3210.47,12597714.84,239.75,119.87
1786391491.99,3212.48,12597928.71,213.87,106.93
1786391494.07,3214.56,12598143.55,214.84,107.42
1786391496.08,3216.58,12598339.36,195.80,97.90
1786391498.09,3218.58,12598512.70,173.34,86.67
1786391500.13,3220.63,12598642.09,129.39,64.70
1786391502.16,3222.65,12598928.71,286.62,143.31
1786391504.16,3224.66,12599136.23,207.52,103.76
1786391506.18,3226.67,12599357.42,221.19,110.60
1786391508.19,3228.68,12599550.29,192.87,96.44
1786391510.20,3230.69,12599757.81,207.52,103.76
1786391512.21,3232.71,12599993.65,235.84,117.92
1786391514.22,3234.72,12600229.49,235.84,117.92
1786391516.23,3236.72,12600437.50,208.01,104.00
1786391518.24,3238.74,12600586.43,148.93,74.46
1786391520.25,3240.74,12600737.79,151.37,75.68
1786391522.26,3242.76,12600979.00,241.21,120.61
1786391524.27,3244.77,12601214.84,235.84,117.92
1786391526.28,3246.78,12601422.36,207.52,103.76
1786391528.30,3248.79,12601657.71,235.35,117.68
1786391530.31,3250.80,12601885.25,227.54,113.77
1786391532.36,3252.85,12602103.52,218.26,109.13
1786391534.46,3254.95,12602326.17,222.66,111.33
1786391536.46,3256.96,12602517.58,191.41,95.70
1786391538.57,3259.06,12602633.30,115.72,57.86
1786391540.66,3261.15,12602924.80,291.50,145.75
1786391542.67,3263.16,12603118.16,193.36,96.68
1786391544.67,3265.17,12603345.21,227.05,113.53
1786391546.68,3267.18,12603581.05,235.84,117.92
1786391548.69,3269.19,12603789.06,208.01,104.00
1786391550.71,3271.20,12604008.79,219.73,109.86
1786391552.72,3273.21,12604229.49,220.70,110.35
1786391554.73,3275.22,12604423.34,193.85,96.92
1786391556.74,3277.23,12604615.23,191.89,95.95
1786391558.75,3279.24,12604764.16,148.93,74.46
1786391560.76,3281.25,12604919.43,155.27,77.64
1786391562.77,3283.26,12605153.81,234.38,117.19
1786391564.77,3285.27,12605372.56,218.75,109.38
1786391566.78,3287.28,12605586.43,213.87,106.93
1786391568.80,3289.29,12605826.17,239.75,119.87
1786391570.81,3291.30,12606045.41,219.24,109.62
1786391572.82,3293.31,12606269.53,224.12,112.06
1786391574.83,3295.33,12606563.96,294.43,147.22
1786391576.85,3297.34,12606679.69,115.72,57.86
1786391578.95,3299.45,12606829.10,149.41,74.71
1786391580.96,3301.46,12607064.94,235.84,117.92
1786391582.98,3303.47,12607307.13,242.19,121.09
1786391584.99,3305.48,12607542.97,235.84,117.92
1786391587.00,3307.49,12607750.49,207.52,103.76
1786391589.01,3309.50,12607958.01,207.52,103.76
1786391591.02,3311.52,12608141.60,183.59,91.80
1786391593.03,3313.53,12608371.58,229.98,114.99
1786391595.04,3315.54,12608579.10,207.52,103.76
1786391597.05,3317.55,12608738.28,159.18,79.59
1786391599.07,3319.56,12608922.36,184.08,92.04
1786391601.37,3321.87,12609104.98,182.62,91.31
1786391603.38,3323.88,12609370.12,265.14,132.57
1786391605.39,3325.89,12609555.66,185.55,92.77
1786391607.41,3327.90,12609791.50,235.84,117.92
1786391609.41,3329.91,12609999.02,207.52,103.76
1786391611.43,3331.92,12610205.57,206.54,103.27
1786391613.44,3333.93,12610413.09,207.52,103.76
1786391615.45,3335.94,12610620.61,207.52,103.76
1786391617.46,3337.95,12610765.14,144.53,72.27
1786391620.08,3340.58,12610977.54,212.40,106.20
1786391622.09,3342.59,12611213.38,235.84,117.92
1786391624.10,3344.60,12611420.90,207.52,103.76
1786391626.12,3346.61,12611646.97,226.07,113.04
1786391628.12,3348.62,12611839.36,192.38,96.19
1786391630.13,3350.63,12612041.99,202.64,101.32
1786391632.16,3352.65,12612276.86,234.86,117.43
1786391634.17,3354.66,12612513.18,236.33,118.16
1786391636.18,3356.67,12612736.33,223.14,111.57
1786391638.19,3358.68,12612800.78,64.45,32.23
1786391640.78,3361.27,12613017.58,216.80,108.40
1786391642.79,3363.28,12613238.77,221.19,110.60
1786391644.80,3365.29,12613459.47,220.70,110.35
1786391646.81,3367.31,12613694.82,235.35,117.68
1786391648.82,3369.32,12613930.66,235.84,117.92
1786391650.83,3371.33,12614138.67,208.01,104.00
1786391652.84,3373.34,12614380.37,241.70,120.85
1786391655.04,3375.53,12614681.64,301.27,150.63
1786391657.05,3377.54,12614828.12,146.48,73.24
1786391659.51,3380.00,12614998.05,169.92,84.96
1786391661.52,3382.01,12615215.33,217.29,108.64
1786391663.53,3384.02,12615441.41,226.07,113.04
1786391665.54,3386.03,12615677.25,235.84,117.92
1786391667.55,3388.04,12615912.60,235.35,117.68
1786391669.56,3390.05,12616113.77,201.17,100.59
1786391671.57,3392.06,12616306.64,192.87,96.44
1786391673.58,3394.07,12616533.69,227.05,113.53
1786391675.58,3396.08,12616762.21,228.52,114.26
1786391677.59,3398.09,12616877.44,115.23,57.62
1786391679.60,3400.10,12617051.76,174.32,87.16
1786391681.61,3402.11,12617220.21,168.46,84.23
1786391683.62,3404.12,12617452.64,232.42,116.21
1786391685.63,3406.13,12617663.57,210.94,105.47
1786391687.64,3408.14,12617877.44,213.87,106.93
1786391689.65,3410.14,12618067.87,190.43,95.21
1786391691.66,3412.16,12618306.64,238.77,119.38
1786391693.83,3414.32,12618542.48,235.84,117.92
1786391695.84,3416.33,12618750.00,207.52,103.76
1786391697.85,3418.34,12618899.41,149.41,74.71
1786391699.86,3420.36,12619034.67,135.25,67.63
1786391701.87,3422.37,12619250.00,215.33,107.67
1786391703.88,3424.38,12619485.84,235.84,117.92
1786391705.89,3426.39,12619728.03,242.19,121.09
1786391707.91,3428.40,12619948.73,220.70,110.35
1786391709.91,3430.41,12620171.39,222.66,111.33
1786391711.92,3432.42,12620407.23,235.84,117.92
1786391713.94,3434.43,12620558.59,151.37,75.68
1786391715.96,3436.45,12620671.88,113.28,56.64
1786391717.97,3438.46,12620883.79,211.91,105.96
1786391719.98,3440.47,12621115.23,231.45,115.72
1786391721.99,3442.48,12621355.47,240.23,120.12
1786391724.00,3444.50,12621569.34,213.87,106.93
1786391726.08,3446.58,12621805.18,235.84,117.92
1786391728.09,3448.59,12621992.68,187.50,93.75
1786391730.10,3450.60,12622211.91,219.24,109.62
1786391732.11,3452.61,12622490.23,278.32,139.16
1786391734.12,3454.62,12622577.15,86.91,43.46
1786391736.13,3456.63,12622762.70,185.55,92.77
1786391738.14,3458.64,12622996.09,233.40,116.70
1786391740.16,3460.66,12623224.61,228.52,114.26
1786391742.17,3462.67,12623439.45,214.84,107.42
1786391744.19,3464.68,12623649.90,210.45,105.22
1786391746.19,3466.69,12623858.40,208.50,104.25
1786391748.20,3468.70,12624061.04,202.64,101.32
1786391750.21,3470.71,12624290.53,229.49,114.75
1786391752.22,3472.72,12624526.37,235.84,117.92
1786391754.23,3474.73,12624593.75,67.38,33.69
1786391756.98,3477.47,12624879.39,285.64,142.82
1786391758.99,3479.48,12625077.64,198.24,99.12
1786391761.00,3481.49,12625312.01,234.38,117.19
1786391763.01,3483.50,12625547.36,235.35,117.68
1786391765.02,3485.52,12625783.20,235.84,117.92
1786391767.03,3487.52,12625991.21,208.01,104.00
1786391769.04,3489.54,12626232.91,241.70,120.85
1786391771.21,3491.71,12626469.24,236.33,118.16
1786391773.22,3493.72,12626609.86,140.62,70.31
1786391775.43,3495.92,12626787.60,177.73,88.87
1786391777.44,3497.93,12627001.46,213.87,106.93
1786391779.45,3499.94,12627232.42,230.96,115.48
1786391781.45,3501.95,12627457.03,224.61,112.30
1786391783.46,3503.96,12627675.78,218.75,109.38
1786391785.47,3505.97,12627916.99,241.21,120.61
1786391787.49,3507.98,12628175.78,258.79,129.39
1786391789.50,3509.99,12628411.62,235.84,117.92
1786391791.51,3512.01,12628620.12,208.50,104.25
1786391794.31,3514.81,12628783.69,163.57,81.79
1786391796.33,3516.83,12628983.89,200.20,100.10
1786391798.35,3518.84,12629219.73,235.84,117.92
1786391800.36,3520.85,12629461.43,241.70,120.85
1786391802.37,3522.86,12629676.76,215.33,107.67
1786391804.38,3524.87,12629904.79,228.03,114.01
1786391806.39,3526.88,12630140.62,235.84,117.92
1786391808.40,3528.89,12630375.98,235.35,117.68
1786391810.41,3530.90,12630603.52,227.54,113.77
1786391812.42,3532.91,12630722.17,118.65,59.33
1786391814.89,3535.39,12631017.09,294.92,147.46
1786391816.90,3537.40,12631257.81,240.72,120.36
1786391818.91,3539.41,12631493.65,235.84,117.92
1786391820.92,3541.42,12631719.24,225.59,112.79
1786391822.97,3543.46,12631897.46,178.22,89.11
1786391824.98,3545.47,12632114.26,216.80,108.40
1786391826.99,3547.48,12632350.10,235.84,117.92
1786391829.00,3549.49,12632572.27,222.17,111.08
1786391831.00,3551.50,12632767.09,194.82,97.41
1786391833.02,3553.51,12632895.02,127.93,63.96
1786391835.08,3555.57,12633158.20,263.18,131.59
1786391837.09,3557.58,12633350.59,192.38,96.19
1786391839.10,3559.59,12633562.50,211.91,105.96
1786391841.11,3561.60,12633773.44,210.94,105.47
1786391843.12,3563.61,12634008.79,235.35,117.68
1786391845.13,3565.63,12634244.63,235.84,117.92
1786391847.14,3567.63,12634457.03,212.40,106.20
1786391849.15,3569.64,12634692.38,235.35,117.68
1786391851.16,3571.65,12634775.39,83.01,41.50
1786391853.42,3573.92,12634957.03,181.64,90.82
1786391855.43,3575.93,12635166.99,209.96,104.98
1786391857.44,3577.94,12635400.39,233.40,116.70
1786391859.45,3579.95,12635635.74,235.35,117.68
1786391861.46,3581.96,12635871.09,235.35,117.68
1786391863.48,3583.98,12636024.41,153.32,76.66
1786391865.50,3585.99,12636260.25,235.84,117.92
1786391867.51,3588.00,12636496.58,236.33,118.16
1786391869.51,3590.01,12636704.10,207.52,103.76
1786391871.52,3592.02,12636809.57,105.47,52.73
1786391873.62,3594.12,12636991.70,182.13,91.06
1786391875.63,3596.13,12637222.17,230.47,115.23
1786391877.65,3598.14,12637446.29,224.12,112.06
1786391879.66,3600.15,12637682.13,235.84,117.92
1786391881.67,3602.16,12637902.34,220.21,110.11
1786391883.68,3604.17,12638125.49,223.14,111.57
1786391885.68,3606.18,12638268.55,143.07,71.53
1786391887.70,3608.19,12638459.47,190.92,95.46
1786391889.79,3610.29,12638664.06,204.59,102.29
1786391891.80,3612.30,12638840.82,176.76,88.38
1786391893.81,3614.31,12639052.25,211.43,105.71
1786391895.82,3616.32,12639287.60,235.35,117.68
1786391897.83,3618.33,12639523.44,235.84,117.92
1786391899.84,3620.33,12639734.38,210.94,105.47
1786391901.85,3622.35,12639966.80,232.42,116.21
1786391903.86,3624.36,12640202.15,235.35,117.68
1786391905.87,3626.37,12640424.80,222.66,111.33
1786391908.38,3628.88,12640554.69,129.88,64.94
1786391910.48,3630.98,12640746.09,191.41,95.70
1786391912.49,3632.99,12640980.96,234.86,117.43
1786391914.50,3635.00,12641189.45,208.50,104.25
1786391916.51,3637.01,12641425.29,235.84,117.92
1786391918.52,3639.02,12641661.13,235.84,117.92
1786391920.53,3641.03,12641869.14,208.01,104.00
1786391922.64,3643.14,12642104.00,234.86,117.43
1786391924.65,3645.15,12642326.17,222.17,111.08
1786391926.66,3647.15,12642465.82,139.65,69.82
1786391928.68,3649.18,12642590.33,124.51,62.26
1786391930.70,3651.20,12642846.19,255.86,127.93
1786391932.71,3653.21,12643082.03,235.84,117.92
1786391934.73,3655.22,12643270.02,187.99,93.99
1786391936.74,3657.23,12643466.80,196.78,98.39
1786391938.75,3659.24,12643702.15,235.35,117.68
1786391940.75,3661.25,12643928.22,226.07,113.04
1786391942.76,3663.26,12644148.44,220.21,110.11
1786391944.78,3665.27,12644358.89,210.45,105.22
1786391946.79,3667.28,12644527.34,168.46,84.23
1786391948.80,3669.29,12644650.88,123.54,61.77
1786391950.87,3671.37,12644872.07,221.19,110.60
1786391952.88,3673.38,12645098.14,226.07,113.04
1786391954.89,3675.39,12645243.16,145.02,72.51
1786391956.91,3677.40,12645479.00,235.84,117.92
1786391958.92,3679.41,12645714.84,235.84,117.92
1786391960.93,3681.42,12645922.36,207.52,103.76
1786391962.94,3683.43,12646158.20,235.84,117.92
1786391964.95,3685.44,12646394.04,235.84,117.92
1786391966.96,3687.45,12646545.90,151.86,75.93
1786391969.08,3689.57,12646691.41,145.51,72.75
1786391971.09,3691.58,12646909.18,217.77,108.89
1786391973.10,3693.59,12647145.02,235.84,117.92
1786391975.11,3695.60,12647380.86,235.84,117.92
1786391977.12,3697.61,12647590.33,209.47,104.74
1786391979.21,3699.71,12647812.01,221.68,110.84
1786391981.22,3701.72,12648023.44,211.43,105.71
1786391983.23,3703.73,12648284.18,260.74,130.37
1786391985.24,3705.74,12648512.70,228.52,114.26
1786391987.26,3707.75,12648619.63,106.93,53.47
1786391989.50,3710.00,12648796.88,177.25,88.62
1786391991.51,3712.01,12649078.61,281.74,140.87
1786391993.60,3714.09,12649271.00,192.38,96.19
1786391995.61,3716.10,12649486.33,215.33,107.67
1786391997.62,3718.11,12649722.17,235.84,117.92
1786391999.63,3720.12,12649974.61,252.44,126.22
1786392001.64,3722.14,12650203.12,228.52,114.26
1786392003.65,3724.15,12650403.81,200.68,100.34
1786392005.66,3726.16,12650598.63,194.82,97.41
1786392007.67,3728.17,12650766.60,167.97,83.98
1786392010.49,3730.99,12650986.33,219.73,109.86
1786392012.50,3732.99,12651206.05,219.73,109.86
1786392014.51,3735.00,12651429.20,223.14,111.57
1786392016.52,3737.02,12651629.39,200.20,100.10
1786392018.53,3739.03,12651829.10,199.71,99.85
1786392020.54,3741.04,12652047.85,218.75,109.38
1786392022.55,3743.05,12652284.67,236.82,118.41
1786392024.56,3745.06,12652520.02,235.35,117.68
1786392026.57,3747.07,12652693.36,173.34,86.67
1786392028.74,3749.23,12652828.61,135.25,67.63
1786392030.77,3751.26,12653024.90,196.29,98.14
1786392032.78,3753.27,12653248.54,223.63,111.82
1786392034.79,3755.28,12653470.70,222.17,111.08
1786392036.80,3757.29,12653706.05,235.35,117.68
1786392038.81,3759.31,12653985.84,279.79,139.89
1786392040.82,3761.32,12654221.68,235.84,117.92
1786392042.85,3763.34,12654457.03,235.35,117.68
1786392044.85,3765.35,12654657.23,200.20,100.10
1786392046.87,3767.36,12654718.26,61.04,30.52
1786392048.89,3769.39,12654914.55,196.29,98.14
1786392050.98,3771.47,12655169.92,255.37,127.69
1786392052.99,3773.48,12655395.51,225.59,112.79
1786392055.04,3775.53,12655592.29,196.78,98.39
1786392057.05,3777.54,12655791.02,198.73,99.37
1786392059.06,3779.55,12656026.86,235.84,117.92
1786392061.07,3781.57,12656248.05,221.19,110.60
1786392063.08,3783.57,12656476.07,228.03,114.01
1786392065.09,3785.58,12656662.60,186.52,93.26
1786392067.10,3787.59,12656767.09,104.49,52.25
1786392069.11,3789.61,12656939.94,172.85,86.43
1786392071.12,3791.62,12657183.59,243.65,121.83
1786392073.13,3793.63,12657397.46,213.87,106.93
1786392075.14,3795.63,12657592.77,195.31,97.66
1786392077.15,3797.64,12657805.18,212.40,106.20
1786392079.16,3799.65,12658039.55,234.38,117.19
1786392081.17,3801.67,12658275.39,235.84,117.92
1786392083.18,3803.68,12658496.58,221.19,110.60
1786392085.19,3805.69,12658719.24,222.66,111.33
1786392087.21,3807.70,12658796.39,77.15,38.57
1786392089.65,3810.15,12659104.00,307.62,153.81
1786392091.66,3812.16,12659331.05,227.05,113.53
1786392093.67,3814.17,12659549.80,218.75,109.38
1786392095.68,3816.18,12659785.64,235.84,117.92
1786392097.70,3818.19,12660021.48,235.84,117.92
1786392099.71,3820.20,12660225.59,204.10,102.05
1786392101.72,3822.21,12660405.76,180.18,90.09
1786392103.73,3824.23,12660642.58,236.82,118.41
1786392105.74,3826.24,12660789.55,146.97,73.49
1786392108.66,3829.15,12661000.98,211.43,105.71
1786392110.67,3831.17,12661241.21,240.23,120.12
1786392112.68,3833.18,12661529.30,288.09,144.04
1786392114.69,3835.18,12661745.12,215.82,107.91
1786392116.79,3837.28,12661951.17,206.05,103.03
1786392118.80,3839.29,12662156.25,205.08,102.54
1786392120.81,3841.30,12662392.09,235.84,117.92
1786392122.82,3843.31,12662599.61,207.52,103.76
1786392124.83,3845.32,12662750.00,150.39,75.20
1786392126.84,3847.34,12662957.03,207.03,103.52
1786392128.86,3849.35,12663072.27,115.23,57.62
1786392130.90,3851.40,12663301.27,229.00,114.50
1786392132.92,3853.41,12663537.11,235.84,117.92
1786392134.93,3855.42,12663772.46,235.35,117.68
1786392136.93,3857.43,12663987.30,214.84,107.42
1786392138.94,3859.44,12664215.82,228.52,114.26
1786392140.95,3861.45,12664456.54,240.72,120.36
1786392142.96,3863.46,12664691.89,235.35,117.68
1786392144.97,3865.47,12664863.28,171.39,85.69
1786392147.09,3867.59,12664960.94,97.66,48.83
1786392149.10,3869.60,12665190.43,229.49,114.75
1786392151.13,3871.62,12665416.99,226.56,113.28
1786392153.14,3873.63,12665635.74,218.75,109.38
1786392155.15,3875.65,12665871.58,235.84,117.92
1786392157.16,3877.66,12666109.86,238.28,119.14
1786392159.17,3879.66,12666327.15,217.29,108.64
1786392161.24,3881.74,12666538.09,210.94,105.47
1786392163.25,3883.75,12666752.44,214.36,107.18
1786392165.26,3885.76,12666901.86,149.41,74.71
1786392167.39,3887.89,12667077.64,175.78,87.89
1786392169.42,3889.92,12667289.55,211.91,105.96
1786392171.44,3891.93,12667528.81,239.26,119.63
1786392173.45,3893.94,12667764.16,235.35,117.68
1786392175.46,3895.95,12667956.05,191.89,95.95
1786392177.46,3897.96,12668187.01,230.96,115.48
1786392179.47,3899.97,12668384.77,197.75,98.88
1786392181.49,3901.98,12668620.61,235.84,117.92
1786392183.49,3903.99,12668850.59,229.98,114.99
1786392185.50,3906.00,12668999.02,148.44,74.22
1786392187.51,3908.01,12669188.96,189.94,94.97
1786392189.63,3910.12,12669340.33,151.37,75.68
1786392191.64,3912.13,12669571.78,231.45,115.72
1786392193.65,3914.14,12669747.07,175.29,87.65
1786392195.66,3916.15,12669954.59,207.52,103.76
1786392197.67,3918.16,12670190.43,235.84,117.92
1786392199.68,3920.17,12670426.27,235.84,117.92
1786392201.69,3922.18,12670640.14,213.87,106.93
1786392203.70,3924.19,12670871.58,231.45,115.72
1786392205.70,3926.20,12670984.38,112.79,56.40
1786392207.81,3928.30,12671145.02,160.64,80.32
1786392209.82,3930.31,12671468.26,323.24,161.62
1786392211.84,3932.33,12671652.34,184.08,92.04
1786392213.85,3934.34,12671856.45,204.10,102.05
1786392215.85,3936.35,12672089.84,233.40,116.70
1786392218.01,3938.51,12672330.08,240.23,120.12
1786392220.02,3940.52,12672538.09,208.01,104.00
1786392222.03,3942.53,12672768.55,230.47,115.23
1786392224.04,3944.54,12672945.80,177.25,88.62
1786392226.10,3946.59,12673055.66,109.86,54.93
1786392228.48,3948.98,12673297.36,241.70,120.85
1786392230.49,3950.99,12673517.58,220.21,110.11
1786392232.51,3953.00,12673701.17,183.59,91.80
1786392234.52,3955.01,12673930.18,229.00,114.50
1786392236.53,3957.02,12674137.70,207.52,103.76
1786392238.54,3959.04,12674373.05,235.35,117.68
1786392240.55,3961.05,12674608.89,235.84,117.92
1786392242.56,3963.06,12674823.24,214.36,107.18
1786392244.57,3965.07,12675049.80,226.56,113.28
1786392246.64,3967.13,12675113.28,63.48,31.74
1786392248.85,3969.34,12675392.58,279.30,139.65
1786392250.86,3971.35,12675614.75,222.17,111.08
1786392252.87,3973.36,12675838.38,223.63,111.82
1786392254.88,3975.37,12676075.68,237.30,118.65
1786392256.89,3977.39,12676311.52,235.84,117.92
1786392258.91,3979.40,12676521.48,209.96,104.98
1786392261.01,3981.50,12676722.17,200.68,100.34
1786392263.02,3983.51,12676935.06,212.89,106.45
1786392265.05,3985.54,12677083.98,148.93,74.46
1786392267.13,3987.63,12677289.55,205.57,102.78
1786392269.15,3989.64,12677438.48,148.93,74.46
1786392271.16,3991.65,12677726.56,288.09,144.04
1786392273.20,3993.69,12677897.46,170.90,85.45
1786392275.21,3995.70,12678117.68,220.21,110.11
1786392277.22,3997.72,12678353.03,235.35,117.68
1786392279.23,3999.72,12678561.04,208.01,104.00
1786392281.24,4001.73,12678709.47,148.44,74.22
1786392283.25,4003.75,12678835.94,126.46,63.23
1786392285.26,4005.75,12679066.41,230.47,115.23
1786392287.27,4007.77,12679298.83,232.42,116.21
1786392289.28,4009.77,12679509.77,210.94,105.47
1786392291.29,4011.79,12679729.98,220.21,110.11
1786392293.30,4013.80,12679933.11,203.12,101.56
1786392295.31,4015.80,12680142.09,208.98,104.49
1786392297.32,4017.81,12680362.79,220.70,110.35
1786392299.33,4019.83,12680598.63,235.84,117.92
1786392301.34,4021.84,12680761.23,162.60,81.30
1786392303.41,4023.90,12680934.57,173.34,86.67
1786392305.72,4026.22,12681167.97,233.40,116.70
1786392307.73,4028.23,12681368.16,200.20,100.10
1786392309.74,4030.24,12681575.20,207.03,103.52
1786392311.75,4032.24,12681782.71,207.52,103.76
1786392313.76,4034.26,12682018.07,235.35,117.68
1786392315.77,4036.27,12682253.91,235.84,117.92
1786392317.78,4038.28,12682532.23,278.32,139.16
1786392319.79,4040.29,12682767.58,235.35,117.68
1786392321.95,4042.44,12682897.46,129.88,64.94
1786392323.96,4044.46,12683027.83,130.37,65.19
1786392326.00,4046.49,12683121.58,93.75,46.88
1786392328.03,4048.52,12683334.47,212.89,106.45
1786392330.05,4050.55,12683504.39,169.92,84.96
1786392332.06,4052.56,12683739.75,235.35,117.68
1786392334.07,4054.56,12683953.61,213.87,106.93
1786392336.08,4056.57,12684189.45,235.84,117.92
1786392338.09,4058.58,12684425.29,235.84,117.92
1786392340.09,4060.59,12684635.74,210.45,105.22
1786392342.19,4062.68,12684806.64,170.90,85.45
1786392344.22,4064.71,12684989.75,183.11,91.55
1786392346.23,4066.72,12685166.99,177.25,88.62
1786392348.24,4068.73,12685402.83,235.84,117.92
1786392350.25,4070.75,12685637.70,234.86,117.43
1786392352.26,4072.75,12685848.14,210.45,105.22
1786392354.27,4074.77,12686057.62,209.47,104.74
1786392356.28,4076.78,12686258.79,201.17,100.59
1786392358.29,4078.78,12686462.89,204.10,102.05
1786392360.30,4080.80,12686699.22,236.33,118.16
1786392362.31,4082.81,12686858.89,159.67,79.83
1786392364.39,4084.89,12686990.23,131.35,65.67
1786392366.40,4086.90,12687174.80,184.57,92.29
1786392368.41,4088.91,12687410.64,235.84,117.92
1786392370.42,4090.92,12687641.60,230.96,115.48
1786392372.43,4092.93,12687854.00,212.40,106.20
1786392374.44,4094.94,12688089.84,235.84,117.92
1786392376.45,4096.95,12688325.68,235.84,117.92
1786392378.46,4098.96,12688557.62,231.93,115.97
1786392380.49,4100.99,12688751.46,193.85,96.92
1786392382.50,4103.00,12688881.84,130.37,65.19
1786392384.56,4105.06,12689016.60,134.77,67.38
1786392386.57,4107.06,12689271.97,255.37,127.69
1786392388.58,4109.08,12689503.91,231.93,115.97
1786392390.60,4111.10,12689701.17,197.27,98.63
1786392392.61,4113.11,12689898.93,197.75,98.88
1786392394.62,4115.12,12690132.81,233.89,116.94
1786392396.64,4117.13,12690368.65,235.84,117.92
1786392398.65,4119.14,12690576.17,207.52,103.76
1786392400.65,4121.15,12690805.18,229.00,114.50
1786392402.66,4123.16,12690937.99,132.81,66.41
1786392404.71,4125.21,12691138.67,200.68,100.34
1786392406.74,4127.23,12691335.94,197.27,98.63
1786392408.75,4129.24,12691547.85,211.91,105.96
1786392410.76,4131.26,12691790.53,242.68,121.34
1786392412.77,4133.27,12692026.37,235.84,117.92
1786392414.78,4135.28,12692249.02,222.66,111.33
1786392416.79,4137.29,12692469.73,220.70,110.35
1786392418.80,4139.30,12692705.08,235.35,117.68
1786392420.81,4141.31,12692941.41,236.33,118.16
1786392422.82,4143.32,12692988.77,47.36,23.68
1786392424.94,4145.43,12693220.70,231.93,115.97
1786392426.94,4147.44,12693451.66,230.96,115.48
1786392428.96,4149.45,12693687.01,235.35,117.68
1786392430.97,4151.46,12693922.85,235.84,117.92
1786392432.99,4153.49,12694109.86,187.01,93.51
1786392435.00,4155.50,12694307.62,197.75,98.88
1786392437.01,4157.51,12694543.46,235.84,117.92
1786392439.02,4159.51,12694788.09,244.63,122.31
1786392441.14,4161.64,12694988.28,200.20,100.10
1786392443.15,4163.65,12695082.03,93.75,46.88
1786392445.20,4165.69,12695291.50,209.47,104.74
1786392447.21,4167.70,12695526.86,235.35,117.68
1786392449.22,4169.71,12695734.86,208.01,104.00
1786392451.23,4171.72,12695956.05,221.19,110.60
1786392453.23,4173.73,12696147.95,191.89,95.95
1786392455.24,4175.74,12696369.63,221.68,110.84
1786392457.25,4177.75,12696589.84,220.21,110.11
1786392459.26,4179.76,12696825.68,235.84,117.92
1786392461.28,4181.77,12697023.44,197.75,98.88
1786392463.57,4184.06,12697123.05,99.61,49.80
1786392465.58,4186.07,12697389.65,266.60,133.30
1786392467.59,4188.09,12697625.49,235.84,117.92
1786392469.60,4190.09,12697859.38,233.89,116.94
1786392471.61,4192.10,12698064.45,205.08,102.54
1786392473.62,4194.12,12698300.29,235.84,117.92
1786392475.63,4196.13,12698536.13,235.84,117.92
1786392477.65,4198.14,12698770.02,233.89,116.94
1786392479.65,4200.15,12698979.98,209.96,104.98
1786392481.66,4202.16,12699083.50,103.52,51.76
1786392483.68,4204.18,12699244.14,160.64,80.32
1786392485.69,4206.19,12699479.98,235.84,117.92
1786392487.70,4208.20,12699717.77,237.79,118.90
1786392489.71,4210.21,12699926.27,208.50,104.25
1786392491.72,4212.22,12700162.11,235.84,117.92
1786392493.74,4214.23,12700397.95,235.84,117.92
1786392495.74,4216.24,12700620.12,222.17,111.08
1786392497.80,4218.30,12700784.18,164.06,82.03
1786392499.81,4220.31,12701019.04,234.86,117.43
1786392501.83,4222.32,12701143.55,124.51,62.26
1786392503.84,4224.33,12701421.39,277.83,138.92
1786392505.91,4226.41,12701589.84,168.46,84.23
1786392507.93,4228.42,12701825.20,235.35,117.68
1786392509.93,4230.43,12702009.77,184.57,92.29
1786392511.94,4232.44,12702214.84,205.08,102.54
1786392513.95,4234.45,12702440.43,225.59,112.79
1786392515.97,4236.46,12702676.27,235.84,117.92
1786392517.98,4238.47,12702912.60,236.33,118.16
1786392519.99,4240.48,12703122.56,209.96,104.98
1786392522.00,4242.50,12703253.42,130.86,65.43
1786392524.55,4245.05,12703502.44,249.02,124.51
1786392526.56,4247.06,12703706.54,204.10,102.05
1786392528.57,4249.07,12703906.25,199.71,99.85
1786392530.58,4251.08,12704133.30,227.05,113.53
1786392532.60,4253.09,12704368.65,235.35,117.68
1786392534.61,4255.10,12704610.84,242.19,121.09
1786392536.62,4257.11,12704755.37,144.53,72.27
1786392538.65,4259.14,12704966.80,211.43,105.71
1786392540.66,4261.15,12705083.01,116.21,58.11
1786392542.67,4263.16,12705318.36,235.35,117.68
1786392544.68,4265.17,12705554.20,235.84,117.92
1786392546.69,4267.18,12705761.72,207.52,103.76
1786392548.70,4269.19,12706000.49,238.77,119.38
1786392550.81,4271.30,12706235.84,235.35,117.68
1786392552.82,4273.32,12706472.66,236.82,118.41
1786392554.87,4275.36,12706712.40,239.75,119.87
1786392556.87,4277.37,12706833.50,121.09,60.55
1786392558.89,4279.38,12706948.73,115.23,57.62
1786392560.90,4281.39,12707184.57,235.84,117.92
1786392562.91,4283.41,12707420.41,235.84,117.92
1786392564.92,4285.42,12707641.60,221.19,110.60
1786392567.00,4287.50,12707866.70,225.10,112.55
1786392569.01,4289.51,12708063.48,196.78,98.39
1786392571.02,4291.51,12708282.23,218.75,109.38
1786392573.03,4293.53,12708518.07,235.84,117.92
1786392575.04,4295.53,12708727.54,209.47,104.74
1786392577.05,4297.54,12708841.31,113.77,56.88
1786392579.06,4299.55,12708995.61,154.30,77.15
1786392581.06,4301.56,12709228.03,232.42,116.21
1786392583.07,4303.57,12709463.87,235.84,117.92
1786392585.09,4305.59,12709671.39,207.52,103.76
1786392587.11,4307.60,12709814.45,143.07,71.53
1786392589.12,4309.61,12710050.29,235.84,117.92
1786392591.13,4311.62,12710286.13,235.84,117.92
1786392593.14,4313.63,12710503.91,217.77,108.89
1786392595.15,4315.64,12710733.40,229.49,114.75
1786392597.16,4317.66,12710872.56,139.16,69.58
1786392599.42,4319.91,12711031.74,159.18,79.59
1786392601.42,4321.92,12711243.16,211.43,105.71
1786392603.43,4323.93,12711469.24,226.07,113.04
1786392605.45,4325.94,12711705.08,235.84,117.92
1786392607.46,4327.95,12711940.92,235.84,117.92
1786392609.47,4329.96,12712148.44,207.52,103.76
1786392611.48,4331.97,12712390.14,241.70,120.85
1786392613.49,4333.98,12712625.98,235.84,117.92
1786392615.50,4335.99,12712839.84,213.87,106.93
1786392617.58,4338.07,12712909.18,69.34,34.67
1786392619.59,4340.08,12713138.18,229.00,114.50
1786392621.60,4342.09,12713374.02,235.84,117.92
1786392623.61,4344.10,12713609.86,235.84,117.92
1786392625.62,4346.12,12713758.79,148.93,74.46
1786392627.63,4348.13,12713995.12,236.33,118.16
1786392629.64,4350.14,12714230.47,235.35,117.68
1786392631.65,4352.15,12714466.31,235.84,117.92
1786392633.66,4354.16,12714683.59,217.29,108.64
1786392635.67,4356.17,12714906.25,222.66,111.33
1786392637.80,4358.30,12715059.08,152.83,76.42
1786392639.81,4360.31,12715282.71,223.63,111.82
1786392641.82,4362.32,12715502.93,220.21,110.11
1786392643.84,4364.33,12715707.52,204.59,102.29
1786392645.84,4366.34,12715909.67,202.15,101.07
1786392647.85,4368.35,12716125.98,216.31,108.15
1786392649.86,4370.36,12716356.93,230.96,115.48
1786392651.88,4372.37,12716592.77,235.84,117.92
1786392653.89,4374.38,12716828.61,235.84,117.92
1786392655.90,4376.39,12716961.43,132.81,66.41
1786392658.87,4379.37,12717221.68,260.25,130.13
1786392660.88,4381.38,12717440.43,218.75,109.38
1786392662.89,4383.38,12717664.55,224.12,112.06
1786392664.90,4385.39,12717869.63,205.08,102.54
1786392666.91,4387.40,12718074.71,205.08,102.54
1786392668.91,4389.41,12718285.16,210.45,105.22
1786392670.93,4391.42,12718521.00,235.84,117.92
1786392672.94,4393.44,12718757.32,236.33,118.16
1786392674.95,4395.45,12718974.12,216.80,108.40
1786392676.99,4397.49,12719086.43,112.30,56.15
1786392679.00,4399.50,12719321.78,235.35,117.68
1786392681.05,4401.55,12719559.08,237.30,118.65
1786392683.06,4403.56,12719794.92,235.84,117.92
1786392685.08,4405.57,12720023.44,228.52,114.26
1786392687.12,4407.61,12720228.52,205.08,102.54
1786392689.13,4409.62,12720420.41,191.89,95.95
1786392691.13,4411.63,12720651.37,230.96,115.48
1786392693.15,4413.64,12720879.39,228.03,114.01
1786392695.16,4415.65,12721015.14,135.74,67.87
1786392697.26,4417.76,12721220.21,205.08,102.54
1786392699.28,4419.77,12721421.39,201.17,100.59
1786392701.28,4421.78,12721634.28,212.89,106.45
1786392703.30,4423.79,12721834.47,200.20,100.10
1786392705.31,4425.80,12722070.31,235.84,117.92
1786392707.32,4427.82,12722306.15,235.84,117.92
1786392709.33,4429.83,12722541.99,235.84,117.92
1786392711.35,4431.84,12722785.16,243.16,121.58
1786392713.36,4433.85,12722993.16,208.01,104.00
1786392715.37,4435.86,12723096.19,103.03,51.51
1786392717.80,4438.29,12723264.65,168.46,84.23
1786392719.81,4440.30,12723492.68,228.03,114.01
1786392721.82,4442.31,12723728.52,235.84,117.92
1786392723.83,4444.33,12723957.03,228.52,114.26
1786392725.84,4446.34,12724171.88,214.84,107.42
1786392727.85,4448.35,12724410.16,238.28,119.14
1786392729.86,4450.36,12724646.48,236.33,118.16
1786392731.87,4452.36,12724851.07,204.59,102.29
1786392733.88,4454.37,12725031.74,180.66,90.33
1786392735.89,4456.39,12725146.48,114.75,57.37
1786392737.91,4458.40,12725311.52,165.04,82.52
1786392739.91,4460.41,12725561.52,250.00,125.00
1786392741.93,4462.42,12725750.00,188.48,94.24
1786392743.94,4464.43,12725978.52,228.52,114.26
1786392745.95,4466.44,12726203.12,224.61,112.30
1786392747.96,4468.45,12726422.36,219.24,109.62
1786392749.98,4470.47,12726612.79,190.43,95.21
1786392751.99,4472.48,12726829.10,216.31,108.15
1786392754.00,4474.50,12727037.11,208.01,104.00
1786392756.01,4476.51,12727188.48,151.37,75.68
1786392758.08,4478.57,12727373.54,185.06,92.53
1786392760.09,4480.58,12727569.82,196.29,98.14
1786392762.10,4482.59,12727788.09,218.26,109.13
1786392764.11,4484.61,12728023.93,235.84,117.92
1786392766.12,4486.62,12728259.77,235.84,117.92
1786392768.13,4488.62,12728467.29,207.52,103.76
1786392770.14,4490.64,12728703.12,235.84,117.92
1786392772.15,4492.65,12728938.96,235.84,117.92
1786392774.17,4494.67,12729153.81,214.84,107.42
1786392776.30,4496.80,12729209.96,56.15,28.08
1786392778.33,4498.83,12729441.89,231.93,115.97
1786392780.34,4500.84,12729677.73,235.84,117.92
1786392782.35,4502.85,12729884.77,207.03,103.52
1786392784.36,4504.86,12730120.61,235.84,117.92
1786392786.37,4506.87,12730356.45,235.84,117.92
1786392788.38,4508.88,12730584.96,228.52,114.26
1786392790.39,4510.89,12730817.87,232.91,116.46
1786392792.40,4512.90,12731025.39,207.52,103.76
1786392794.41,4514.91,12731187.50,162.11,81.05
1786392796.53,4517.03,12731312.01,124.51,62.26
1786392798.54,4519.04,12731530.76,218.75,109.38
1786392800.55,4521.05,12731753.42,222.66,111.33
1786392802.56,4523.06,12731974.12,220.70,110.35
1786392804.57,4525.07,12732162.60,188.48,94.24
1786392806.58,4527.08,12732364.26,201.66,100.83
1786392808.59,4529.09,12732588.87,224.61,112.30
1786392810.60,4531.10,12732824.71,235.84,117.92
1786392812.61,4533.11,12733063.48,238.77,119.38
1786392814.62,4535.12,12733239.26,175.78,87.89
1786392816.70,4537.20,12733395.02,155.76,77.88
1786392818.73,4539.22,12733593.26,198.24,99.12
1786392820.73,4541.23,12733807.62,214.36,107.18
1786392822.75,4543.24,12734042.97,235.35,117.68
1786392824.76,4545.25,12734278.81,235.84,117.92
1786392826.77,4547.26,12734490.23,211.43,105.71
1786392828.78,4549.28,12734726.07,235.84,117.92
1786392830.79,4551.29,12734961.91,235.84,117.92
1786392832.80,4553.30,12735192.87,230.96,115.48
1786392834.81,4555.31,12735279.30,86.43,43.21
1786392836.90,4557.40,12735462.40,183.11,91.55
1786392838.91,4559.41,12735669.92,207.52,103.76
1786392840.92,4561.41,12735874.51,204.59,102.29
1786392842.93,4563.43,12736069.82,195.31,97.66
1786392844.94,4565.44,12736296.39,226.56,113.28
1786392846.95,4567.45,12736524.41,228.03,114.01
1786392848.96,4569.46,12736742.19,217.77,108.89
1786392850.97,4571.47,12736963.87,221.68,110.84
1786392852.98,4573.48,12737155.27,191.41,95.70
1786392854.99,4575.49,12737339.84,184.57,92.29
1786392857.01,4577.50,12737452.15,112.30,56.15
1786392859.02,4579.51,12737625.49,173.34,86.67
1786392861.23,4581.73,12737853.52,228.03,114.01
1786392863.24,4583.74,12738068.36,214.84,107.42
1786392865.25,4585.75,12738304.20,235.84,117.92
1786392867.26,4587.76,12738540.04,235.84,117.92
1786392869.27,4589.77,12738748.05,208.01,104.00
1786392871.28,4591.78,12738983.40,235.35,117.68
1786392873.29,4593.79,12739204.10,220.70,110.35
1786392875.36,4595.86,12739336.43,132.32,66.16
1786392877.47,4597.97,12739486.82,150.39,75.20
1786392879.49,4599.98,12739722.66,235.84,117.92
1786392881.50,4601.99,12739958.50,235.84,117.92
1786392883.51,4604.00,12740194.82,236.33,118.16
1786392885.52,4606.02,12740430.18,235.35,117.68
1786392887.53,4608.02,12740637.70,207.52,103.76
1786392889.54,4610.04,12740880.37,242.68,121.34
1786392891.55,4612.04,12741001.46,121.09,60.55
1786392893.56,4614.05,12741172.85,171.39,85.69
1786392895.57,4616.06,12741352.05,179.20,89.60
1786392897.58,4618.07,12741538.57,186.52,93.26
1786392899.59,4620.08,12741736.82,198.24,99.12
1786392901.60,4622.09,12741972.66,235.84,117.92
1786392903.61,4624.10,12742196.29,223.63,111.82
1786392905.62,4626.11,12742418.46,222.17,111.08
1786392907.63,4628.13,12742646.48,228.03,114.01
1786392909.64,4630.14,12742833.01,186.52,93.26
1786392911.65,4632.14,12743012.21,179.20,89.60
1786392913.66,4634.15,12743183.11,170.90,85.45
1786392915.67,4636.17,12743379.88,196.78,98.39
1786392917.80,4638.29,12743570.80,190.92,95.46
1786392919.81,4640.30,12743779.30,208.50,104.25
1786392921.82,4642.31,12743981.45,202.15,101.07
1786392923.83,4644.32,12744217.77,236.33,118.16
1786392925.84,4646.34,12744453.61,235.84,117.92
1786392927.85,4648.34,12744661.13,207.52,103.76
1786392929.86,4650.35,12744887.21,226.07,113.04
1786392931.90,4652.40,12745045.90,158.69,79.35
1786392933.91,4654.41,12745197.27,151.37,75.68
1786392935.97,4656.46,12745313.48,116.21,58.11
1786392937.98,4658.48,12745637.70,324.22,162.11
1786392940.06,4660.56,12745853.03,215.33,107.67
1786392942.07,4662.56,12746043.46,190.43,95.21
1786392944.08,4664.57,12746271.48,228.03,114.01
1786392946.09,4666.58,12746493.65,222.17,111.08
1786392948.10,4668.59,12746722.66,229.00,114.50
1786392950.11,4670.60,12746905.27,182.62,91.31
1786392952.31,4672.80,12747105.96,200.68,100.34
1786392954.32,4674.82,12747275.88,169.92,84.96
1786392957.11,4677.60,12747462.89,187.01,93.51
1786392959.12,4679.61,12747698.73,235.84,117.92
1786392961.13,4681.62,12747906.25,207.52,103.76
1786392963.14,4683.63,12748120.61,214.36,107.18
1786392965.15,4685.64,12748319.34,198.73,99.37
1786392967.16,4687.65,12748530.27,210.94,105.47
1786392969.17,4689.66,12748763.67,233.40,116.70
1786392971.18,4691.67,12748999.51,235.84,117.92
1786392973.18,4693.68,12749110.35,110.84,55.42
1786392975.42,4695.92,12749385.74,275.39,137.70
1786392977.43,4697.93,12749592.29,206.54,103.27
1786392979.45,4699.94,12749827.15,234.86,117.43
1786392981.46,4701.95,12750068.85,241.70,120.85
1786392983.47,4703.97,12750276.37,207.52,103.76
1786392985.48,4705.98,12750512.21,235.84,117.92
1786392987.49,4707.99,12750747.56,235.35,117.68
1786392989.50,4710.00,12751012.21,264.65,132.32
1786392991.51,4712.01,12751144.53,132.32,66.16
1786392993.98,4714.47,12751310.55,166.02,83.01
1786392995.99,4716.48,12751533.69,223.14,111.57
1786392998.00,4718.49,12751772.46,238.77,119.38
1786393000.01,4720.50,12752008.30,235.84,117.92
1786393002.02,4722.51,12752195.80,187.50,93.75
1786393004.03,4724.52,12752393.07,197.27,98.63
1786393006.04,4726.54,12752628.91,235.84,117.92
1786393008.05,4728.54,12752840.33,211.43,105.71
1786393010.06,4730.55,12753072.75,232.42,116.21
1786393012.07,4732.56,12753191.41,118.65,59.33
1786393014.08,4734.58,12753342.77,151.37,75.68
1786393016.10,4736.59,12753578.61,235.84,117.92
1786393018.11,4738.60,12753812.50,233.89,116.94
1786393020.12,4740.61,12754021.97,209.47,104.74
1786393022.13,4742.62,12754233.40,211.43,105.71
1786393024.14,4744.63,12754451.17,217.77,108.89
1786393026.15,4746.64,12754650.39,199.22,99.61
1786393028.15,4748.65,12754879.88,229.49,114.75
1786393030.17,4750.66,12755115.23,235.35,117.68
1786393032.18,4752.67,12755214.36,99.12,49.56
1786393034.71,4755.21,12755472.17,257.81,128.91
1786393036.72,4757.22,12755707.52,235.35,117.68
1786393038.73,4759.22,12755916.02,208.50,104.25
1786393040.74,4761.24,12756114.75,198.73,99.37
1786393042.75,4763.25,12756322.75,208.01,104.00
1786393044.76,4765.26,12756535.16,212.40,106.20
1786393046.77,4767.27,12756742.68,207.52,103.76
1786393048.78,4769.28,12756978.52,235.84,117.92
1786393050.79,4771.29,12757198.73,220.21,110.11
1786393053.30,4773.79,12757295.41,96.68,48.34
1786393055.37,4775.87,12757514.65,219.24,109.62
1786393057.38,4777.88,12757750.98,236.33,118.16
1786393059.40,4779.89,12757989.26,238.28,119.14
1786393061.40,4781.90,12758196.78,207.52,103.76
1786393063.41,4783.91,12758432.62,235.84,117.92
1786393065.43,4785.92,12758668.46,235.84,117.92
1786393067.44,4787.93,12758900.88,232.42,116.21
1786393069.47,4789.96,12759102.54,201.66,100.83
1786393071.48,4791.97,12759250.98,148.44,74.22
1786393073.49,4793.98,12759393.55,142.58,71.29
1786393075.50,4796.00,12759653.81,260.25,130.13
1786393077.51,4798.00,12759873.54,219.73,109.86
1786393079.58,4800.07,12760068.36,194.82,97.41
1786393081.59,4802.08,12760274.41,206.05,103.03
1786393083.60,4804.09,12760509.77,235.35,117.68
1786393085.61,4806.10,12760733.89,224.12,112.06
1786393087.61,4808.11,12760953.12,219.24,109.62
1786393089.62,4810.12,12761158.69,205.57,102.78
1786393091.63,4812.13,12761309.57,150.88,75.44
1786393093.64,4814.14,12761492.19,182.62,91.31
1786393095.66,4816.15,12761727.54,235.35,117.68
1786393097.66,4818.16,12761935.55,208.01,104.00
1786393099.68,4820.17,12762136.23,200.68,100.34
1786393101.69,4822.18,12762342.29,206.05,103.03
1786393103.69,4824.19,12762555.66,213.38,106.69
1786393105.70,4826.20,12762786.13,230.47,115.23
1786393107.72,4828.21,12763025.39,239.26,119.63
1786393109.73,4830.23,12763257.32,231.93,115.97
1786393111.74,4832.23,12763375.49,118.16,59.08
1786393113.98,4834.48,12763614.26,238.77,119.38
1786393115.99,4836.49,12763797.36,183.11,91.55
1786393118.00,4838.50,12764032.23,234.86,117.43
1786393120.03,4840.52,12764241.21,208.98,104.49
1786393122.04,4842.53,12764482.91,241.70,120.85
1786393124.05,4844.54,12764718.75,235.84,117.92
1786393126.06,4846.55,12764925.78,207.03,103.52
1786393128.07,4848.56,12765035.16,109.38,54.69
1786393130.08,4850.57,12765212.89,177.73,88.87
1786393132.19,4852.68,12765438.96,226.07,113.04
1786393134.20,4854.69,12765669.92,230.96,115.48
1786393136.21,4856.70,12765905.76,235.84,117.92
1786393138.22,4858.72,12766143.55,237.79,118.90
1786393140.23,4860.73,12766346.19,202.64,101.32
1786393142.24,4862.74,12766556.64,210.45,105.22
1786393144.25,4864.75,12766764.65,208.01,104.00
1786393146.26,4866.76,12766954.59,189.94,94.97
1786393148.39,4868.88,12767135.25,180.66,90.33
1786393150.50,4871.00,12767359.38,224.12,112.06
1786393152.51,4873.01,12767582.52,223.14,111.57
1786393154.58,4875.07,12767813.48,230.96,115.48
1786393156.67,4877.17,12768016.11,202.64,101.32
1786393158.68,4879.18,12768223.63,207.52,103.76
1786393160.69,4881.19,12768459.47,235.84,117.92
1786393162.70,4883.20,12768594.73,135.25,67.63
1786393164.79,4885.28,12768797.85,203.12,101.56
1786393166.88,4887.37,12768979.98,182.13,91.06
1786393169.02,4889.52,12769243.16,263.18,131.59
1786393171.08,4891.57,12769468.26,225.10,112.55
1786393173.17,4893.67,12769656.25,187.99,93.99
1786393175.18,4895.68,12769876.46,220.21,110.11
1786393177.19,4897.69,12770112.30,235.84,117.92
1786393179.20,4899.70,12770321.29,208.98,104.49
1786393181.22,4901.71,12770551.76,230.47,115.23
1786393183.23,4903.72,12770692.38,140.62,70.31
1786393185.30,4905.79,12770857.91,165.53,82.76
1786393187.83,4908.32,12771095.21,237.30,118.65
1786393190.02,4910.51,12771338.87,243.65,121.83
1786393192.03,4912.52,12771538.57,199.71,99.85
1786393194.04,4914.53,12771770.02,231.45,115.72
1786393196.05,4916.54,12772005.37,235.35,117.68
1786393198.06,4918.56,12772236.82,231.45,115.72
1786393200.07,4920.57,12772457.03,220.21,110.11
1786393202.08,4922.58,12772630.37,173.34,86.67
1786393204.17,4924.67,12772746.58,116.21,58.11
1786393206.18,4926.68,12772954.10,207.52,103.76
1786393208.19,4928.69,12773165.53,211.43,105.71
1786393210.20,4930.70,12773397.46,231.93,115.97
1786393212.22,4932.71,12773593.75,196.29,98.14
1786393214.23,4934.72,12773798.34,204.59,102.29
1786393216.24,4936.73,12774018.07,219.73,109.86
1786393218.25,4938.74,12774253.91,235.84,117.92
1786393220.26,4940.76,12774490.23,236.33,118.16
1786393222.27,4942.77,12774678.22,187.99,93.99
1786393224.80,4945.30,12774883.30,205.08,102.54
1786393226.81,4947.31,12775111.82,228.52,114.26
1786393228.82,4949.32,12775326.66,214.84,107.42
1786393230.83,4951.33,12775538.57,211.91,105.96
1786393232.84,4953.34,12775748.54,209.96,104.98
1786393234.85,4955.35,12775946.78,198.24,99.12
1786393236.87,4957.36,12776182.62,235.84,117.92
1786393238.88,4959.37,12776418.46,235.84,117.92
1786393240.88,4961.38,12776663.09,244.63,122.31
1786393242.89,4963.39,12776760.74,97.66,48.83
1786393244.91,4965.41,12776962.89,202.15,101.07
1786393246.92,4967.42,12777149.41,186.52,93.26
1786393249.02,4969.52,12777333.98,184.57,92.29
1786393251.03,4971.53,12777561.04,227.05,113.53
1786393253.04,4973.54,12777796.88,235.84,117.92
1786393255.05,4975.55,12778025.88,229.00,114.50
1786393257.06,4977.56,12778239.75,213.87,106.93
1786393259.07,4979.57,12778465.33,225.59,112.79
1786393261.08,4981.58,12778689.45,224.12,112.06
1786393263.09,4983.59,12778883.30,193.85,96.92
1786393265.10,4985.60,12779032.23,148.93,74.46
1786393267.14,4987.64,12779243.65,211.43,105.71
1786393269.15,4989.65,12779479.49,235.84,117.92
1786393271.16,4991.66,12779704.59,225.10,112.55
1786393273.17,4993.66,12779922.85,218.26,109.13
1786393275.28,4995.77,12780158.20,235.35,117.68
1786393277.29,4997.78,12780397.95,239.75,119.87
1786393279.30,4999.80,12780601.07,203.12,101.56
1786393281.31,5001.81,12780801.76,200.68,100.34
1786393283.44,5003.93,12780986.33,184.57,92.29
1786393285.53,5006.03,12781084.96,98.63,49.32
1786393287.62,5008.11,12781262.70,177.73,88.87
1786393289.62,5010.12,12781446.78,184.08,92.04
1786393291.63,5012.13,12781647.46,200.68,100.34
1786393293.65,5014.14,12781882.32,234.86,117.43
1786393295.65,5016.15,12782094.24,211.91,105.96
1786393297.67,5018.16,12782319.34,225.10,112.55
1786393299.67,5020.17,12782531.74,212.40,106.20
1786393301.68,5022.18,12782724.61,192.87,96.44
1786393303.69,5024.19,12782904.30,179.69,89.84
1786393305.70,5026.20,12783045.90,141.60,70.80
1786393307.71,5028.21,12783287.60,241.70,120.85
1786393309.72,5030.22,12783495.12,207.52,103.76
1786393311.74,5032.23,12783730.96,235.84,117.92
1786393313.75,5034.24,12783966.80,235.84,117.92
1786393315.76,5036.25,12784174.32,207.52,103.76
1786393317.77,5038.26,12784409.67,235.35,117.68
1786393319.78,5040.27,12784646.00,236.33,118.16
1786393321.79,5042.28,12784847.17,201.17,100.59
1786393323.92,5044.42,12784941.41,94.24,47.12
1786393325.93,5046.43,12785150.39,208.98,104.49
1786393327.94,5048.44,12785373.05,222.66,111.33
1786393329.95,5050.45,12785593.75,220.70,110.35
1786393331.96,5052.46,12785829.59,235.84,117.92
1786393333.97,5054.47,12786064.94,235.35,117.68
1786393335.99,5056.49,12786247.07,182.13,91.06
1786393338.00,5058.49,12786458.98,211.91,105.96
1786393340.01,5060.50,12786691.41,232.42,116.21
1786393342.02,5062.51,12786882.81,191.41,95.70
1786393344.04,5064.53,12787035.64,152.83,76.42
1786393346.05,5066.54,12787190.92,155.27,77.64
1786393348.06,5068.55,12787457.03,266.11,133.06
1786393350.07,5070.57,12787634.28,177.25,88.62
1786393352.08,5072.57,12787842.29,208.01,104.00
1786393354.09,5074.59,12788072.75,230.47,115.23
1786393356.10,5076.60,12788254.39,181.64,90.82
1786393358.11,5078.60,12788461.91,207.52,103.76
1786393360.12,5080.62,12788774.90,312.99,156.49
1786393362.13,5082.63,12788950.68,175.78,87.89
1786393364.17,5084.67,12789039.06,88.38,44.19
1786393366.18,5086.68,12789246.58,207.52,103.76
1786393368.19,5088.69,12789482.42,235.84,117.92
1786393370.20,5090.70,12789720.70,238.28,119.14
1786393372.21,5092.71,12789937.99,217.29,108.64
1786393374.22,5094.72,12790163.57,225.59,112.79
1786393376.23,5096.73,12790399.90,236.33,118.16
1786393378.24,5098.74,12790631.35,231.45,115.72
1786393380.25,5100.74,12790839.36,208.01,104.00
1786393382.26,5102.75,12791014.65,175.29,87.65
1786393384.30,5104.79,12791145.02,130.37,65.19
1786393386.33,5106.83,12791421.39,276.37,138.18
1786393388.34,5108.83,12791620.61,199.22,99.61
1786393390.35,5110.84,12791806.15,185.55,92.77
1786393392.36,5112.86,12792041.99,235.84,117.92
1786393394.37,5114.86,12792250.00,208.01,104.00
1786393396.38,5116.88,12792461.43,211.43,105.71
1786393398.39,5118.89,12792686.52,225.10,112.55
1786393400.40,5120.90,12792887.21,200.68,100.34
1786393402.41,5122.91,12793074.22,187.01,93.51
1786393404.42,5124.91,12793183.11,108.89,54.44
1786393406.50,5127.00,12793373.05,189.94,94.97
1786393408.51,5129.01,12793578.12,205.08,102.54
1786393410.52,5131.02,12793810.06,231.93,115.97
1786393412.53,5133.03,12794045.41,235.35,117.68
1786393414.54,5135.03,12794279.30,233.89,116.94
1786393416.55,5137.04,12794495.12,215.82,107.91
1786393418.56,5139.05,12794730.96,235.84,117.92
1786393420.57,5141.06,12794966.80,235.84,117.92
1786393422.58,5143.07,12795056.64,89.84,44.92
1786393425.36,5145.85,12795267.09,210.45,105.22
1786393427.37,5147.87,12795502.93,235.84,117.92
1786393429.38,5149.88,12795738.77,235.84,117.92
1786393431.39,5151.89,12795948.73,209.96,104.98
1786393433.40,5153.90,12796184.08,235.35,117.68
1786393435.41,5155.91,12796419.92,235.84,117.92
1786393437.43,5157.92,12796655.76,235.84,117.92
1786393439.44,5159.93,12796847.66,191.89,95.95
1786393441.45,5161.94,12797041.02,193.36,96.68
1786393443.46,5163.95,12797121.58,80.57,40.28
1786393445.66,5166.16,12797335.45,213.87,106.93
1786393447.67,5168.17,12797573.73,238.28,119.14
1786393449.68,5170.18,12797752.44,178.71,89.36
1786393451.69,5172.19,12797988.28,235.84,117.92
1786393453.71,5174.20,12798223.63,235.35,117.68
1786393455.72,5176.21,12798437.50,213.87,106.93
1786393457.76,5178.25,12798672.36,234.86,117.43
1786393459.77,5180.26,12798851.56,179.20,89.60
1786393461.78,5182.27,12799055.66,204.10,102.05
1786393463.79,5184.29,12799188.96,133.30,66.65
1786393465.83,5186.33,12799419.92,230.96,115.48
1786393467.84,5188.34,12799625.98,206.05,103.03
1786393469.85,5190.35,12799830.57,204.59,102.29
1786393471.86,5192.36,12800034.18,203.61,101.81
1786393473.88,5194.37,12800270.02,235.84,117.92
1786393475.89,5196.38,12800505.86,235.84,117.92
1786393477.90,5198.39,12800718.75,212.89,106.45
1786393479.91,5200.40,12800954.10,235.35,117.68
1786393481.92,5202.41,12801153.81,199.71,99.85
1786393483.99,5204.49,12801232.91,79.10,39.55
1786393486.00,5206.50,12801546.88,313.96,156.98
1786393488.02,5208.51,12801782.71,235.84,117.92
1786393490.03,5210.52,12801969.24,186.52,93.26
1786393492.03,5212.53,12802194.82,225.59,112.79
1786393494.04,5214.54,12802405.27,210.45,105.22
1786393496.05,5216.55,12802641.11,235.84,117.92
1786393498.06,5218.56,12802869.14,228.03,114.01
1786393500.07,5220.57,12803090.33,221.19,110.60
1786393502.08,5222.58,12803214.36,124.02,62.01
1786393504.17,5224.67,12803385.25,170.90,85.45
1786393506.18,5226.68,12803621.09,235.84,117.92
1786393508.19,5228.69,12803834.96,213.87,106.93
1786393510.20,5230.70,12804048.34,213.38,106.69
1786393512.21,5232.71,12804249.02,200.68,100.34
1786393514.22,5234.72,12804457.03,208.01,104.00
1786393516.23,5236.72,12804685.55,228.52,114.26
1786393518.24,5238.74,12804920.90,235.35,117.68
1786393520.25,5240.74,12805129.39,208.50,104.25
1786393522.26,5242.75,12805233.89,104.49,52.25
1786393524.34,5244.83,12805475.59,241.70,120.85
1786393526.60,5247.10,12805699.71,224.12,112.06
1786393528.61,5249.11,12805935.55,235.84,117.92
1786393530.62,5251.12,12806171.39,235.84,117.92
1786393532.64,5253.13,12806396.48,225.10,112.55
1786393534.68,5255.17,12806604.00,207.52,103.76
1786393536.69,5257.18,12806789.55,185.55,92.77
1786393538.70,5259.19,12807010.25,220.70,110.35
1786393540.84,5261.34,12807234.86,224.61,112.30
1786393542.89,5263.38,12807301.76,66.89,33.45
1786393544.89,5265.39,12807494.63,192.87,96.44
1786393546.90,5267.40,12807708.50,213.87,106.93
1786393548.92,5269.41,12807916.02,207.52,103.76
1786393550.93,5271.42,12808151.86,235.84,117.92
1786393552.94,5273.44,12808387.70,235.84,117.92
1786393554.95,5275.45,12808628.91,241.21,120.61
1786393556.97,5277.46,12808856.45,227.54,113.77
1786393558.98,5279.47,12809072.27,215.82,107.91
1786393560.99,5281.48,12809274.41,202.15,101.07
1786393563.00,5283.50,12809373.05,98.63,49.32
1786393565.02,5285.52,12809543.95,170.90,85.45
1786393567.03,5287.53,12809770.51,226.56,113.28
1786393569.09,5289.58,12809948.73,178.22,89.11
1786393571.10,5291.59,12810169.43,220.70,110.35
1786393573.11,5293.60,12810405.27,235.84,117.92
1786393575.12,5295.61,12810612.79,207.52,103.76
1786393577.13,5297.62,12810817.87,205.08,102.54
1786393579.14,5299.63,12810992.19,174.32,87.16
1786393581.15,5301.64,12811199.71,207.52,103.76
1786393583.16,5303.66,12811348.63,148.93,74.46
1786393585.17,5305.66,12811556.64,208.01,104.00
1786393587.18,5307.68,12811766.11,209.47,104.74
1786393589.19,5309.69,12811965.82,199.71,99.85
1786393591.20,5311.70,12812188.48,222.66,111.33
1786393593.21,5313.71,12812409.18,220.70,110.35
1786393595.22,5315.72,12812645.02,235.84,117.92
1786393597.23,5317.73,12812880.37,235.35,117.68
1786393599.24,5319.74,12813027.34,146.97,73.49
1786393601.26,5321.76,12813166.02,138.67,69.34
1786393603.54,5324.04,12813418.46,252.44,126.22
1786393605.55,5326.05,12813630.86,212.40,106.20
1786393607.57,5328.06,12813866.21,235.35,117.68
1786393609.58,5330.07,12814102.05,235.84,117.92
1786393611.59,5332.08,12814310.55,208.50,104.25
1786393613.60,5334.09,12814545.41,234.86,117.43
1786393615.61,5336.10,12814771.97,226.56,113.28
1786393617.62,5338.11,12814966.80,194.82,97.41
1786393619.67,5340.16,12815124.51,157.71,78.86
1786393621.67,5342.17,12815321.29,196.78,98.39
1786393623.68,5344.18,12815567.38,246.09,123.05
1786393625.70,5346.19,12815803.22,235.84,117.92
1786393627.70,5348.20,12816016.11,212.89,106.45
1786393629.79,5350.29,12816220.70,204.59,102.29
1786393631.80,5352.29,12816423.83,203.12,101.56
1786393633.81,5354.31,12816634.28,210.45,105.22
1786393635.82,5356.32,12816870.12,235.84,117.92
1786393637.83,5358.33,12817041.02,170.90,85.45
1786393639.84,5360.34,12817207.03,166.02,83.01
1786393641.94,5362.43,12817369.63,162.60,81.30
1786393643.95,5364.45,12817605.47,235.84,117.92
1786393645.96,5366.46,12817840.82,235.35,117.68
1786393647.97,5368.47,12818090.33,249.51,124.76
1786393649.99,5370.48,12818278.81,188.48,94.24
1786393651.99,5372.49,12818490.23,211.43,105.71
1786393654.00,5374.50,12818705.08,214.84,107.42
1786393656.01,5376.51,12818940.92,235.84,117.92
1786393658.03,5378.52,12819143.07,202.15,101.07
1786393660.17,5380.67,12819245.12,102.05,51.03
1786393662.19,5382.68,12819454.10,208.98,104.49
1786393664.20,5384.69,12819689.45,235.35,117.68
1786393666.21,5386.71,12819924.32,234.86,117.43
1786393668.22,5388.71,12820132.81,208.50,104.25
1786393670.23,5390.73,12820368.65,235.84,117.92
1786393672.24,5392.74,12820604.49,235.84,117.92
1786393674.25,5394.75,12820811.52,207.03,103.52
1786393676.26,5396.76,12820988.77,177.25,88.62
1786393678.27,5398.77,12821090.82,102.05,51.03
1786393680.36,5400.86,12821269.53,178.71,89.36
1786393682.38,5402.88,12821437.50,167.97,83.98
1786393684.40,5404.89,12821673.34,235.84,117.92
1786393686.41,5406.90,12821879.88,206.54,103.27
1786393688.42,5408.91,12822083.01,203.12,101.56
1786393690.43,5410.92,12822293.95,210.94,105.47
1786393692.44,5412.93,12822528.81,234.86,117.43
1786393694.45,5414.95,12822764.65,235.84,117.92
1786393696.46,5416.96,12823000.00,235.35,117.68
1786393698.47,5418.97,12823207.52,207.52,103.76
1786393700.48,5420.98,12823356.93,149.41,74.71
1786393702.49,5422.99,12823502.93,146.00,73.00
1786393704.50,5425.00,12823715.82,212.89,106.45
1786393706.51,5427.01,12823953.61,237.79,118.90
1786393708.52,5429.02,12824188.96,235.35,117.68
1786393710.54,5431.03,12824396.97,208.01,104.00
1786393712.55,5433.05,12824555.66,158.69,79.35
1786393714.56,5435.06,12824781.74,226.07,113.04
1786393716.57,5437.07,12824965.33,183.59,91.80
1786393718.58,5439.08,12825164.55,199.22,99.61
1786393720.64,5441.14,12825282.71,118.16,59.08
1786393722.65,5443.15,12825515.14,232.42,116.21
1786393724.66,5445.16,12825729.49,214.36,107.18
1786393726.67,5447.17,12825937.99,208.50,104.25
1786393728.68,5449.18,12826119.63,181.64,90.82
1786393730.69,5451.19,12826344.73,225.10,112.55
1786393732.71,5453.20,12826579.59,234.86,117.43
1786393734.72,5455.21,12826815.43,235.84,117.92
1786393736.73,5457.22,12827051.76,236.33,118.16
1786393738.74,5459.23,12827229.98,178.22,89.11
1786393740.77,5461.27,12827334.47,104.49,52.25
1786393742.78,5463.28,12827609.86,275.39,137.70
1786393744.82,5465.32,12827762.70,152.83,76.42
1786393746.83,5467.33,12827970.21,207.52,103.76
1786393748.84,5469.34,12828205.57,235.35,117.68
1786393750.86,5471.35,12828441.41,235.84,117.92
1786393752.87,5473.36,12828642.58,201.17,100.59
1786393754.87,5475.37,12828837.89,195.31,97.66
1786393756.88,5477.38,12829068.85,230.96,115.48
1786393758.89,5479.39,12829223.63,154.79,77.39
1786393761.61,5482.11,12829391.60,167.97,83.98
1786393763.62,5484.12,12829626.95,235.35,117.68
1786393765.64,5486.13,12829862.79,235.84,117.92
1786393767.65,5488.14,12830098.63,235.84,117.92
1786393769.65,5490.15,12830305.66,207.03,103.52
1786393771.66,5492.16,12830498.54,192.87,96.44
1786393773.67,5494.17,12830724.12,225.59,112.79
1786393775.68,5496.18,12830959.96,235.84,117.92
1786393777.70,5498.19,12831191.89,231.93,115.97
1786393779.71,5500.20,12831288.09,96.19,48.10
1786393781.72,5502.21,12831453.61,165.53,82.76
1786393783.74,5504.23,12831646.00,192.38,96.19
1786393785.87,5506.37,12831878.42,232.42,116.21
1786393787.89,5508.38,12832113.77,235.35,117.68
1786393789.90,5510.39,12832336.91,223.14,111.57
1786393791.91,5512.40,12832529.30,192.38,96.19
1786393793.92,5514.41,12832732.42,203.12,101.56
1786393795.93,5516.42,12832963.87,231.45,115.72
1786393797.98,5518.48,12833199.71,235.84,117.92
1786393799.99,5520.49,12833316.89,117.19,58.59
1786393802.13,5522.62,12833535.64,218.75,109.38
1786393804.13,5524.63,12833747.56,211.91,105.96
1786393806.14,5526.64,12833942.38,194.82,97.41
1786393808.15,5528.65,12834149.90,207.52,103.76
1786393810.16,5530.66,12834386.23,236.33,118.16
1786393812.18,5532.67,12834606.45,220.21,110.11
1786393814.18,5534.68,12834829.10,222.66,111.33
1786393816.20,5536.69,12835069.82,240.72,120.36
1786393818.21,5538.70,12835305.66,235.84,117.92
1786393820.22,5540.72,12835362.30,56.64,28.32
1786393822.23,5542.72,12835569.82,207.52,103.76
1786393824.24,5544.74,12835777.83,208.01,104.00
1786393826.25,5546.74,12835997.56,219.73,109.86
1786393828.31,5548.81,12836213.38,215.82,107.91
1786393830.32,5550.82,12836398.44,185.06,92.53
1786393832.33,5552.83,12836640.14,241.70,120.85
1786393834.35,5554.84,12836875.98,235.84,117.92
1786393836.35,5556.85,12837111.82,235.84,117.92
1786393838.36,5558.86,12837319.34,207.52,103.76
1786393840.37,5560.87,12837442.87,123.54,61.77
1786393842.40,5562.89,12837605.47,162.60,81.30
1786393844.50,5564.99,12837804.69,199.22,99.61
1786393846.51,5567.00,12838027.34,222.66,111.33
1786393848.52,5569.01,12838224.12,196.78,98.39
1786393850.53,5571.02,12838417.48,193.36,96.68
1786393852.53,5573.03,12838644.04,226.56,113.28
1786393854.55,5575.04,12838879.88,235.84,117.92
1786393856.56,5577.05,12839115.23,235.35,117.68
1786393858.57,5579.06,12839323.73,208.50,104.25
1786393860.58,5581.07,12839458.50,134.77,67.38
1786393862.69,5583.19,12839658.69,200.20,100.10
1786393864.71,5585.20,12839850.59,191.89,95.95
1786393866.72,5587.21,12840071.29,220.70,110.35
1786393868.73,5589.22,12840295.90,224.61,112.30
1786393870.74,5591.23,12840514.65,218.75,109.38
1786393872.74,5593.24,12840731.45,216.80,108.40
1786393874.75,5595.25,12840921.88,190.43,95.21
1786393876.76,5597.26,12841129.39,207.52,103.76
1786393878.78,5599.27,12841368.16,238.77,119.38
1786393880.79,5601.28,12841550.29,182.13,91.06
1786393882.94,5603.44,12841668.95,118.65,59.33
1786393885.03,5605.53,12841875.98,207.03,103.52
1786393887.05,5607.54,12842111.82,235.84,117.92
1786393889.06,5609.55,12842347.66,235.84,117.92
1786393891.07,5611.56,12842560.06,212.40,106.20
1786393893.07,5613.57,12842794.43,234.38,117.19
1786393895.09,5615.58,12843030.27,235.84,117.92
1786393897.10,5617.59,12843262.70,232.42,116.21
1786393899.12,5619.61,12843478.52,215.82,107.91
1786393901.13,5621.63,12843636.23,157.71,78.86
1786393903.14,5623.63,12843742.68,106.45,53.22
1786393905.15,5625.64,12843975.10,232.42,116.21
1786393907.16,5627.65,12844186.04,210.94,105.47
1786393909.17,5629.66,12844373.05,187.01,93.51
1786393911.18,5631.67,12844577.64,204.59,102.29
1786393913.19,5633.68,12844803.71,226.07,113.04
1786393915.20,5635.69,12845039.55,235.84,117.92
1786393917.21,5637.70,12845275.39,235.84,117.92
1786393919.22,5639.72,12845495.61,220.21,110.11
1786393921.23,5641.72,12845654.30,158.69,79.35
1786393923.24,5643.73,12845770.02,115.72,57.86
1786393925.32,5645.82,12846081.54,311.52,155.76
1786393927.33,5647.83,12846317.38,235.84,117.92
1786393929.34,5649.84,12846552.73,235.35,117.68
1786393931.36,5651.85,12846741.70,188.96,94.48
1786393933.37,5653.86,12846938.96,197.27,98.63
1786393935.38,5655.87,12847112.30,173.34,86.67
1786393937.42,5657.92,12847248.54,136.23,68.12
1786393939.49,5659.99,12847459.96,211.43,105.71
1786393941.50,5662.00,12847647.95,187.99,93.99
1786393943.51,5664.01,12847864.26,216.31,108.15
1786393945.52,5666.02,12848091.31,227.05,113.53
1786393947.53,5668.03,12848293.46,202.15,101.07
1786393949.54,5670.04,12848500.49,207.03,103.52
1786393951.55,5672.04,12848706.05,205.57,102.78
1786393953.56,5674.06,12848941.41,235.35,117.68
1786393955.57,5676.07,12849172.36,230.96,115.48
1786393957.59,5678.08,12849305.66,133.30,66.65
1786393959.60,5680.10,12849505.37,199.71,99.85
1786393961.62,5682.11,12849741.70,236.33,118.16
1786393963.63,5684.12,12849977.54,235.84,117.92
1786393965.64,5686.14,12850212.89,235.35,117.68
1786393967.65,5688.14,12850432.13,219.24,109.62
1786393969.66,5690.15,12850656.25,224.12,112.06
1786393971.67,5692.16,12850896.00,239.75,119.87
1786393973.68,5694.17,12851132.32,236.33,118.16
1786393975.69,5696.18,12851277.34,145.02,72.51
1786393977.71,5698.20,12851376.95,99.61,49.80
1786393979.82,5700.31,12851637.70,260.74,130.37
1786393981.83,5702.32,12851873.54,235.84,117.92
1786393983.84,5704.33,12852094.73,221.19,110.60
1786393985.85,5706.34,12852321.78,227.05,113.53
1786393987.85,5708.35,12852526.86,205.08,102.54
1786393989.87,5710.36,12852723.63,196.78,98.39
1786393991.88,5712.37,12852936.52,212.89,106.45
1786393993.89,5714.38,12853171.88,235.35,117.68
1786393995.90,5716.40,12853309.57,137.70,68.85
1786393997.91,5718.41,12853504.88,195.31,97.66
1786393999.92,5720.42,12853740.23,235.35,117.68
1786394001.93,5722.43,12853980.47,240.23,120.12
1786394003.94,5724.44,12854208.98,228.52,114.26
1786394005.95,5726.45,12854423.83,214.84,107.42
1786394007.96,5728.46,12854659.67,235.84,117.92
1786394009.98,5730.47,12854893.55,233.89,116.94
1786394012.00,5732.50,12855095.21,201.66,100.83
1786394014.01,5734.51,12855276.37,181.15,90.58
1786394016.13,5736.63,12855404.30,127.93,63.96
1786394018.14,5738.64,12855644.04,239.75,119.87
1786394020.15,5740.65,12855843.26,199.22,99.61
1786394022.16,5742.66,12856029.79,186.52,93.26
1786394024.17,5744.67,12856265.14,235.35,117.68
1786394026.19,5746.68,12856500.98,235.84,117.92
1786394028.19,5748.69,12856711.91,210.94,105.47
1786394030.20,5750.70,12856944.34,232.42,116.21
1786394032.21,5752.71,12857170.90,226.56,113.28
1786394034.22,5754.72,12857347.66,176.76,88.38
1786394036.27,5756.77,12857500.00,152.34,76.17
1786394038.28,5758.78,12857767.58,267.58,133.79
1786394040.30,5760.79,12857992.68,225.10,112.55
1786394042.31,5762.80,12858196.29,203.61,101.81
1786394044.32,5764.81,12858406.74,210.45,105.22
1786394046.33,5766.82,12858619.14,212.40,106.20
1786394048.43,5768.93,12858857.42,238.28,119.14
1786394050.44,5770.94,12859093.26,235.84,117.92
1786394052.45,5772.95,12859311.52,218.26,109.13
1786394054.46,5774.96,12859422.36,110.84,55.42
1786394056.47,5776.97,12859568.85,146.48,73.24
1786394058.48,5778.97,12859777.83,208.98,104.49
1786394060.49,5780.98,12860012.21,234.38,117.19
1786394062.50,5782.99,12860248.05,235.84,117.92
1786394064.51,5785.01,12860474.12,226.07,113.04
1786394066.56,5787.06,12860701.66,227.54,113.77
1786394068.64,5789.14,12860912.11,210.45,105.22
1786394070.65,5791.15,12861111.82,199.71,99.85
1786394072.66,5793.15,12861343.26,231.45,115.72
1786394074.67,5795.17,12861451.66,108.40,54.20
1786394076.75,5797.25,12861639.16,187.50,93.75
1786394078.87,5799.36,12861729.98,90.82,45.41
1786394080.91,5801.40,12861963.87,233.89,116.94
1786394082.92,5803.41,12862178.71,214.84,107.42
1786394084.93,5805.42,12862414.55,235.84,117.92
1786394086.94,5807.43,12862629.88,215.33,107.67
1786394089.02,5809.51,12862824.71,194.82,97.41
1786394091.03,5811.52,12863035.64,210.94,105.47
1786394093.04,5813.53,12863271.48,235.84,117.92
1786394095.05,5815.54,12863434.08,162.60,81.30
1786394098.30,5818.80,12863666.50,232.42,116.21
1786394100.31,5820.81,12863902.34,235.84,117.92
1786394102.32,5822.81,12864112.79,210.45,105.22
1786394104.33,5824.82,12864345.70,232.91,116.46
1786394106.34,5826.83,12864581.54,235.84,117.92
1786394108.35,5828.84,12864817.38,235.84,117.92
1786394110.36,5830.86,12865049.80,232.42,116.21
1786394112.37,5832.86,12865274.90,225.10,112.55
1786394114.38,5834.87,12865456.54,181.64,90.82
1786394116.39,5836.88,12865543.46,86.91,43.46
1786394118.43,5838.93,12865761.72,218.26,109.13
1786394120.44,5840.94,12865997.56,235.84,117.92
1786394122.45,5842.95,12866212.40,214.84,107.42
1786394124.54,5845.03,12866425.29,212.89,106.45
1786394126.54,5847.04,12866620.61,195.31,97.66
1786394128.55,5849.05,12866857.42,236.82,118.41
1786394130.56,5851.06,12867093.26,235.84,117.92
1786394132.57,5853.07,12867327.15,233.89,116.94
1786394134.58,5855.07,12867485.84,158.69,79.35
1786394136.67,5857.16,12867583.50,97.66,48.83
1786394138.68,5859.17,12867921.39,337.89,168.95
1786394140.69,5861.18,12868129.39,208.01,104.00
1786394142.70,5863.19,12868365.23,235.84,117.92
1786394144.71,5865.20,12868561.52,196.29,98.14
1786394146.72,5867.21,12868769.04,207.52,103.76
1786394148.72,5869.22,12868981.93,212.89,106.45
1786394150.74,5871.23,12869217.77,235.84,117.92
1786394152.75,5873.24,12869479.49,261.72,130.86
1786394154.76,5875.25,12869610.84,131.35,65.67
1786394156.77,5877.26,12869781.74,170.90,85.45
1786394158.78,5879.27,12870006.35,224.61,112.30
1786394160.96,5881.46,12870200.20,193.85,96.92
1786394162.97,5883.47,12870436.04,235.84,117.92
1786394164.98,5885.47,12870651.37,215.33,107.67
1786394166.99,5887.48,12870879.39,228.03,114.01
1786394169.00,5889.50,12871115.23,235.84,117.92
1786394171.01,5891.51,12871351.56,236.33,118.16
1786394173.02,5893.51,12871550.78,199.22,99.61
1786394175.03,5895.52,12871605.47,54.69,27.34
1786394177.15,5897.65,12871897.46,291.99,146.00
1786394179.16,5899.66,12872102.05,204.59,102.29
1786394181.17,5901.67,12872305.18,203.12,101.56
1786394183.18,5903.68,12872518.07,212.89,106.45
1786394185.19,5905.69,12872753.91,235.84,117.92
1786394187.20,5907.70,12872972.66,218.75,109.38
1786394189.21,5909.71,12873196.78,224.12,112.06
1786394191.22,5911.71,12873401.86,205.08,102.54
1786394193.23,5913.72,12873596.19,194.34,97.17
1786394195.24,5915.74,12873727.05,130.86,65.43
1786394197.77,5918.27,12873935.55,208.50,104.25
1786394199.78,5920.28,12874170.90,235.35,117.68
1786394201.79,5922.29,12874379.39,208.50,104.25
1786394203.80,5924.30,12874601.07,221.68,110.84
1786394205.81,5926.31,12874803.22,202.15,101.07
1786394207.82,5928.32,12875010.74,207.52,103.76
1786394209.83,5930.33,12875230.96,220.21,110.11
1786394211.84,5932.34,12875467.29,236.33,118.16
1786394213.86,5934.35,12875646.00,178.71,89.36
1786394215.91,5936.41,12875765.14,119.14,59.57
1786394218.00,5938.49,12875993.65,228.52,114.26
1786394220.14,5940.63,12876234.86,241.21,120.61
1786394222.15,5942.65,12876473.14,238.28,119.14
1786394224.16,5944.65,12876706.54,233.40,116.70
1786394226.17,5946.66,12876916.99,210.45,105.22
1786394228.18,5948.67,12877150.88,233.89,116.94
1786394230.19,5950.69,12877336.91,186.04,93.02
1786394232.20,5952.70,12877537.60,200.68,100.34
1786394234.21,5954.71,12877683.11,145.51,72.75
1786394237.63,5958.12,12877937.01,253.91,126.95
1786394239.63,5960.13,12878136.23,199.22,99.61
1786394241.64,5962.14,12878361.33,225.10,112.55
1786394243.66,5964.15,12878597.17,235.84,117.92
1786394245.67,5966.16,12878832.52,235.35,117.68
1786394247.68,5968.17,12879057.62,225.10,112.55
1786394249.69,5970.18,12879276.37,218.75,109.38
1786394251.70,5972.19,12879514.16,237.79,118.90
1786394253.71,5974.20,12879708.01,193.85,96.92
1786394255.76,5976.26,12879778.32,70.31,35.16
1786394257.78,5978.27,12880013.67,235.35,117.68
1786394259.78,5980.28,12880221.19,207.52,103.76
1786394261.80,5982.29,12880423.34,202.15,101.07
1786394263.81,5984.30,12880606.45,183.11,91.55
1786394265.82,5986.31,12880842.29,235.84,117.92
1786394267.82,5988.32,12881058.11,215.82,107.91
1786394269.83,5990.33,12881289.06,230.96,115.48
1786394271.85,5992.34,12881491.70,202.64,101.32
1786394273.86,5994.35,12881682.13,190.43,95.21
1786394275.87,5996.36,12881804.69,122.56,61.28
1786394277.94,5998.44,12882062.99,258.30,129.15
1786394279.95,6000.45,12882260.25,197.27,98.63
1786394281.96,6002.46,12882496.09,235.84,117.92
1786394283.98,6004.47,12882734.86,238.77,119.38
1786394285.99,6006.48,12882960.45,225.59,112.79
1786394288.00,6008.49,12883177.73,217.29,108.64
1786394290.02,6010.51,12883413.57,235.84,117.92
1786394292.23,6012.72,12883649.90,236.33,118.16
1786394294.24,6014.73,12883793.46,143.55,71.78
1786394296.29,6016.79,12883921.88,128.42,64.21
1786394298.31,6018.80,12884158.69,236.82,118.41
1786394300.32,6020.81,12884394.53,235.84,117.92
1786394302.33,6022.82,12884628.91,234.38,117.19
1786394304.35,6024.85,12884824.71,195.80,97.90
1786394306.36,6026.85,12885015.14,190.43,95.21
1786394308.37,6028.87,12885250.49,235.35,117.68
1786394310.39,6030.88,12885462.89,212.40,106.20
1786394312.39,6032.89,12885694.34,231.45,115.72
1786394314.40,6034.90,12885839.84,145.51,72.75
1786394316.42,6036.91,12886053.22,213.38,106.69
1786394318.43,6038.92,12886259.28,206.05,103.03
1786394320.44,6040.93,12886460.45,201.17,100.59
1786394322.45,6042.94,12886668.46,208.01,104.00
1786394324.46,6044.95,12886904.30,235.84,117.92
1786394326.47,6046.96,12887139.65,235.35,117.68
1786394328.48,6048.97,12887378.42,238.77,119.38
1786394330.49,6050.98,12887585.94,207.52,103.76
1786394332.50,6052.99,12887822.27,236.33,118.16
1786394334.51,6055.00,12887955.08,132.81,66.41
1786394336.53,6057.02,12888211.43,256.35,128.17
1786394338.55,6059.04,12888388.67,177.25,88.62
1786394340.56,6061.05,12888624.51,235.84,117.92
1786394342.57,6063.06,12888832.03,207.52,103.76
1786394344.58,6065.07,12889068.85,236.82,118.41
1786394346.59,6067.09,12889287.60,218.75,109.38
1786394348.60,6069.10,12889481.45,193.85,96.92
1786394350.61,6071.11,12889697.27,215.82,107.91
1786394352.62,6073.11,12889919.43,222.17,111.08
1786394354.69,6075.19,12890051.27,131.84,65.92
1786394356.75,6077.25,12890281.25,229.98,114.99
1786394358.76,6079.26,12890470.21,188.96,94.48
1786394360.77,6081.27,12890674.80,204.59,102.29
1786394362.78,6083.28,12890901.86,227.05,113.53
1786394364.79,6085.29,12891138.18,236.33,118.16
1786394366.81,6087.30,12891364.26,226.07,113.04
1786394368.82,6089.31,12891581.05,216.80,108.40
1786394370.83,6091.32,12891816.89,235.84,117.92
1786394372.84,6093.34,12891944.34,127.44,63.72
1786394375.33,6095.82,12892150.88,206.54,103.27
1786394377.34,6097.83,12892369.63,218.75,109.38
1786394379.35,6099.84,12892585.45,215.82,107.91
1786394381.36,6101.85,12892793.46,208.01,104.00
1786394383.37,6103.86,12893027.83,234.38,117.19
1786394385.38,6105.87,12893263.18,235.35,117.68
1786394387.39,6107.89,12893491.21,228.03,114.01
1786394389.40,6109.90,12893706.54,215.33,107.67
1786394391.41,6111.91,12893943.85,237.30,118.65
1786394393.42,6113.92,12894021.00,77.15,38.57
1786394395.89,6116.38,12894208.50,187.50,93.75
1786394397.90,6118.40,12894443.85,235.35,117.68
1786394399.91,6120.41,12894679.69,235.84,117.92
1786394401.92,6122.42,12894887.70,208.01,104.00
1786394403.93,6124.43,12895123.05,235.35,117.68
1786394405.95,6126.44,12895360.84,237.79,118.90
1786394407.96,6128.45,12895594.73,233.89,116.94
1786394409.98,6130.47,12895796.39,201.66,100.83
1786394411.99,6132.48,12895982.42,186.04,93.02
1786394414.00,6134.49,12896105.96,123.54,61.77
1786394416.01,6136.50,12896267.09,161.13,80.57
1786394418.39,6138.89,12896493.65,226.56,113.28
1786394420.56,6141.06,12896729.49,235.84,117.92
1786394422.57,6143.07,12896954.10,224.61,112.30
1786394424.58,6145.08,12897164.06,209.96,104.98
1786394426.59,6147.09,12897393.55,229.49,114.75
1786394428.60,6149.10,12897607.42,213.87,106.93
1786394430.62,6151.11,12897815.92,208.50,104.25
1786394432.62,6153.12,12898014.65,198.73,99.37
1786394434.63,6155.13,12898107.42,92.77,46.39
1786394436.65,6157.14,12898344.24,236.82,118.41
1786394438.66,6159.15,12898580.08,235.84,117.92
1786394440.67,6161.16,12898787.60,207.52,103.76
1786394442.68,6163.17,12899018.55,230.96,115.48
1786394444.69,6165.18,12899202.64,184.08,92.04
1786394446.70,6167.19,12899426.76,224.12,112.06
1786394448.71,6169.20,12899639.16,212.40,106.20
1786394450.72,6171.21,12899875.00,235.84,117.92
1786394452.73,6173.22,12900084.96,209.96,104.98
1786394454.87,6175.36,12900242.19,157.23,78.61
1786394456.88,6177.38,12900470.21,228.03,114.01
1786394458.89,6179.38,12900662.11,191.89,95.95
1786394460.90,6181.39,12900877.44,215.33,107.67
1786394462.91,6183.40,12901092.29,214.84,107.42
1786394464.92,6185.42,12901328.12,235.84,117.92
1786394466.93,6187.43,12901563.96,235.84,117.92
1786394468.94,6189.44,12901772.95,208.98,104.49
1786394470.95,6191.45,12902009.28,236.33,118.16
1786394472.96,6193.46,12902125.49,116.21,58.11
1786394475.01,6195.50,12902273.44,147.95,73.97
1786394477.02,6197.51,12902518.07,244.63,122.31
1786394479.03,6199.52,12902752.93,234.86,117.43
1786394481.04,6201.54,12902988.77,235.84,117.92
1786394483.05,6203.55,12903227.54,238.77,119.38
1786394485.06,6205.56,12903462.89,235.35,117.68
1786394487.08,6207.58,12903663.09,200.20,100.10
1786394489.09,6209.59,12903848.14,185.06,92.53
1786394491.10,6211.60,12904083.01,234.86,117.43
1786394493.11,6213.61,12904179.69,96.68,48.34
1786394495.21,6215.71,12904384.77,205.08,102.54
1786394497.30,6217.79,12904594.73,209.96,104.98
1786394499.31,6219.80,12904794.43,199.71,99.85
1786394501.32,6221.81,12905030.76,236.33,118.16
1786394503.33,6223.82,12905260.74,229.98,114.99
1786394505.34,6225.83,12905452.64,191.89,95.95
1786394507.35,6227.84,12905662.11,209.47,104.74
1786394509.35,6229.85,12905886.72,224.61,112.30
1786394511.36,6231.86,12906105.96,219.24,109.62
1786394513.37,6233.87,12906239.26,133.30,66.65
1786394515.63,6236.13,12906557.62,318.36,159.18
1786394517.69,6238.19,12906779.30,221.68,110.84
1786394519.79,6240.29,12906990.23,210.94,105.47
1786394521.80,6242.30,12907190.43,200.20,100.10
1786394523.81,6244.31,12907426.27,235.84,117.92
1786394525.82,6246.32,12907647.46,221.19,110.60
1786394527.83,6248.32,12907869.63,222.17,111.08
1786394529.84,6250.33,12908098.14,228.52,114.26
1786394531.85,6252.34,12908240.23,142.09,71.04
1786394533.91,6254.41,12908440.92,200.68,100.34
1786394535.93,6256.43,12908635.74,194.82,97.41
1786394537.94,6258.44,12908844.73,208.98,104.49
1786394539.96,6260.45,12909080.57,235.84,117.92
1786394541.97,6262.46,12909316.41,235.84,117.92
1786394543.98,6264.47,12909523.93,207.52,103.76
1786394545.99,6266.48,12909762.21,238.28,119.14
1786394548.17,6268.67,12909998.05,235.84,117.92
1786394550.18,6270.68,12910234.38,236.33,118.16
1786394552.19,6272.69,12910327.64,93.26,46.63
1786394554.25,6274.75,12910531.25,203.61,101.81
1786394556.26,6276.76,12910739.75,208.50,104.25
1786394558.27,6278.77,12910975.59,235.84,117.92
1786394560.28,6280.77,12911183.11,207.52,103.76
1786394562.29,6282.79,12911412.60,229.49,114.75
1786394564.30,6284.80,12911608.40,195.80,97.90
1786394566.31,6286.80,12911812.01,203.61,101.81
1786394568.32,6288.81,12912035.64,223.63,111.82
1786394570.33,6290.83,12912306.15,270.51,135.25
1786394572.53,6293.03,12912423.83,117.68,58.84
1786394574.55,6295.05,12912615.72,191.89,95.95
1786394576.56,6297.06,12912853.52,237.79,118.90
1786394578.57,6299.06,12913061.52,208.01,104.00
1786394580.58,6301.08,12913296.88,235.35,117.68
1786394582.59,6303.09,12913532.71,235.84,117.92
1786394584.61,6305.10,12913768.07,235.35,117.68
1786394586.61,6307.11,12913975.59,207.52,103.76
1786394588.62,6309.12,12914189.94,214.36,107.18
1786394590.63,6311.13,12914339.36,149.41,74.71
1786394592.71,6313.20,12914479.49,140.14,70.07
1786394594.72,6315.21,12914714.84,235.35,117.68
1786394596.73,6317.22,12914950.68,235.84,117.92
1786394598.74,6319.24,12915186.52,235.84,117.92
1786394600.75,6321.24,12915368.16,181.64,90.82
1786394602.76,6323.25,12915571.29,203.12,101.56
1786394604.77,6325.27,12915807.62,236.33,118.16
1786394606.78,6327.28,12916021.48,213.87,106.93
1786394608.79,6329.29,12916251.95,230.47,115.23
1786394610.80,6331.29,12916380.86,128.91,64.45
1786394612.87,6333.37,12916552.73,171.88,85.94
1786394614.88,6335.37,12916762.21,209.47,104.74
1786394616.89,6337.38,12916979.49,217.29,108.64
1786394618.90,6339.39,12917175.29,195.80,97.90
1786394620.91,6341.40,12917375.00,199.71,99.85
1786394622.92,6343.41,12917614.26,239.26,119.63
1786394624.93,6345.42,12917850.10,235.84,117.92
1786394626.94,6347.43,12918005.37,155.27,77.64
1786394629.03,6349.52,12918114.75,109.38,54.69
1786394631.04,6351.54,12918342.29,227.54,113.77
1786394633.05,6353.55,12918557.62,215.33,107.67
1786394635.06,6355.56,12918793.46,235.84,117.92
1786394637.07,6357.57,12919029.30,235.84,117.92
1786394639.08,6359.58,12919245.12,215.82,107.91
1786394641.09,6361.59,12919475.59,230.47,115.23
1786394643.10,6363.60,12919762.70,287.11,143.55
1786394645.11,6365.61,12919969.24,206.54,103.27
1786394647.12,6367.62,12920072.27,103.03,51.51
1786394649.41,6369.91,12920270.51,198.24,99.12
1786394651.43,6371.92,12920506.35,235.84,117.92
1786394653.44,6373.93,12920742.19,235.84,117.92
1786394655.45,6375.94,12920975.10,232.91,116.46
1786394657.48,6377.98,12921157.71,182.62,91.31
1786394659.49,6379.99,12921369.63,211.91,105.96
1786394661.50,6382.00,12921601.56,231.93,115.97
1786394663.51,6384.01,12921895.51,293.95,146.97
1786394665.52,6386.02,12922051.27,155.76,77.88
1786394667.59,6388.09,12922209.96,158.69,79.35
1786394669.61,6390.11,12922388.67,178.71,89.36
1786394671.63,6392.12,12922624.51,235.84,117.92
1786394673.64,6394.13,12922860.35,235.84,117.92
1786394675.65,6396.14,12923071.78,211.43,105.71
1786394677.66,6398.15,12923303.22,231.45,115.72
1786394679.67,6400.16,12923539.06,235.84,117.92
1786394681.68,6402.17,12923761.72,222.66,111.33
1786394683.74,6404.23,12923947.27,185.55,92.77
1786394685.74,6406.24,12924113.28,166.02,83.01
1786394687.84,6408.33,12924277.34,164.06,82.03
1786394689.85,6410.35,12924470.70,193.36,96.68
1786394692.10,6412.59,12924682.13,211.43,105.71
1786394694.11,6414.60,12924917.48,235.35,117.68
1786394696.11,6416.61,12925106.45,188.96,94.48
1786394698.12,6418.62,12925341.31,234.86,117.43
1786394700.14,6420.63,12925581.05,239.75,119.87
1786394702.15,6422.64,12925788.57,207.52,103.76
1786394704.15,6424.65,12926006.84,218.26,109.13
1786394706.16,6426.66,12926146.00,139.16,69.58
1786394708.26,6428.76,12926332.52,186.52,93.26
1786394710.27,6430.77,12926561.52,229.00,114.50
1786394712.28,6432.78,12926747.56,186.04,93.02
1786394714.29,6434.79,12926952.15,204.59,102.29
1786394716.30,6436.80,12927185.55,233.40,116.70
1786394718.31,6438.81,12927421.39,235.84,117.92
1786394720.32,6440.82,12927651.37,229.98,114.99
1786394722.33,6442.83,12927864.75,213.38,106.69
1786394724.34,6444.84,12928151.37,286.62,143.31
1786394726.94,6447.43,12928322.27,170.90,85.45
1786394728.95,6449.44,12928437.50,115.23,57.62
1786394730.96,6451.46,12928674.80,237.30,118.65
1786394732.97,6453.47,12928887.70,212.89,106.45
1786394734.98,6455.48,12929118.16,230.47,115.23
1786394736.99,6457.48,12929354.00,235.84,117.92
1786394739.00,6459.50,12929582.03,228.03,114.01
1786394741.04,6461.53,12929791.50,209.47,104.74
1786394743.05,6463.54,12929975.10,183.59,91.80
1786394745.06,6465.56,12930261.23,286.13,143.07
1786394747.07,6467.56,12930435.55,174.32,87.16
1786394749.08,6469.57,12930528.81,93.26,46.63
1786394751.17,6471.66,12930776.37,247.56,123.78
1786394753.34,6473.83,12930990.23,213.87,106.93
1786394755.35,6475.84,12931207.52,217.29,108.64
1786394757.36,6477.85,12931418.95,211.43,105.71
1786394759.37,6479.86,12931614.75,195.80,97.90
1786394761.38,6481.87,12931824.22,209.47,104.74
1786394763.39,6483.88,12932060.06,235.84,117.92
1786394765.40,6485.89,12932270.02,209.96,104.98
1786394767.84,6488.34,12932410.64,140.62,70.31
1786394769.85,6490.35,12932677.73,267.09,133.54
1786394771.86,6492.36,12932888.18,210.45,105.22
1786394773.87,6494.37,12933100.10,211.91,105.96
1786394775.88,6496.37,12933307.62,207.52,103.76
1786394777.89,6498.39,12933546.39,238.77,119.38
1786394779.90,6500.40,12933782.71,236.33,118.16
1786394781.91,6502.41,12934018.07,235.35,117.68
1786394783.92,6504.42,12934226.07,208.01,104.00
1786394785.94,6506.43,12934325.68,99.61,49.80
1786394788.45,6508.95,12934529.79,204.10,102.05
1786394790.46,6510.96,12934727.54,197.75,98.88
1786394792.47,6512.97,12934962.89,235.35,117.68
1786394794.48,6514.98,12935198.73,235.84,117.92
1786394796.49,6516.99,12935406.25,207.52,103.76
1786394798.50,6519.00,12935642.09,235.84,117.92
1786394800.51,6521.01,12935877.93,235.84,117.92
1786394802.52,6523.02,12936114.75,236.82,118.41
1786394804.53,6525.03,12936306.15,191.41,95.70
1786394806.59,6527.08,12936369.14,62.99,31.49
1786394808.65,6529.14,12936588.38,219.24,109.62
1786394810.66,6531.16,12936824.22,235.84,117.92
1786394812.67,6533.17,12937059.57,235.35,117.68
1786394814.68,6535.18,12937279.30,219.73,109.86
1786394816.76,6537.25,12937499.51,220.21,110.11
1786394818.76,6539.26,12937708.01,208.50,104.25
1786394820.77,6541.27,12937916.50,208.50,104.25
1786394822.79,6543.28,12938152.34,235.84,117.92
1786394824.80,6545.29,12938337.89,185.55,92.77
1786394826.92,6547.42,12938531.74,193.85,96.92
1786394828.99,6549.48,12938677.73,146.00,73.00
1786394831.00,6551.50,12938948.73,271.00,135.50
1786394833.01,6553.51,12939148.93,200.20,100.10
1786394835.02,6555.52,12939344.24,195.31,97.66
1786394837.20,6557.69,12939560.55,216.31,108.15
1786394839.21,6559.70,12939780.27,219.73,109.86
1786394841.22,6561.72,12939978.03,197.75,98.88
1786394843.23,6563.72,12940166.99,188.96,94.48
1786394845.25,6565.74,12940395.02,228.03,114.01
1786394847.26,6567.75,12940502.93,107.91,53.96
1786394849.27,6569.77,12940751.46,248.54,124.27
1786394851.28,6571.78,12940973.14,221.68,110.84
1786394853.29,6573.79,12941194.82,221.68,110.84
1786394855.30,6575.80,12941432.13,237.30,118.65
1786394857.31,6577.81,12941667.97,235.84,117.92
1786394859.33,6579.82,12941887.70,219.73,109.86
1786394861.39,6581.89,12942136.23,248.54,124.27
1786394863.42,6583.91,12942291.99,155.76,77.88
1786394865.43,6585.92,12942437.01,145.02,72.51
1786394868.60,6589.09,12942686.52,249.51,124.76
1786394870.77,6591.26,12942877.93,191.41,95.70
1786394872.78,6593.27,12943113.77,235.84,117.92
1786394874.79,6595.29,12943349.61,235.84,117.92
1786394876.80,6597.29,12943557.13,207.52,103.76
1786394878.81,6599.31,12943792.48,235.35,117.68
1786394880.82,6601.32,12944028.81,236.33,118.16
1786394882.83,6603.33,12944265.14,236.33,118.16
1786394884.84,6605.34,12944448.73,183.59,91.80
1786394886.92,6607.41,12944585.94,137.21,68.60
1786394889.02,6609.51,12944766.60,180.66,90.33
1786394891.03,6611.53,12944974.61,208.01,104.00
1786394893.04,6613.53,12945209.96,235.35,117.68
1786394895.05,6615.54,12945381.84,171.88,85.94
1786394897.06,6617.55,12945595.21,213.38,106.69
1786394899.07,6619.56,12945802.73,207.52,103.76
1786394901.08,6621.58,12946041.99,239.26,119.63
1786394903.10,6623.59,12946278.32,236.33,118.16
1786394905.26,6625.76,12946472.66,194.34,97.17
1786394907.27,6627.77,12946628.42,155.76,77.88
1786394909.28,6629.78,12946775.39,146.97,73.49
1786394911.30,6631.79,12946957.52,182.13,91.06
1786394913.31,6633.80,12947170.41,212.89,106.45
1786394915.32,6635.81,12947400.39,229.98,114.99
1786394917.33,6637.82,12947638.67,238.28,119.14
1786394919.34,6639.83,12947874.51,235.84,117.92
1786394921.35,6641.84,12948088.38,213.87,106.93
1786394923.35,6643.85,12948356.93,268.55,134.28
1786394925.37,6645.86,12948523.93,166.99,83.50
1786394927.42,6647.91,12948621.09,97.17,48.58
1786394929.43,6649.92,12948856.93,235.84,117.92
1786394931.44,6651.93,12949079.59,222.66,111.33
1786394933.45,6653.94,12949301.76,222.17,111.08
1786394935.46,6655.95,12949537.11,235.35,117.68
1786394937.47,6657.96,12949762.21,225.10,112.55
1786394939.52,6660.01,12950004.39,242.19,121.09
1786394941.54,6662.04,12950218.26,213.87,106.93
1786394943.64,6664.14,12950438.48,220.21,110.11
1786394945.65,6666.15,12950574.71,136.23,68.12
1786394947.78,6668.28,12950747.56,172.85,86.43
1786394949.79,6670.29,12950955.08,207.52,103.76
1786394951.80,6672.29,12951188.48,233.40,116.70
1786394953.82,6674.32,12951372.56,184.08,92.04
1786394955.83,6676.33,12951579.10,206.54,103.27
1786394957.95,6678.45,12951814.45,235.35,117.68
1786394959.96,6680.45,12952028.81,214.36,107.18
1786394961.97,6682.46,12952257.81,229.00,114.50
1786394963.98,6684.47,12952445.80,187.99,93.99
1786394965.98,6686.48,12952609.38,163.57,81.79
1786394968.00,6688.49,12952762.21,152.83,76.42
1786394970.01,6690.50,12952947.27,185.06,92.53
1786394972.02,6692.51,12953145.51,198.24,99.12
1786394974.03,6694.52,12953381.35,235.84,117.92
1786394976.04,6696.53,12953616.70,235.35,117.68
1786394978.05,6698.55,12953854.49,237.79,118.90
1786394980.06,6700.55,12954062.01,207.52,103.76
1786394982.07,6702.56,12954298.34,236.33,118.16
1786394984.08,6704.57,12954426.27,127.93,63.96
1786394986.14,6706.63,12954511.23,84.96,42.48
1786394988.19,6708.69,12954680.66,169.43,84.72
1786394990.20,6710.70,12954856.45,175.78,87.89
1786394992.21,6712.71,12954901.86,45.41,22.71
1786394994.98,6715.47,12954958.50,56.64,28.32
1786394999.51,6720.01,12955055.18,96.68,48.34
1786395004.12,6724.62,12955145.51,90.33,45.17
1786395006.15,6726.64,12955184.08,38.57,19.29
1786395008.17,6728.67,12955228.03,43.95,21.97
1786395010.64,6731.14,12955291.02,62.99,31.49
1786395012.76,6733.26,12955536.13,245.12,122.56
1786395014.77,6735.26,12955743.65,207.52,103.76
1786395016.78,6737.28,12955979.49,235.84,117.92
1786395018.79,6739.28,12956197.75,218.26,109.13
1786395020.80,6741.29,12956422.36,224.61,112.30
1786395022.81,6743.30,12956658.20,235.84,117.92
1786395024.82,6745.32,12956777.83,119.63,59.81
1786395026.93,6747.42,12956958.98,181.15,90.58
1786395028.94,6749.43,12957198.24,239.26,119.63
1786395030.95,6751.44,12957433.59,235.35,117.68
1786395032.96,6753.45,12957641.60,208.01,104.00
1786395034.97,6755.46,12957876.95,235.35,117.68
1786395036.98,6757.47,12958112.79,235.84,117.92
1786395038.99,6759.49,12958338.87,226.07,113.04
1786395041.04,6761.53,12958526.37,187.50,93.75
1786395043.05,6763.54,12958734.38,208.01,104.00
1786395045.06,6765.55,12958852.05,117.68,58.84
1786395047.07,6767.56,12959095.70,243.65,121.83
1786395049.09,6769.58,12959276.86,181.15,90.58
1786395051.10,6771.59,12959480.47,203.61,101.81
1786395053.11,6773.60,12959716.31,235.84,117.92
1786395055.11,6775.61,12959923.83,207.52,103.76
1786395057.13,6777.62,12960154.30,230.47,115.23
1786395059.14,6779.63,12960349.61,195.31,97.66
1786395061.14,6781.64,12960549.32,199.71,99.85
1786395063.15,6783.65,12960749.02,199.71,99.85
1786395065.28,6785.78,12960905.76,156.74,78.37
1786395067.29,6787.79,12961140.62,234.86,117.43
1786395069.30,6789.80,12961339.36,198.73,99.37
1786395071.31,6791.81,12961530.76,191.41,95.70
1786395073.32,6793.82,12961755.37,224.61,112.30
1786395075.33,6795.83,12961994.14,238.77,119.38
1786395077.35,6797.84,12962229.98,235.84,117.92
1786395079.35,6799.85,12962437.50,207.52,103.76
1786395081.36,6801.86,12962672.85,235.35,117.68
1786395083.38,6803.87,12962847.66,174.80,87.40
1786395085.41,6805.91,12962962.40,114.75,57.37
1786395087.43,6807.93,12963181.15,218.75,109.38
1786395089.45,6809.94,12963416.99,235.84,117.92
1786395091.46,6811.95,12963623.54,206.54,103.27
1786395093.47,6813.96,12963844.24,220.70,110.35
1786395095.48,6815.97,12964039.06,194.82,97.41
1786395097.49,6817.98,12964274.90,235.84,117.92
1786395099.50,6819.99,12964482.42,207.52,103.76
1786395101.51,6822.01,12964707.03,224.61,112.30
1786395103.52,6824.02,12964861.33,154.30,77.15
1786395105.53,6826.03,12965068.85,207.52,103.76
1786395107.54,6828.04,12965218.26,149.41,74.71
1786395109.55,6830.05,12965427.73,209.47,104.74
1786395111.57,6832.06,12965651.86,224.12,112.06
1786395113.57,6834.07,12965836.43,184.57,92.29
1786395115.58,6836.08,12966042.97,206.54,103.27
1786395117.60,6838.09,12966278.81,235.84,117.92
1786395119.61,6840.10,12966514.16,235.35,117.68
1786395121.62,6842.11,12966730.96,216.80,108.40
1786395123.63,6844.12,12966886.72,155.76,77.88
1786395126.40,6846.90,12967139.16,252.44,126.22
1786395128.41,6848.90,12967346.68,207.52,103.76
1786395130.42,6850.92,12967582.52,235.84,117.92
1786395132.43,6852.93,12967818.36,235.84,117.92
1786395134.44,6854.94,12968032.71,214.36,107.18
1786395136.45,6856.95,12968263.18,230.47,115.23
1786395138.46,6858.96,12968499.02,235.84,117.92
1786395140.47,6860.97,12968728.03,229.00,114.50
1786395142.51,6863.01,12968889.16,161.13,80.57
1786395144.60,6865.10,12969021.00,131.84,65.92
1786395146.74,6867.24,12969303.22,282.23,141.11
1786395148.75,6869.25,12969534.67,231.45,115.72
1786395150.79,6871.28,12969694.34,159.67,79.83
1786395152.80,6873.29,12969925.78,231.45,115.72
1786395154.81,6875.30,12970161.13,235.35,117.68
1786395156.82,6877.31,12970368.65,207.52,103.76
1786395158.83,6879.32,12970604.49,235.84,117.92
1786395160.84,6881.34,12970819.82,215.33,107.67
1786395162.85,6883.35,12970984.38,164.55,82.28
1786395164.86,6885.35,12971106.93,122.56,61.28
1786395167.34,6887.84,12971342.77,235.84,117.92
1786395169.36,6889.85,12971578.12,235.35,117.68
1786395171.36,6891.86,12971798.34,220.21,110.11
1786395173.37,6893.87,12972019.04,220.70,110.35
1786395175.38,6895.88,12972231.93,212.89,106.45
1786395177.39,6897.89,12972473.14,241.21,120.61
1786395179.41,6899.90,12972708.98,235.84,117.92
1786395181.42,6901.91,12972937.01,228.03,114.01
1786395183.43,6903.92,12973027.83,90.82,45.41
1786395185.49,6905.99,12973126.95,99.12,49.56
1786395187.51,6908.00,12973211.91,84.96,42.48
1786395189.52,6910.01,12973419.43,207.52,103.76
1786395191.53,6912.03,12973654.79,235.35,117.68
1786395193.54,6914.04,12973890.62,235.84,117.92
1786395195.55,6916.05,12974098.14,207.52,103.76
1786395197.56,6918.06,12974333.98,235.84,117.92
1786395199.57,6920.07,12974572.75,238.77,119.38
1786395201.59,6922.08,12974778.32,205.57,102.78
1786395203.60,6924.09,12975005.86,227.54,113.77
1786395205.67,6926.16,12975106.93,101.07,50.54
1786395207.68,6928.18,12975350.59,243.65,121.83
1786395209.69,6930.19,12975586.43,235.84,117.92
1786395211.70,6932.20,12975822.27,235.84,117.92
1786395213.71,6934.21,12976039.06,216.80,108.40
1786395215.72,6936.21,12976267.09,228.03,114.01
1786395217.73,6938.22,12976480.96,213.87,106.93
1786395219.74,6940.24,12976703.61,222.66,111.33
1786395221.75,6942.25,12976923.34,219.73,109.86
1786395223.76,6944.26,12977063.48,140.14,70.07
1786395225.78,6946.28,12977225.10,161.62,80.81
1786395227.79,6948.29,12977452.15,227.05,113.53
1786395229.80,6950.30,12977671.88,219.73,109.86
1786395231.81,6952.31,12977872.07,200.20,100.10
1786395233.82,6954.32,12978067.38,195.31,97.66
1786395235.83,6956.33,12978286.13,218.75,109.38
1786395237.84,6958.34,12978521.97,235.84,117.92
1786395239.85,6960.35,12978738.28,216.31,108.15
1786395241.86,6962.36,12978965.82,227.54,113.77
1786395243.87,6964.37,12979112.30,146.48,73.24
1786395245.98,6966.48,12979259.77,147.46,73.73
1786395247.99,6968.49,12979440.92,181.15,90.58
1786395250.00,6970.50,12979676.27,235.35,117.68
1786395252.01,6972.51,12979883.79,207.52,103.76
1786395254.12,6974.61,12980104.49,220.70,110.35
1786395256.13,6976.62,12980303.22,198.73,99.37
1786395258.14,6978.63,12980535.16,231.93,115.97
1786395260.15,6980.64,12980798.83,263.67,131.84
1786395262.17,6982.66,12980987.79,188.96,94.48
1786395264.18,6984.67,12981179.20,191.41,95.70
1786395266.19,6986.69,12981340.33,161.13,80.57
1786395268.31,6988.80,12981523.44,183.11,91.55
1786395270.32,6990.82,12981743.65,220.21,110.11
1786395272.33,6992.83,12981932.62,188.96,94.48
1786395274.34,6994.83,12982157.23,224.61,112.30
1786395276.35,6996.84,12982375.98,218.75,109.38
1786395278.36,6998.86,12982611.82,235.84,117.92
1786395280.37,7000.87,12982847.66,235.84,117.92
1786395282.38,7002.87,12983055.18,207.52,103.76
1786395284.39,7004.89,12983211.91,156.74,78.37
1786395287.26,7007.76,12983440.43,228.52,114.26
1786395289.27,7009.77,12983675.78,235.35,117.68
1786395291.28,7011.78,12983888.18,212.40,106.20
1786395293.29,7013.79,12984121.58,233.40,116.70
1786395295.30,7015.80,12984329.10,207.52,103.76
1786395297.31,7017.81,12984517.58,188.48,94.24
1786395299.32,7019.82,12984736.33,218.75,109.38
1786395301.33,7021.83,12984972.17,235.84,117.92
1786395303.34,7023.84,12985189.94,217.77,108.89
1786395305.35,7025.85,12985352.05,162.11,81.05
1786395307.36,7027.86,12985477.05,125.00,62.50
1786395309.37,7029.87,12985689.45,212.40,106.20
1786395311.38,7031.88,12985918.46,229.00,114.50
1786395313.39,7033.89,12986154.30,235.84,117.92
1786395315.41,7035.90,12986361.82,207.52,103.76
1786395317.42,7037.91,12986597.66,235.84,117.92
1786395319.43,7039.92,12986833.50,235.84,117.92
1786395321.44,7041.93,12986982.42,148.93,74.46
1786395323.45,7043.94,12987212.40,229.98,114.99
1786395325.49,7045.99,12987367.68,155.27,77.64
1786395327.52,7048.02,12987617.19,249.51,124.76
1786395329.53,7050.03,12987807.62,190.43,95.21
1786395331.54,7052.04,12988020.51,212.89,106.45
1786395333.55,7054.05,12988253.91,233.40,116.70
1786395335.56,7056.06,12988473.63,219.73,109.86
1786395337.57,7058.07,12988712.40,238.77,119.38
1786395339.58,7060.08,12988922.85,210.45,105.22
1786395341.59,7062.08,12989148.93,226.07,113.04
1786395343.60,7064.09,12989304.69,155.76,77.88
1786395345.71,7066.20,12989443.36,138.67,69.34
1786395347.72,7068.21,12989664.55,221.19,110.60
1786395349.73,7070.22,12989860.84,196.29,98.14
1786395351.74,7072.23,12990048.34,187.50,93.75
1786395353.75,7074.24,12990280.76,232.42,116.21
1786395355.76,7076.25,12990516.60,235.84,117.92
1786395357.77,7078.26,12990734.86,218.26,109.13
1786395359.77,7080.27,12990959.47,224.61,112.30
1786395361.79,7082.28,12991195.80,236.33,118.16
1786395363.80,7084.29,12991326.17,130.37,65.19
1786395366.40,7086.89,12991527.34,201.17,100.59
1786395368.41,7088.90,12991726.07,198.73,99.37
1786395370.42,7090.91,12991933.59,207.52,103.76
1786395372.43,7092.92,12992169.43,235.84,117.92
1786395374.44,7094.93,12992404.79,235.35,117.68
1786395376.45,7096.95,12992612.30,207.52,103.76
1786395378.46,7098.96,12992848.14,235.84,117.92
1786395380.47,7100.97,12993083.98,235.84,117.92
1786395382.49,7102.98,12993320.31,236.33,118.16
1786395384.53,7105.02,12993418.95,98.63,49.32
1786395386.54,7107.04,12993594.73,175.78,87.89
1786395388.56,7109.05,12993830.57,235.84,117.92
1786395390.57,7111.06,12994066.41,235.84,117.92
1786395392.58,7113.07,12994273.93,207.52,103.76
1786395394.58,7115.08,12994469.73,195.80,97.90
1786395396.59,7117.09,12994686.52,216.80,108.40
1786395398.60,7119.10,12994925.78,239.26,119.63
1786395400.61,7121.11,12995135.74,209.96,104.98
1786395402.62,7123.12,12995355.96,220.21,110.11
1786395404.75,7125.24,12995470.70,114.75,57.37
1786395406.85,7127.34,12995699.71,229.00,114.50
1786395408.93,7129.43,12995928.22,228.52,114.26
1786395410.94,7131.44,12996132.81,204.59,102.29
1786395412.95,7133.45,12996341.31,208.50,104.25
1786395414.96,7135.46,12996578.61,237.30,118.65
1786395416.97,7137.46,12996790.04,211.43,105.71
1786395418.98,7139.47,12997021.97,231.93,115.97
1786395420.99,7141.49,12997233.89,211.91,105.96
1786395423.00,7143.50,12997395.02,161.13,80.57
1786395425.05,7145.54,12997530.27,135.25,67.63
1786395427.06,7147.56,12997755.86,225.59,112.79
1786395429.07,7149.57,12997946.29,190.43,95.21
1786395431.08,7151.58,12998156.25,209.96,104.98
1786395433.09,7153.59,12998382.32,226.07,113.04
1786395435.10,7155.60,12998618.16,235.84,117.92
1786395437.11,7157.61,12998854.00,235.84,117.92
1786395439.12,7159.62,12999061.52,207.52,103.76
1786395441.13,7161.63,12999297.36,235.84,117.92
1786395443.14,7163.64,12999434.57,137.21,68.60
1786395445.23,7165.72,12999537.11,102.54,51.27
1786395447.24,7167.73,12999772.95,235.84,117.92
1786395449.25,7169.74,13000008.30,235.35,117.68
1786395451.26,7171.75,13000236.82,228.52,114.26
1786395453.30,7173.80,13000419.43,182.62,91.31
1786395455.31,7175.81,13000628.91,209.47,104.74
1786395457.33,7177.82,13000864.75,235.84,117.92
1786395459.34,7179.83,13001072.27,207.52,103.76
1786395461.35,7181.85,13001296.88,224.61,112.30
1786395463.36,7183.86,13001462.40,165.53,82.76
1786395465.39,7185.89,13001607.91,145.51,72.75
1786395468.00,7188.50,13001811.52,203.61,101.81
1786395470.01,7190.51,13002047.36,235.84,117.92
1786395472.02,7192.52,13002255.37,208.01,104.00
1786395474.08,7194.57,13002478.03,222.66,111.33
1786395476.09,7196.58,13002685.06,207.03,103.52
1786395478.10,7198.59,13002898.44,213.38,106.69
1786395480.11,7200.60,13003166.02,267.58,133.79
1786395482.13,7202.63,13003360.84,194.82,97.41
1786395484.15,7204.64,13003388.67,27.83,13.92
1786395486.16,7206.65,13003511.72,123.05,61.52
1786395488.17,7208.67,13003554.20,42.48,21.24
1786395490.18,7210.68,13003582.52,28.32,14.16
1786395492.19,7212.69,13003582.52,0.00,0.00
1786395494.21,7214.70,13003604.49,21.97,10.99
1786395496.28,7216.78,13003626.46,21.97,10.99
1786395498.29,7218.79,13003654.79,28.32,14.16
1786395500.30,7220.80,13003675.78,21.00,10.50
1786395502.31,7222.81,13003693.85,18.07,9.03
1786395504.32,7224.82,13003699.22,5.37,2.69
1786395506.45,7226.94,13003742.68,43.46,21.73
1786395508.46,7228.96,13003760.25,17.58,8.79
1786395510.84,7231.33,13003774.41,14.16,7.08
