timestamp_sec,elapsed_sec,total_physical_mb_written,interval_mb_written,write_rate_mbps
1786381072.85,2.01,11845344.73,19.04,9.52
1786381074.89,4.05,11845404.79,60.06,30.03
1786381076.92,6.08,11845470.21,65.43,32.71
1786381078.95,8.10,11845605.47,135.25,67.63
1786381080.97,10.13,11845726.07,120.61,60.30
1786381082.98,12.14,11845820.80,94.73,47.36
1786381085.01,14.16,11845893.55,72.75,36.38
1786381087.03,16.19,11845894.04,0.49,0.24
1786381089.05,18.21,11846067.38,173.34,86.67
1786381091.08,20.24,11846131.84,64.45,32.23
1786381093.09,22.25,11846311.52,179.69,89.84
1786381095.12,24.27,11846579.59,268.07,134.03
1786381097.14,26.30,11846580.08,0.49,0.24
1786381099.16,28.32,11846824.22,244.14,122.07
1786381101.22,30.38,11846897.95,73.73,36.87
1786381103.24,32.40,11846897.95,0.00,0.00
1786381105.26,34.42,11847007.81,109.86,54.93
1786381107.29,36.45,11847268.07,260.25,130.13
1786381109.31,38.47,11847463.87,195.80,97.90
1786381111.34,40.50,11847608.89,145.02,72.51
1786381113.37,42.52,11847642.58,33.69,16.85
1786381115.39,44.55,11847752.44,109.86,54.93
1786381117.40,46.56,11847894.53,142.09,71.04
1786381119.41,48.57,11848021.00,126.46,63.23
1786381121.43,50.59,11848195.31,174.32,87.16
1786381123.44,52.60,11848210.45,15.14,7.57
1786381125.45,54.61,11848382.81,172.36,86.18
1786381127.47,56.63,11848382.81,0.00,0.00
1786381129.49,58.65,11848455.08,72.27,36.13
1786381131.51,60.67,11848541.02,85.94,42.97
1786381133.52,62.68,11848564.45,23.44,11.72
1786381135.54,64.70,11848652.34,87.89,43.95
1786381137.57,66.73,11848753.91,101.56,50.78
1786381139.59,68.74,11849098.63,344.73,172.36
1786381141.61,70.76,11849098.63,0.00,0.00
1786381143.63,72.78,11849101.56,2.93,1.46
1786381145.64,74.80,11849101.56,0.00,0.00
1786381147.67,76.82,11849102.05,0.49,0.24
1786381149.69,78.84,11849377.44,275.39,137.70
1786381151.71,80.86,11849377.44,0.00,0.00
1786381153.72,82.88,11849516.11,138.67,69.34
1786381155.74,84.90,11849583.50,67.38,33.69
1786381157.76,86.92,11849583.50,0.00,0.00
1786381159.78,88.94,11849761.72,178.22,89.11
1786381161.80,90.96,11849938.96,177.25,88.62
1786381163.82,92.98,11849959.47,20.51,10.25
1786381165.83,94.99,11850031.25,71.78,35.89
1786381167.84,97.00,11850031.74,0.49,0.24
1786381169.87,99.03,11850355.96,324.22,162.11
1786381171.88,101.04,11850355.96,0.00,0.00
1786381173.90,103.06,11850497.07,141.11,70.56
1786381175.92,105.08,11850535.64,38.57,19.29
1786381177.93,107.09,11850599.61,63.96,31.98
1786381179.94,109.10,11850771.48,171.88,85.94
1786381181.96,111.12,11850965.82,194.34,97.17
1786381183.98,113.14,11851062.01,96.19,48.10
1786381186.25,115.41,11851148.93,86.91,43.46
1786381188.27,117.43,11851501.46,352.54,176.27
1786381190.28,119.44,11851682.62,181.15,90.58
1786381192.30,121.46,11851682.62,0.00,0.00
1786381194.32,123.47,11851969.24,286.62,143.31
1786381196.33,125.49,11852014.16,44.92,22.46
1786381198.34,127.50,11852023.44,9.28,4.64
1786381200.35,129.51,11852355.96,332.52,166.26
1786381202.37,131.52,11852356.45,0.49,0.24
1786381204.38,133.54,11852672.85,316.41,158.20
1786381206.41,135.57,11852763.18,90.33,45.17
1786381208.43,137.59,11852802.73,39.55,19.78
1786381210.44,139.60,11853070.80,268.07,134.03
1786381212.46,141.62,11853070.80,0.00,0.00
1786381214.48,143.63,11853308.11,237.30,118.65
1786381216.49,145.65,11853308.59,0.49,0.24
1786381218.61,147.77,11853403.81,95.21,47.61
1786381220.62,149.78,11853440.92,37.11,18.55
1786381222.64,151.80,11853576.17,135.25,67.63
1786381224.66,153.81,11853643.07,66.89,33.45
1786381226.66,155.82,11853782.71,139.65,69.82
1786381228.68,157.84,11853782.71,0.00,0.00
1786381230.70,159.86,11854080.57,297.85,148.93
1786381232.72,161.87,11854080.57,0.00,0.00
1786381234.75,163.91,11854080.57,0.00,0.00
1786381236.76,165.92,11854187.99,107.42,53.71
1786381238.78,167.94,11854188.48,0.49,0.24
1786381240.79,169.95,11854430.18,241.70,120.85
1786381242.81,171.97,11854584.96,154.79,77.39
1786381244.82,173.98,11854677.73,92.77,46.39
1786381246.84,176.00,11854812.01,134.28,67.14
1786381248.86,178.02,11854812.01,0.00,0.00
1786381250.88,180.03,11855156.25,344.24,172.12
1786381252.89,182.05,11855156.25,0.00,0.00
1786381254.91,184.07,11855292.48,136.23,68.12
1786381256.92,186.08,11855433.59,141.11,70.56
1786381258.94,188.09,11855433.59,0.00,0.00
1786381260.96,190.12,11855571.78,138.18,69.09
1786381262.98,192.13,11855873.05,301.27,150.63
1786381265.31,194.47,11855873.05,0.00,0.00
1786381267.33,196.49,11855873.54,0.49,0.24
1786381269.36,198.52,11856096.19,222.66,111.33
1786381271.38,200.53,11856144.53,48.34,24.17
1786381273.39,202.54,11856203.12,58.59,29.30
1786381275.41,204.56,11856471.68,268.55,134.28
1786381277.42,206.58,11856472.17,0.49,0.24
1786381279.44,208.60,11856607.91,135.74,67.87
1786381281.46,210.62,11856759.28,151.37,75.68
1786381283.50,212.66,11856780.27,21.00,10.50
1786381285.51,214.67,11856846.19,65.92,32.96
1786381287.53,216.68,11857177.25,331.05,165.53
1786381289.54,218.70,11857313.96,136.72,68.36
1786381291.93,221.09,11857313.96,0.00,0.00
1786381293.95,223.11,11857450.20,136.23,68.12
1786381295.96,225.11,11857854.49,404.30,202.15
1786381297.97,227.13,11857854.49,0.00,0.00
1786381299.99,229.15,11857995.12,140.62,70.31
1786381302.01,231.16,11858165.53,170.41,85.21
1786381304.02,233.18,11858272.95,107.42,53.71
1786381306.04,235.20,11858370.61,97.66,48.83
1786381308.15,237.31,11858370.61,0.00,0.00
1786381310.16,239.32,11858477.54,106.93,53.47
1786381312.17,241.33,11858573.24,95.70,47.85
1786381314.19,243.35,11858770.51,197.27,98.63
1786381316.20,245.36,11858896.97,126.46,63.23
1786381318.21,247.37,11858896.97,0.00,0.00
1786381320.23,249.38,11858959.47,62.50,31.25
1786381322.24,251.40,11858959.47,0.00,0.00
1786381324.26,253.41,11859062.50,103.03,51.51
1786381326.27,255.43,11859062.50,0.00,0.00
1786381328.29,257.44,11859062.99,0.49,0.24
1786381330.30,259.46,11859130.86,67.87,33.94
1786381332.32,261.48,11859267.58,136.72,68.36
1786381334.34,263.50,11859267.58,0.00,0.00
1786381336.36,265.51,11859496.09,228.52,114.26
1786381338.38,267.54,11859496.58,0.49,0.24
1786381340.40,269.55,11859741.70,245.12,122.56
1786381342.42,271.57,11859942.38,200.68,100.34
1786381344.44,273.60,11860006.84,64.45,32.23
1786381346.46,275.62,11860074.71,67.87,33.94
1786381348.48,277.64,11860074.71,0.00,0.00
1786381350.49,279.65,11860206.54,131.84,65.92
1786381352.51,281.67,11860477.54,271.00,135.50
1786381354.53,283.69,11860587.89,110.35,55.18
1786381356.54,285.70,11860610.35,22.46,11.23
1786381358.56,287.72,11860610.35,0.00,0.00
1786381360.58,289.74,11860843.75,233.40,116.70
1786381362.60,291.75,11860843.75,0.00,0.00
1786381364.61,293.77,11861108.40,264.65,132.32
1786381366.63,295.79,11861130.37,21.97,10.99
1786381368.64,297.80,11861130.37,0.00,0.00
1786381370.66,299.82,11861539.06,408.69,204.35
1786381372.68,301.84,11861539.55,0.49,0.24
1786381374.70,303.86,11861712.40,172.85,86.43
1786381376.72,305.88,11861712.40,0.00,0.00
1786381378.73,307.89,11861733.40,21.00,10.50
1786381380.75,309.90,11861856.45,123.05,61.52
1786381382.76,311.92,11861996.09,139.65,69.82
1786381384.78,313.94,11862324.22,328.12,164.06
1786381386.79,315.95,11862377.93,53.71,26.86
1786381388.81,317.97,11862427.73,49.80,24.90
1786381390.83,319.99,11862479.00,51.27,25.63
1786381392.85,322.01,11862592.77,113.77,56.88
1786381394.86,324.02,11862921.88,329.10,164.55
1786381396.88,326.04,11862922.36,0.49,0.24
1786381398.91,328.07,11862922.85,0.49,0.24
1786381401.00,330.16,11862927.73,4.88,2.44
1786381403.02,332.18,11862936.04,8.30,4.15
1786381405.03,334.19,11863175.29,239.26,119.63
1786381407.05,336.21,11863270.51,95.21,47.61
1786381409.06,338.22,11863407.71,137.21,68.60
1786381411.07,340.23,11863439.45,31.74,15.87
1786381413.11,342.26,11863945.31,505.86,252.93
1786381415.12,344.28,11864013.18,67.87,33.94
1786381417.13,346.29,11864292.97,279.79,139.89
1786381419.15,348.31,11864325.68,32.71,16.36
1786381421.17,350.33,11864734.86,409.18,204.59
1786381423.19,352.34,11864734.86,0.00,0.00
1786381425.20,354.36,11864995.12,260.25,130.13
1786381427.21,356.37,11864995.61,0.49,0.24
1786381429.28,358.44,11865040.53,44.92,22.46
1786381431.29,360.45,11865101.07,60.55,30.27
1786381433.31,362.47,11865162.60,61.52,30.76
1786381435.32,364.48,11865184.57,21.97,10.99
1786381437.44,366.60,11865227.05,42.48,21.24
1786381439.46,368.62,11865343.26,116.21,58.11
1786381441.49,370.65,11865367.19,23.93,11.96
1786381443.51,372.67,11865568.36,201.17,100.59
1786381445.52,374.68,11865568.36,0.00,0.00
1786381447.54,376.69,11865568.85,0.49,0.24
1786381449.57,378.73,11865665.04,96.19,48.10
1786381451.59,380.75,11865828.61,163.57,81.79
1786381453.62,382.78,11865888.67,60.06,30.03
1786381455.64,384.80,11866007.32,118.65,59.33
1786381457.66,386.82,11866007.32,0.00,0.00
1786381459.69,388.84,11866305.18,297.85,148.93
1786381461.70,390.86,11866333.98,28.81,14.40
1786381463.72,392.88,11866354.98,21.00,10.50
1786381465.74,394.90,11866466.31,111.33,55.66
1786381467.76,396.92,11866466.31,0.00,0.00
1786381469.78,398.94,11866642.58,176.27,88.13
1786381471.80,400.95,11866780.76,138.18,69.09
1786381473.82,402.98,11866813.48,32.71,16.36
1786381475.84,405.00,11867293.95,480.47,240.23
1786381477.85,407.01,11867354.98,61.04,30.52
1786381479.87,409.03,11867497.56,142.58,71.29
1786381481.89,411.05,11867698.73,201.17,100.59
1786381484.27,413.43,11867794.43,95.70,47.85
1786381486.28,415.44,11867933.11,138.67,69.34
1786381488.29,417.45,11867933.11,0.00,0.00
1786381490.31,419.47,11868147.95,214.84,107.42
1786381492.32,421.48,11868373.05,225.10,112.55
1786381494.33,423.49,11868399.41,26.37,13.18
1786381496.35,425.51,11868545.41,146.00,73.00
1786381498.36,427.52,11868545.41,0.00,0.00
1786381500.38,429.53,11868717.29,171.88,85.94
1786381502.39,431.55,11868982.91,265.62,132.81
1786381504.40,433.56,11869015.62,32.71,16.36
1786381506.42,435.58,11869215.33,199.71,99.85
1786381508.43,437.59,11869215.33,0.00,0.00
1786381510.45,439.61,11869353.52,138.18,69.09
1786381512.47,441.62,11869353.52,0.00,0.00
1786381514.48,443.64,11869431.15,77.64,38.82
1786381516.50,445.65,11869431.15,0.00,0.00
1786381518.51,447.67,11869431.15,0.00,0.00
1786381520.53,449.69,11869671.88,240.72,120.36
1786381522.54,451.70,11869671.88,0.00,0.00
1786381524.61,453.77,11869733.89,62.01,31.01
1786381526.62,455.78,11869979.00,245.12,122.56
1786381528.63,457.79,11869979.00,0.00,0.00
1786381530.64,459.80,11870314.45,335.45,167.72
1786381532.66,461.82,11870314.94,0.49,0.24
1786381534.67,463.83,11870314.94,0.00,0.00
1786381536.69,465.84,11870542.97,228.03,114.01
1786381538.70,467.86,11870542.97,0.00,0.00
1786381540.72,469.88,11870679.20,136.23,68.12
1786381542.74,471.90,11870914.55,235.35,117.68
1786381544.75,473.90,11871045.90,131.35,65.67
1786381546.76,475.92,11871350.59,304.69,152.34
1786381548.78,477.94,11871350.59,0.00,0.00
1786381550.80,479.96,11871525.88,175.29,87.65
1786381552.82,481.98,11871754.39,228.52,114.26
1786381554.83,483.99,11871776.86,22.46,11.23
1786381556.85,486.01,11871981.93,205.08,102.54
1786381558.89,488.05,11871981.93,0.00,0.00
1786381560.91,490.07,11872147.46,165.53,82.76
1786381562.93,492.09,11872354.49,207.03,103.52
1786381564.95,494.11,11872405.27,50.78,25.39
1786381566.96,496.12,11872569.82,164.55,82.28
1786381568.98,498.14,11872637.70,67.87,33.94
1786381570.99,500.15,11872972.66,334.96,167.48
1786381573.01,502.17,11872972.66,0.00,0.00
1786381575.02,504.18,11873104.49,131.84,65.92
1786381577.04,506.20,11873104.98,0.49,0.24
1786381579.06,508.22,11873241.70,136.72,68.36
1786381581.08,510.24,11873312.01,70.31,35.16
1786381583.09,512.25,11873376.46,64.45,32.23
1786381585.11,514.26,11873654.30,277.83,138.92
1786381587.12,516.28,11873673.34,19.04,9.52
1786381589.14,518.30,11873881.35,208.01,104.00
1786381591.16,520.31,11873902.83,21.48,10.74
1786381593.17,522.32,11873967.77,64.94,32.47
1786381595.19,524.34,11874365.23,397.46,198.73
1786381597.20,526.36,11874365.23,0.00,0.00
1786381599.22,528.37,11874628.91,263.67,131.84
1786381601.22,530.38,11874698.24,69.34,34.67
1786381603.25,532.40,11874698.24,0.00,0.00
1786381605.27,534.43,11874869.63,171.39,85.69
1786381607.29,536.45,11874870.12,0.49,0.24
1786381609.31,538.47,11875139.65,269.53,134.77
1786381611.33,540.48,11875172.36,32.71,16.36
1786381613.34,542.50,11875172.36,0.00,0.00
1786381615.35,544.51,11875404.30,231.93,115.97
1786381617.37,546.53,11875404.30,0.00,0.00
1786381619.40,548.55,11875628.42,224.12,112.06
1786381621.41,550.57,11875783.20,154.79,77.39
1786381623.43,552.59,11875815.43,32.23,16.11
1786381625.46,554.62,11876024.41,208.98,104.49
1786381627.48,556.63,11876024.90,0.49,0.24
1786381629.50,558.66,11876230.47,205.57,102.78
1786381631.51,560.67,11876364.75,134.28,67.14
1786381633.53,562.69,11876364.75,0.00,0.00
1786381635.61,564.77,11876526.86,162.11,81.05
1786381637.63,566.79,11876541.99,15.14,7.57
1786381639.65,568.80,11876718.26,176.27,88.13
1786381641.66,570.82,11876800.29,82.03,41.02
1786381643.68,572.83,11876885.25,84.96,42.48
1786381645.69,574.85,11877095.70,210.45,105.22
1786381647.70,576.86,11877095.70,0.00,0.00
1786381649.72,578.88,11877292.48,196.78,98.39
1786381651.73,580.89,11877344.73,52.25,26.12
1786381653.75,582.91,11877415.04,70.31,35.16
1786381655.77,584.92,11877626.46,211.43,105.71
1786381657.78,586.94,11877626.95,0.49,0.24
1786381659.80,588.96,11877916.99,290.04,145.02
1786381661.81,590.97,11877932.13,15.14,7.57
1786381663.82,592.98,11877944.34,12.21,6.10
1786381665.84,595.00,11878105.47,161.13,80.57
1786381667.85,597.01,11878105.47,0.00,0.00
1786381669.87,599.03,11878271.48,166.02,83.01
1786381671.89,601.05,11878372.07,100.59,50.29
1786381673.91,603.06,11878414.55,42.48,21.24
1786381675.92,605.08,11878546.88,132.32,66.16
1786381677.94,607.10,11878547.36,0.49,0.24
1786381679.96,609.11,11878854.00,306.64,153.32
1786381681.97,611.13,11878854.00,0.00,0.00
1786381683.99,613.15,11878904.79,50.78,25.39
1786381686.00,615.16,11879067.87,163.09,81.54
1786381688.21,617.36,11879067.87,0.00,0.00
1786381690.23,619.39,11879152.34,84.47,42.24
1786381692.25,621.40,11879323.24,170.90,85.45
1786381694.26,623.42,11879412.11,88.87,44.43
1786381696.28,625.44,11879412.11,0.00,0.00
1786381698.30,627.46,11879496.09,83.98,41.99
1786381700.33,629.48,11879609.38,113.28,56.64
1786381702.35,631.50,11879767.09,157.71,78.86
1786381704.40,633.56,11879772.95,5.86,2.93
1786381706.41,635.57,11879911.62,138.67,69.34
1786381708.44,637.60,11880019.04,107.42,53.71
1786381710.45,639.61,11880130.37,111.33,55.66
1786381712.47,641.63,11880130.37,0.00,0.00
1786381714.48,643.64,11880397.46,267.09,133.54
1786381716.50,645.65,11880397.46,0.00,0.00
1786381718.51,647.67,11880531.74,134.28,67.14
1786381720.53,649.68,11880704.10,172.36,86.18
1786381722.54,651.70,11880704.10,0.00,0.00
1786381724.56,653.72,11880899.41,195.31,97.66
1786381726.58,655.73,11881057.13,157.71,78.86
1786381728.59,657.75,11881182.13,125.00,62.50
1786381730.61,659.77,11881275.88,93.75,46.88
1786381732.62,661.78,11881275.88,0.00,0.00
1786381734.64,663.80,11881467.77,191.89,95.95
1786381736.66,665.82,11881643.55,175.78,87.89
1786381738.69,667.84,11881780.27,136.72,68.36
1786381740.69,669.85,11881912.60,132.32,66.16
1786381742.71,671.87,11881915.53,2.93,1.46
1786381744.73,673.89,11881915.53,0.00,0.00
1786381746.75,675.91,11882056.64,141.11,70.56
1786381748.77,677.93,11882056.64,0.00,0.00
1786381750.79,679.95,11882323.73,267.09,133.54
1786381752.81,681.97,11882323.73,0.00,0.00
1786381754.83,683.99,11882599.61,275.88,137.94
1786381757.04,686.20,11882600.10,0.49,0.24
1786381759.06,688.22,11882671.39,71.29,35.64
1786381761.08,690.24,11882770.02,98.63,49.32
1786381763.10,692.26,11882906.25,136.23,68.12
1786381765.12,694.27,11883156.74,250.49,125.24
1786381767.13,696.29,11883159.67,2.93,1.46
1786381769.15,698.31,11883258.79,99.12,49.56
1786381771.16,700.32,11883666.99,408.20,204.10
1786381773.18,702.34,11883666.99,0.00,0.00
1786381775.20,704.36,11883789.55,122.56,61.28
1786381777.21,706.37,11883790.04,0.49,0.24
1786381779.23,708.39,11883897.95,107.91,53.96
1786381781.25,710.41,11883982.42,84.47,42.24
1786381783.27,712.43,11884154.79,172.36,86.18
1786381785.28,714.44,11884427.73,272.95,136.47
1786381787.30,716.46,11884427.73,0.00,0.00
1786381789.32,718.48,11884567.87,140.14,70.07
1786381791.33,720.49,11884584.96,17.09,8.54
1786381793.35,722.50,11884751.95,166.99,83.50
1786381795.37,724.52,11884880.37,128.42,64.21
1786381797.38,726.54,11884880.37,0.00,0.00
1786381799.40,728.56,11885030.27,149.90,74.95
1786381801.41,730.57,11885048.83,18.55,9.28
1786381803.43,732.59,11885250.98,202.15,101.07
1786381805.44,734.60,11885520.51,269.53,134.77
1786381807.46,736.62,11885521.00,0.49,0.24
1786381809.47,738.63,11885697.27,176.27,88.13
1786381811.49,740.65,11885715.33,18.07,9.03
1786381813.50,742.66,11886033.69,318.36,159.18
1786381815.53,744.69,11886097.66,63.96,31.98
1786381817.55,746.70,11886097.66,0.00,0.00
1786381819.56,748.72,11886273.93,176.27,88.13
1786381821.90,751.06,11886273.93,0.00,0.00
1786381823.91,753.07,11886273.93,0.00,0.00
1786381825.94,755.10,11886349.61,75.68,37.84
1786381827.95,757.11,11886350.10,0.49,0.24
1786381829.97,759.13,11886491.70,141.60,70.80
1786381831.98,761.14,11886514.65,22.95,11.47
1786381834.00,763.16,11886564.45,49.80,24.90
1786381836.02,765.18,11886733.40,168.95,84.47
1786381838.11,767.27,11886733.40,0.00,0.00
1786381840.13,769.29,11886937.01,203.61,101.81
1786381842.14,771.30,11886937.01,0.00,0.00
1786381844.15,773.31,11887007.81,70.80,35.40
1786381846.17,775.33,11887189.45,181.64,90.82
1786381848.19,777.34,11887451.66,262.21,131.10
1786381850.33,779.49,11887506.84,55.18,27.59
1786381852.36,781.51,11887554.20,47.36,23.68
1786381854.37,783.53,11887554.20,0.00,0.00
1786381856.39,785.54,11887731.45,177.25,88.62
1786381858.40,787.56,11887834.47,103.03,51.51
1786381860.41,789.57,11888062.99,228.52,114.26
1786381862.44,791.59,11888169.43,106.45,53.22
1786381864.45,793.61,11888169.43,0.00,0.00
1786381866.46,795.62,11888307.13,137.70,68.85
1786381868.49,797.64,11888307.13,0.00,0.00
1786381870.50,799.66,11888478.52,171.39,85.69
1786381872.52,801.68,11888672.36,193.85,96.92
1786381874.53,803.69,11888747.07,74.71,37.35
1786381876.55,805.70,11888811.52,64.45,32.23
1786381878.56,807.72,11888811.52,0.00,0.00
1786381880.58,809.73,11888811.52,0.00,0.00
1786381882.61,811.76,11889066.89,255.37,127.69
1786381884.62,813.78,11889066.89,0.00,0.00
1786381886.63,815.79,11889312.99,246.09,123.05
1786381888.66,817.81,11889434.57,121.58,60.79
1786381890.67,819.83,11889434.57,0.00,0.00
1786381892.69,821.84,11889571.29,136.72,68.36
1786381894.70,823.86,11889840.82,269.53,134.77
1786381896.72,825.88,11889840.82,0.00,0.00
1786381898.73,827.89,11890018.07,177.25,88.62
1786381900.75,829.91,11890018.07,0.00,0.00
1786381902.77,831.92,11890140.14,122.07,61.04
1786381904.78,833.94,11890387.70,247.56,123.78
1786381906.80,835.96,11890387.70,0.00,0.00
1786381908.82,837.97,11890616.21,228.52,114.26
1786381910.87,840.03,11890655.27,39.06,19.53
1786381912.88,842.04,11890745.12,89.84,44.92
1786381914.90,844.06,11890910.16,165.04,82.52
1786381916.91,846.07,11890910.16,0.00,0.00
1786381918.93,848.09,11891163.57,253.42,126.71
1786381920.94,850.10,11891353.03,189.45,94.73
1786381922.96,852.12,11891540.53,187.50,93.75
1786381924.97,854.13,11891540.53,0.00,0.00
1786381926.99,856.15,11891541.02,0.49,0.24
1786381929.09,858.25,11891588.38,47.36,23.68
1786381931.12,860.27,11892021.97,433.59,216.80
1786381933.13,862.29,11892021.97,0.00,0.00
1786381935.24,864.39,11892090.82,68.85,34.42
1786381937.26,866.42,11892227.05,136.23,68.12
1786381939.29,868.45,11892332.52,105.47,52.73
1786381941.30,870.46,11892403.81,71.29,35.64
1786381943.32,872.48,11892820.31,416.50,208.25
1786381945.34,874.50,11892921.39,101.07,50.54
1786381947.36,876.51,11892953.61,32.23,16.11
1786381949.37,878.53,11893059.57,105.96,52.98
1786381951.38,880.54,11893074.71,15.14,7.57
1786381953.40,882.56,11893196.29,121.58,60.79
1786381955.41,884.57,11893362.79,166.50,83.25
1786381957.43,886.59,11893363.28,0.49,0.24
1786381959.45,888.60,11893488.77,125.49,62.74
1786381961.46,890.62,11893606.45,117.68,58.84
1786381963.48,892.63,11893856.93,250.49,125.24
1786381965.49,894.65,11894029.30,172.36,86.18
1786381967.51,896.67,11894029.30,0.00,0.00
1786381969.52,898.68,11894122.56,93.26,46.63
1786381971.54,900.69,11894189.45,66.89,33.45
1786381973.54,902.70,11894295.41,105.96,52.98
1786381975.56,904.72,11894420.90,125.49,62.74
1786381977.62,906.78,11894561.52,140.62,70.31
1786381979.63,908.79,11894697.75,136.23,68.12
1786381981.65,910.81,11894750.49,52.73,26.37
1786381983.68,912.84,11894869.14,118.65,59.33
1786381985.70,914.85,11895007.81,138.67,69.34
1786381987.71,916.87,11895008.30,0.49,0.24
1786381989.73,918.88,11895213.38,205.08,102.54
1786381992.00,921.16,11895297.36,83.98,41.99
1786381994.06,923.22,11895304.69,7.32,3.66
1786381996.08,925.24,11895446.78,142.09,71.04
1786381998.20,927.36,11895446.78,0.00,0.00
1786382000.22,929.38,11895589.36,142.58,71.29
1786382002.24,931.39,11895729.00,139.65,69.82
1786382004.26,933.41,11895801.76,72.75,36.38
1786382006.27,935.43,11895957.03,155.27,77.64
1786382008.28,937.44,11895957.03,0.00,0.00
1786382010.30,939.46,11896098.63,141.60,70.80
1786382012.31,941.47,11896339.84,241.21,120.61
1786382014.34,943.50,11896372.07,32.23,16.11
1786382016.35,945.51,11896499.51,127.44,63.72
1786382018.37,947.52,11896500.00,0.49,0.24
1786382020.38,949.54,11896630.86,130.86,65.43
1786382022.40,951.55,11896881.35,250.49,125.24
1786382024.42,953.57,11896898.93,17.58,8.79
1786382026.43,955.59,11897273.44,374.51,187.26
1786382028.45,957.60,11897273.44,0.00,0.00
1786382030.46,959.62,11897404.30,130.86,65.43
1786382032.47,961.63,11897680.66,276.37,138.18
1786382034.49,963.65,11897848.14,167.48,83.74
1786382036.50,965.66,11897988.77,140.62,70.31
1786382038.52,967.68,11897988.77,0.00,0.00
1786382040.53,969.69,11898156.25,167.48,83.74
1786382042.54,971.70,11898419.43,263.18,131.59
1786382044.56,973.71,11898429.69,10.25,5.13
1786382046.64,975.80,11898429.69,0.00,0.00
1786382048.70,977.86,11898430.18,0.49,0.24
1786382050.71,979.87,11898695.80,265.62,132.81
1786382052.73,981.88,11898696.29,0.49,0.24
1786382054.74,983.90,11898839.84,143.55,71.78
1786382056.75,985.91,11898920.41,80.57,40.28
1786382058.77,987.93,11898920.41,0.00,0.00
1786382060.78,989.94,11899093.75,173.34,86.67
1786382062.80,991.96,11899219.73,125.98,62.99
1786382064.82,993.97,11899286.13,66.41,33.20
1786382066.83,995.99,11899294.43,8.30,4.15
1786382068.85,998.01,11899294.43,0.00,0.00
1786382070.87,1000.03,11899536.62,242.19,121.09
1786382072.89,1002.05,11899638.67,102.05,51.03
1786382074.90,1004.06,11899764.65,125.98,62.99
1786382076.92,1006.08,11899842.77,78.12,39.06
1786382078.94,1008.09,11899842.77,0.00,0.00
1786382080.95,1010.11,11899965.33,122.56,61.28
1786382082.97,1012.13,11900201.17,235.84,117.92
1786382084.99,1014.15,11900315.43,114.26,57.13
1786382087.00,1016.16,11900338.87,23.44,11.72
1786382089.02,1018.18,11900339.36,0.49,0.24
1786382091.04,1020.19,11900471.19,131.84,65.92
1786382093.05,1022.21,11900628.42,157.23,78.61
1786382095.06,1024.22,11900815.43,187.01,93.51
1786382097.09,1026.25,11900882.81,67.38,33.69
1786382099.11,1028.27,11900882.81,0.00,0.00
1786382101.13,1030.29,11900984.38,101.56,50.78
1786382103.15,1032.31,11901175.78,191.41,95.70
1786382105.17,1034.33,11901395.02,219.24,109.62
1786382107.18,1036.34,11901438.96,43.95,21.97
1786382109.20,1038.36,11901438.96,0.00,0.00
1786382111.22,1040.38,11901679.69,240.72,120.36
1786382113.24,1042.39,11901783.69,104.00,52.00
1786382115.25,1044.41,11901990.23,206.54,103.27
1786382117.27,1046.42,11902018.55,28.32,14.16
1786382119.28,1048.44,11902021.97,3.42,1.71
1786382121.29,1050.45,11902216.31,194.34,97.17
1786382123.31,1052.46,11902216.31,0.00,0.00
1786382125.32,1054.48,11902488.28,271.97,135.99
1786382127.34,1056.50,11902536.13,47.85,23.93
1786382129.35,1058.51,11902536.13,0.00,0.00
1786382131.37,1060.52,11902744.14,208.01,104.00
1786382133.38,1062.54,11902807.62,63.48,31.74
1786382135.40,1064.56,11902918.95,111.33,55.66
1786382137.41,1066.57,11903069.82,150.88,75.44
1786382139.42,1068.58,11903069.82,0.00,0.00
1786382141.43,1070.59,11903286.13,216.31,108.15
1786382143.45,1072.61,11903286.13,0.00,0.00
1786382145.46,1074.62,11903487.30,201.17,100.59
1786382147.48,1076.63,11903575.20,87.89,43.95
1786382149.52,1078.68,11903616.70,41.50,20.75
1786382151.54,1080.70,11903800.78,184.08,92.04
1786382153.55,1082.71,11903992.19,191.41,95.70
1786382155.57,1084.72,11904144.53,152.34,76.17
1786382157.58,1086.74,11904187.99,43.46,21.73
1786382159.60,1088.75,11904208.01,20.02,10.01
1786382161.61,1090.76,11904495.61,287.60,143.80
1786382163.62,1092.78,11904495.61,0.00,0.00
1786382165.63,1094.79,11904700.20,204.59,102.29
1786382167.65,1096.81,11904700.68,0.49,0.24
1786382169.67,1098.82,11904783.69,83.01,41.50
1786382171.74,1100.90,11905011.72,228.03,114.01
1786382173.76,1102.92,11905011.72,0.00,0.00
1786382175.77,1104.93,11905273.93,262.21,131.10
1786382177.78,1106.94,11905274.41,0.49,0.24
1786382179.80,1108.96,11905419.43,145.02,72.51
1786382181.81,1110.97,11905721.19,301.76,150.88
1786382183.83,1112.99,11905721.19,0.00,0.00
1786382185.84,1115.00,11905895.02,173.83,86.91
1786382187.86,1117.01,11905895.02,0.00,0.00
1786382189.87,1119.03,11906066.41,171.39,85.69
1786382191.89,1121.04,11906132.81,66.41,33.20
1786382193.90,1123.06,11906331.05,198.24,99.12
1786382195.92,1125.08,11906544.43,213.38,106.69
1786382197.93,1127.09,11906544.43,0.00,0.00
1786382199.94,1129.10,11906702.15,157.71,78.86
1786382201.95,1131.11,11906753.42,51.27,25.63
1786382203.96,1133.12,11906975.59,222.17,111.08
1786382205.98,1135.14,11907034.18,58.59,29.30
1786382208.01,1137.17,11907210.45,176.27,88.13
1786382210.03,1139.18,11907345.21,134.77,67.38
1786382212.04,1141.20,11907396.97,51.76,25.88
1786382214.07,1143.23,11907517.09,120.12,60.06
1786382216.09,1145.24,11907632.81,115.72,57.86
1786382218.15,1147.31,11907632.81,0.00,0.00
1786382220.16,1149.32,11907840.82,208.01,104.00
1786382222.55,1151.71,11907947.27,106.45,53.22
1786382224.56,1153.72,11907971.68,24.41,12.21
1786382226.58,1155.74,11908406.74,435.06,217.53
1786382228.60,1157.76,11908406.74,0.00,0.00
1786382230.63,1159.78,11908496.09,89.36,44.68
1786382232.64,1161.80,11908771.97,275.88,137.94
1786382234.68,1163.84,11908859.86,87.89,43.95
1786382236.69,1165.85,11909028.81,168.95,84.47
1786382238.75,1167.91,11909098.63,69.82,34.91
1786382240.77,1169.93,11909307.13,208.50,104.25
1786382242.78,1171.94,11909307.62,0.49,0.24
1786382244.80,1173.95,11909443.36,135.74,67.87
1786382246.80,1175.96,11909555.18,111.82,55.91
1786382248.82,1177.98,11909555.18,0.00,0.00
1786382250.83,1179.99,11909743.65,188.48,94.24
1786382252.85,1182.01,11909967.77,224.12,112.06
1786382254.86,1184.02,11909978.52,10.74,5.37
1786382256.87,1186.03,11910063.96,85.45,42.72
1786382258.89,1188.05,11910063.96,0.00,0.00
1786382260.91,1190.07,11910336.91,272.95,136.47
1786382262.93,1192.08,11910336.91,0.00,0.00
1786382264.94,1194.10,11910513.67,176.76,88.38
1786382266.99,1196.15,11910667.48,153.81,76.90
1786382269.01,1198.16,11910667.97,0.49,0.24
1786382271.02,1200.18,11910860.84,192.87,96.44
1786382273.04,1202.19,11911001.46,140.62,70.31
1786382275.05,1204.21,11911138.18,136.72,68.36
1786382277.07,1206.23,11911138.18,0.00,0.00
1786382279.08,1208.24,11911138.67,0.49,0.24
1786382281.10,1210.25,11911241.70,103.03,51.51
1786382283.11,1212.27,11911608.89,367.19,183.59
1786382285.40,1214.56,11911697.27,88.38,44.19
1786382287.41,1216.57,11911782.23,84.96,42.48
1786382289.43,1218.59,11911795.90,13.67,6.84
1786382291.44,1220.60,11911978.52,182.62,91.31
1786382293.46,1222.62,11912274.41,295.90,147.95
1786382295.48,1224.64,11912373.54,99.12,49.56
1786382297.49,1226.65,11912408.20,34.67,17.33
1786382299.51,1228.66,11912413.57,5.37,2.69
1786382301.52,1230.68,11912609.38,195.80,97.90
1786382303.54,1232.70,11912783.20,173.83,86.91
1786382305.55,1234.71,11912982.91,199.71,99.85
1786382307.57,1236.72,11913007.81,24.90,12.45
1786382309.58,1238.73,11913017.09,9.28,4.64
1786382311.59,1240.75,11913188.48,171.39,85.69
1786382313.60,1242.76,11913188.96,0.49,0.24
1786382315.62,1244.78,11913259.28,70.31,35.16
1786382317.63,1246.79,11913259.28,0.00,0.00
1786382319.74,1248.89,11913321.78,62.50,31.25
1786382321.75,1250.91,11913739.26,417.48,208.74
1786382323.77,1252.92,11913739.75,0.49,0.24
1786382325.78,1254.94,11914019.04,279.30,139.65
1786382327.80,1256.95,11914019.04,0.00,0.00
1786382329.81,1258.97,11914105.96,86.91,43.46
1786382331.82,1260.98,11914599.12,493.16,246.58
1786382333.83,1262.99,11914599.12,0.00,0.00
1786382335.85,1265.01,11914771.48,172.36,86.18
1786382337.87,1267.03,11914771.48,0.00,0.00
1786382339.89,1269.05,11914870.12,98.63,49.32
1786382341.91,1271.07,11914912.11,41.99,21.00
1786382343.93,1273.08,11915055.66,143.55,71.78
1786382345.94,1275.10,11915055.66,0.00,0.00
1786382347.96,1277.11,11915123.54,67.87,33.94
1786382349.97,1279.13,11915239.26,115.72,57.86
1786382352.08,1281.24,11915254.88,15.62,7.81
1786382354.10,1283.26,11915254.88,0.00,0.00
1786382356.11,1285.27,11915340.33,85.45,42.72
1786382358.13,1287.29,11915340.33,0.00,0.00
1786382360.15,1289.31,11915442.87,102.54,51.27
1786382362.16,1291.32,11915483.89,41.02,20.51
1786382364.17,1293.33,11915682.62,198.73,99.37
1786382366.19,1295.35,11915973.63,291.02,145.51
1786382368.47,1297.63,11915973.63,0.00,0.00
1786382370.48,1299.64,11916138.67,165.04,82.52
1786382372.50,1301.65,11916269.53,130.86,65.43
1786382374.50,1303.66,11916270.02,0.49,0.24
1786382376.52,1305.68,11916402.34,132.32,66.16
1786382378.54,1307.69,11916402.83,0.49,0.24
1786382380.55,1309.71,11916638.67,235.84,117.92
1786382382.56,1311.72,11916710.94,72.27,36.13
1786382384.57,1313.73,11916868.16,157.23,78.61
1786382386.59,1315.75,11917043.46,175.29,87.65
1786382388.61,1317.76,11917043.46,0.00,0.00
1786382390.63,1319.78,11917329.10,285.64,142.82
1786382392.67,1321.83,11917380.37,51.27,25.63
1786382394.69,1323.85,11917421.39,41.02,20.51
1786382396.70,1325.86,11917447.27,25.88,12.94
1786382398.71,1327.87,11917447.27,0.00,0.00
1786382400.73,1329.89,11917641.11,193.85,96.92
1786382402.75,1331.90,11917833.01,191.89,95.95
1786382404.76,1333.92,11917890.14,57.13,28.56
1786382406.78,1335.94,11918144.53,254.39,127.20
1786382408.79,1337.95,11918144.53,0.00,0.00
1786382410.81,1339.97,11918413.57,269.04,134.52
1786382412.82,1341.98,11918413.57,0.00,0.00
1786382414.84,1344.00,11918530.27,116.70,58.35
1786382416.85,1346.01,11918585.45,55.18,27.59
1786382418.87,1348.03,11918585.94,0.49,0.24
1786382420.89,1350.05,11918958.98,373.05,186.52
1786382422.90,1352.06,11918959.47,0.49,0.24
1786382424.92,1354.08,11919101.07,141.60,70.80
1786382427.31,1356.46,11919101.07,0.00,0.00
1786382429.32,1358.48,11919101.07,0.00,0.00
1786382431.34,1360.49,11919180.18,79.10,39.55
1786382433.35,1362.51,11919358.89,178.71,89.36
1786382435.37,1364.52,11919450.20,91.31,45.65
1786382437.39,1366.54,11919490.72,40.53,20.26
1786382439.40,1368.55,11919491.21,0.49,0.24
1786382441.41,1370.57,11919655.76,164.55,82.28
1786382443.43,1372.58,11919799.32,143.55,71.78
1786382445.44,1374.60,11920049.80,250.49,125.24
1786382447.46,1376.61,11920209.47,159.67,79.83
1786382449.47,1378.62,11920233.40,23.93,11.96
1786382451.48,1380.64,11920342.77,109.38,54.69
1786382453.49,1382.65,11920476.07,133.30,66.65
1786382455.51,1384.66,11920715.82,239.75,119.87
1786382457.52,1386.68,11920773.93,58.11,29.05
1786382459.54,1388.70,11920845.70,71.78,35.89
1786382461.56,1390.71,11921104.49,258.79,129.39
1786382463.57,1392.73,11921104.49,0.00,0.00
1786382465.59,1394.74,11921352.05,247.56,123.78
1786382467.60,1396.76,11921352.54,0.49,0.24
1786382469.61,1398.77,11921391.11,38.57,19.29
1786382471.63,1400.78,11921589.84,198.73,99.37
1786382473.66,1402.82,11921694.34,104.49,52.25
1786382475.68,1404.84,11921933.59,239.26,119.63
1786382477.70,1406.85,11921934.08,0.49,0.24
1786382479.79,1408.95,11922031.74,97.66,48.83
1786382481.81,1410.97,11922142.58,110.84,55.42
1786382483.83,1412.99,11922257.32,114.75,57.37
1786382485.84,1415.00,11922356.93,99.61,49.80
1786382487.85,1417.01,11922356.93,0.00,0.00
1786382489.87,1419.03,11922479.49,122.56,61.28
1786382491.88,1421.04,11922491.21,11.72,5.86
1786382493.90,1423.06,11922773.44,282.23,141.11
1786382495.91,1425.07,11922901.86,128.42,64.21
1786382497.93,1427.08,11922902.34,0.49,0.24
1786382499.94,1429.10,11923050.29,147.95,73.97
1786382501.95,1431.11,11923101.07,50.78,25.39
1786382503.96,1433.12,11923292.97,191.89,95.95
1786382505.98,1435.14,11923598.14,305.18,152.59
1786382508.10,1437.26,11923730.47,132.32,66.16
1786382510.11,1439.27,11923878.42,147.95,73.97
1786382512.13,1441.28,11924004.39,125.98,62.99
1786382514.14,1443.30,11924004.39,0.00,0.00
1786382516.16,1445.31,11924208.01,203.61,101.81
1786382518.18,1447.33,11924208.01,0.00,0.00
1786382520.19,1449.35,11924383.30,175.29,87.65
1786382522.20,1451.36,11924442.38,59.08,29.54
1786382524.22,1453.38,11924607.91,165.53,82.76
1786382526.23,1455.39,11924877.44,269.53,134.77
1786382528.25,1457.40,11924877.93,0.49,0.24
1786382530.26,1459.42,11924981.45,103.52,51.76
1786382532.28,1461.44,11925098.14,116.70,58.35
1786382534.29,1463.45,11925114.75,16.60,8.30
1786382536.31,1465.47,11925423.34,308.59,154.30
1786382538.32,1467.48,11925423.34,0.00,0.00
1786382540.33,1469.49,11925562.50,139.16,69.58
1786382542.35,1471.51,11925667.97,105.47,52.73
1786382544.37,1473.52,11925829.59,161.62,80.81
1786382546.38,1475.54,11925971.68,142.09,71.04
1786382548.39,1477.55,11926108.40,136.72,68.36
1786382550.41,1479.57,11926304.69,196.29,98.14
1786382552.42,1481.58,11926380.37,75.68,37.84
1786382554.43,1483.59,11926380.37,0.00,0.00
1786382556.45,1485.61,11926653.32,272.95,136.47
1786382558.47,1487.63,11926653.81,0.49,0.24
1786382560.49,1489.64,11926877.93,224.12,112.06
1786382562.50,1491.66,11926949.71,71.78,35.89
1786382564.52,1493.67,11926949.71,0.00,0.00
1786382566.53,1495.69,11927419.43,469.73,234.86
1786382568.54,1497.70,11927629.39,209.96,104.98
1786382570.56,1499.72,11927790.53,161.13,80.57
1786382572.65,1501.81,11927962.89,172.36,86.18
1786382574.66,1503.82,11927962.89,0.00,0.00
1786382576.68,1505.84,11928067.38,104.49,52.25
1786382578.70,1507.86,11928067.87,0.49,0.24
1786382580.71,1509.87,11928266.11,198.24,99.12
1786382582.73,1511.88,11928350.59,84.47,42.24
1786382584.74,1513.90,11928364.26,13.67,6.84
1786382586.76,1515.92,11928468.75,104.49,52.25
1786382588.77,1517.93,11928468.75,0.00,0.00
1786382590.79,1519.95,11928677.73,208.98,104.49
1786382592.80,1521.96,11928830.57,152.83,76.42
1786382594.84,1524.00,11928871.09,40.53,20.26
1786382596.86,1526.02,11929095.70,224.61,112.30
1786382598.87,1528.03,11929095.70,0.00,0.00
1786382600.89,1530.05,11929237.30,141.60,70.80
1786382602.90,1532.06,11929442.87,205.57,102.78
1786382604.92,1534.07,11929464.36,21.48,10.74
1786382606.92,1536.08,11929616.21,151.86,75.93
1786382608.94,1538.10,11929616.70,0.49,0.24
1786382610.95,1540.11,11929887.70,271.00,135.50
1786382613.01,1542.17,11929945.31,57.62,28.81
1786382615.03,1544.19,11930080.57,135.25,67.63
1786382617.04,1546.20,11930128.91,48.34,24.17
1786382619.06,1548.22,11930129.39,0.49,0.24
1786382621.07,1550.23,11930357.91,228.52,114.26
1786382623.09,1552.24,11930448.73,90.82,45.41
1786382625.10,1554.26,11930555.18,106.45,53.22
1786382627.12,1556.28,11930588.38,33.20,16.60
1786382629.13,1558.29,11930588.38,0.00,0.00
1786382631.15,1560.31,11930749.02,160.64,80.32
1786382633.16,1562.32,11931022.46,273.44,136.72
1786382635.18,1564.34,11931209.96,187.50,93.75
1786382637.20,1566.35,11931312.99,103.03,51.51
1786382639.21,1568.37,11931313.48,0.49,0.24
1786382641.23,1570.39,11931481.93,168.46,84.23
1786382643.24,1572.40,11931694.34,212.40,106.20
1786382645.26,1574.41,11931696.78,2.44,1.22
1786382647.27,1576.42,11931697.27,0.49,0.24
1786382649.29,1578.45,11931697.75,0.49,0.24
1786382651.31,1580.46,11931796.88,99.12,49.56
1786382653.32,1582.48,11931977.54,180.66,90.33
1786382655.33,1584.49,11932109.86,132.32,66.16
1786382657.35,1586.51,11932242.19,132.32,66.16
1786382659.37,1588.53,11932242.19,0.00,0.00
1786382661.38,1590.54,11932347.66,105.47,52.73
1786382663.40,1592.56,11932490.72,143.07,71.53
1786382665.41,1594.57,11932622.56,131.84,65.92
1786382667.43,1596.59,11932622.56,0.00,0.00
1786382669.44,1598.60,11932622.56,0.00,0.00
1786382671.46,1600.62,11932794.92,172.36,86.18
1786382673.48,1602.63,11932889.65,94.73,47.36
1786382675.50,1604.65,11933076.17,186.52,93.26
1786382677.51,1606.67,11933101.56,25.39,12.70
1786382679.53,1608.69,11933101.56,0.00,0.00
1786382681.54,1610.70,11933349.61,248.05,124.02
1786382683.56,1612.72,11933349.61,0.00,0.00
1786382685.57,1614.73,11933602.54,252.93,126.46
1786382687.59,1616.75,11933617.19,14.65,7.32
1786382689.60,1618.76,11933617.19,0.00,0.00
1786382691.62,1620.78,11933853.03,235.84,117.92
1786382693.64,1622.80,11933917.97,64.94,32.47
1786382695.66,1624.82,11934153.81,235.84,117.92
1786382697.89,1627.05,11934154.30,0.49,0.24
1786382699.91,1629.07,11934202.15,47.85,23.93
1786382701.93,1631.08,11934457.03,254.88,127.44
1786382703.95,1633.11,11934457.03,0.00,0.00
1786382705.96,1635.12,11934594.73,137.70,68.85
1786382707.98,1637.14,11934595.21,0.49,0.24
1786382710.00,1639.15,11934691.41,96.19,48.10
1786382712.02,1641.18,11934799.32,107.91,53.96
1786382714.04,1643.20,11935028.32,229.00,114.50
1786382716.06,1645.21,11935212.40,184.08,92.04
1786382718.30,1647.46,11935212.89,0.49,0.24
1786382720.32,1649.47,11935382.81,169.92,84.96
1786382722.33,1651.49,11935382.81,0.00,0.00
1786382724.34,1653.50,11935382.81,0.00,0.00
1786382726.36,1655.52,11935615.72,232.91,116.46
1786382728.38,1657.53,11935615.72,0.00,0.00
1786382730.39,1659.55,11935849.12,233.40,116.70
1786382732.41,1661.57,11935911.62,62.50,31.25
1786382734.53,1663.69,11935941.89,30.27,15.14
1786382736.55,1665.70,11936153.81,211.91,105.96
1786382738.57,1667.72,11936153.81,0.00,0.00
1786382740.58,1669.74,11936224.61,70.80,35.40
1786382742.60,1671.76,11936393.07,168.46,84.23
1786382744.61,1673.77,11936430.18,37.11,18.55
1786382746.62,1675.78,11936554.69,124.51,62.26
1786382748.64,1677.80,11936958.98,404.30,202.15
1786382750.66,1679.82,11937010.74,51.76,25.88
1786382752.70,1681.85,11937157.23,146.48,73.24
1786382754.71,1683.87,11937250.98,93.75,46.88
1786382756.74,1685.90,11937359.38,108.40,54.20
1786382758.76,1687.92,11937719.73,360.35,180.18
1786382760.77,1689.93,11937824.71,104.98,52.49
1786382762.79,1691.95,11937959.96,135.25,67.63
1786382764.81,1693.96,11938062.01,102.05,51.03
1786382766.81,1695.97,11938186.52,124.51,62.26
1786382768.83,1697.99,11938186.52,0.00,0.00
1786382770.84,1700.00,11938256.35,69.82,34.91
1786382772.86,1702.01,11938357.42,101.07,50.54
1786382774.87,1704.03,11938411.62,54.20,27.10
1786382776.89,1706.05,11938505.86,94.24,47.12
1786382778.91,1708.06,11938505.86,0.00,0.00
1786382780.92,1710.08,11938773.44,267.58,133.79
1786382782.94,1712.10,11938862.30,88.87,44.43
1786382784.95,1714.11,11938939.45,77.15,38.57
1786382786.97,1716.13,11939297.85,358.40,179.20
1786382788.99,1718.15,11939298.34,0.49,0.24
1786382791.01,1720.17,11939465.82,167.48,83.74
1786382793.03,1722.18,11939654.79,188.96,94.48
1786382795.04,1724.20,11939671.88,17.09,8.54
1786382797.05,1726.21,11939792.48,120.61,60.30
1786382799.08,1728.23,11939792.48,0.00,0.00
1786382801.09,1730.25,11939962.40,169.92,84.96
1786382803.11,1732.27,11940204.59,242.19,121.09
1786382805.12,1734.28,11940437.50,232.91,116.46
1786382807.14,1736.30,11940437.99,0.49,0.24
1786382809.16,1738.32,11940437.99,0.00,0.00
1786382811.19,1740.35,11940630.37,192.38,96.19
1786382813.21,1742.36,11940792.48,162.11,81.05
1786382815.22,1744.37,11941058.59,266.11,133.06
1786382817.24,1746.39,11941058.59,0.00,0.00
1786382819.25,1748.41,11941059.08,0.49,0.24
1786382821.27,1750.43,11941263.18,204.10,102.05
1786382823.29,1752.45,11941492.19,229.00,114.50
1786382825.30,1754.46,11941508.79,16.60,8.30
1786382827.32,1756.48,11941744.63,235.84,117.92
1786382829.34,1758.50,11941744.63,0.00,0.00
1786382831.36,1760.52,11941833.50,88.87,44.43
1786382833.38,1762.54,11942104.98,271.48,135.74
1786382835.40,1764.55,11942131.84,26.86,13.43
1786382837.41,1766.57,11942310.06,178.22,89.11
1786382839.42,1768.58,11942310.55,0.49,0.24
1786382841.44,1770.60,11942562.99,252.44,126.22
1786382843.46,1772.62,11942562.99,0.00,0.00
1786382845.48,1774.64,11942763.67,200.68,100.34
1786382847.50,1776.66,11942869.14,105.47,52.73
1786382849.51,1778.67,11942869.14,0.00,0.00
1786382851.53,1780.69,11943025.39,156.25,78.12
1786382853.55,1782.71,11943243.65,218.26,109.13
1786382855.57,1784.73,11943315.43,71.78,35.89
1786382857.60,1786.75,11943368.16,52.73,26.37
1786382859.61,1788.77,11943368.16,0.00,0.00
1786382861.63,1790.79,11943604.00,235.84,117.92
1786382863.65,1792.81,11943758.30,154.30,77.15
1786382865.67,1794.82,11943851.56,93.26,46.63
1786382867.68,1796.83,11943852.05,0.49,0.24
1786382869.70,1798.86,11943852.05,0.00,0.00
1786382871.72,1800.87,11944024.90,172.85,86.43
1786382873.73,1802.89,11944255.86,230.96,115.48
1786382875.75,1804.91,11944294.43,38.57,19.29
1786382877.77,1806.93,11944395.51,101.07,50.54
1786382879.79,1808.95,11944395.51,0.00,0.00
1786382881.81,1810.96,11944572.27,176.76,88.38
1786382883.82,1812.98,11944802.73,230.47,115.23
1786382885.84,1815.00,11944908.20,105.47,52.73
1786382887.85,1817.01,11944954.59,46.39,23.19
1786382889.88,1819.04,11944985.84,31.25,15.62
1786382891.89,1821.05,11945325.68,339.84,169.92
1786382893.90,1823.06,11945325.68,0.00,0.00
1786382895.92,1825.08,11945491.21,165.53,82.76
1786382897.95,1827.11,11945491.21,0.00,0.00
1786382900.07,1829.23,11945584.96,93.75,46.88
1786382902.09,1831.25,11945899.41,314.45,157.23
1786382904.11,1833.26,11945899.41,0.00,0.00
1786382906.12,1835.28,11946306.15,406.74,203.37
1786382908.15,1837.31,11946374.51,68.36,34.18
1786382910.17,1839.33,11946503.42,128.91,64.45
1786382912.19,1841.35,11946582.03,78.61,39.31
1786382914.20,1843.36,11946750.49,168.46,84.23
1786382916.22,1845.38,11946955.57,205.08,102.54
1786382918.24,1847.40,11946956.05,0.49,0.24
1786382920.25,1849.41,11947087.89,131.84,65.92
1786382922.26,1851.42,11947114.26,26.37,13.18
1786382924.28,1853.44,11947385.25,271.00,135.50
1786382926.30,1855.46,11947662.60,277.34,138.67
1786382928.31,1857.47,11947696.29,33.69,16.85
1786382930.33,1859.49,11947860.84,164.55,82.28
1786382932.34,1861.50,11947896.48,35.64,17.82
1786382934.36,1863.52,11948136.72,240.23,120.12
1786382936.38,1865.54,11948229.98,93.26,46.63
1786382938.40,1867.56,11948230.47,0.49,0.24
1786382940.42,1869.57,11948352.05,121.58,60.79
1786382942.43,1871.58,11948400.88,48.83,24.41
1786382944.44,1873.60,11948577.15,176.27,88.13
1786382946.64,1875.80,11948577.15,0.00,0.00
1786382948.67,1877.83,11948577.64,0.49,0.24
1786382950.69,1879.85,11948771.97,194.34,97.17
1786382952.70,1881.86,11948834.47,62.50,31.25
1786382954.71,1883.87,11948906.25,71.78,35.89
1786382956.73,1885.88,11949107.91,201.66,100.83
1786382958.74,1887.90,11949108.40,0.49,0.24
1786382960.75,1889.91,11949367.19,258.79,129.39
1786382962.77,1891.92,11949454.10,86.91,43.46
1786382964.78,1893.94,11949454.10,0.00,0.00
1786382966.79,1895.95,11949784.67,330.57,165.28
1786382968.81,1897.96,11949784.67,0.00,0.00
1786382970.82,1899.98,11950050.29,265.62,132.81
1786382973.06,1902.22,11950138.18,87.89,43.95
1786382975.10,1904.25,11950156.25,18.07,9.03
1786382977.11,1906.27,11950426.27,270.02,135.01
1786382979.12,1908.28,11950426.27,0.00,0.00
1786382981.14,1910.30,11950592.29,166.02,83.01
1786382983.15,1912.31,11950797.85,205.57,102.78
1786382985.17,1914.33,11950821.29,23.44,11.72
1786382987.19,1916.34,11950935.06,113.77,56.88
1786382989.20,1918.36,11950935.06,0.00,0.00
1786382991.21,1920.37,11951107.42,172.36,86.18
1786382993.23,1922.39,11951324.71,217.29,108.64
1786382995.25,1924.40,11951444.82,120.12,60.06
1786382997.26,1926.42,11951545.41,100.59,50.29
1786382999.28,1928.43,11951545.41,0.00,0.00
1786383001.29,1930.45,11951756.84,211.43,105.71
1786383003.30,1932.46,11951845.70,88.87,44.43
1786383005.32,1934.48,11951948.73,103.03,51.51
1786383007.33,1936.49,11952019.04,70.31,35.16
1786383009.35,1938.50,11952019.04,0.00,0.00
1786383011.37,1940.53,11952167.97,148.93,74.46
1786383013.38,1942.54,11952457.52,289.55,144.78
1786383015.39,1944.55,11952588.87,131.35,65.67
1786383017.41,1946.57,11952686.04,97.17,48.58
1786383019.44,1948.59,11952686.04,0.00,0.00
1786383021.46,1950.62,11952967.29,281.25,140.62
1786383023.48,1952.63,11952967.77,0.49,0.24
1786383025.49,1954.65,11953138.18,170.41,85.21
1786383027.51,1956.66,11953138.18,0.00,0.00
1786383029.62,1958.78,11953196.78,58.59,29.30
1786383031.63,1960.78,11953347.66,150.88,75.44
1786383033.65,1962.81,11953580.08,232.42,116.21
1786383035.67,1964.83,11953758.30,178.22,89.11
1786383037.68,1966.84,11953831.05,72.75,36.38
1786383039.70,1968.86,11953919.92,88.87,44.43
1786383041.72,1970.88,11954175.78,255.86,127.93
1786383043.74,1972.90,11954175.78,0.00,0.00
1786383045.76,1974.91,11954364.26,188.48,94.24
1786383047.77,1976.93,11954499.51,135.25,67.63
1786383049.80,1978.95,11954564.45,64.94,32.47
1786383051.81,1980.97,11954599.61,35.16,17.58
1786383053.83,1982.99,11954703.61,104.00,52.00
1786383055.85,1985.01,11954892.58,188.96,94.48
1786383057.88,1987.04,11954977.05,84.47,42.24
1786383059.94,1989.10,11955030.27,53.22,26.61
1786383061.95,1991.11,11955113.77,83.50,41.75
1786383063.97,1993.12,11955113.77,0.00,0.00
1786383065.98,1995.14,11955300.78,187.01,93.51
1786383068.00,1997.15,11955301.27,0.49,0.24
1786383070.01,1999.17,11955345.70,44.43,22.22
1786383072.03,2001.18,11955400.39,54.69,27.34
1786383074.04,2003.20,11955526.37,125.98,62.99
1786383076.05,2005.21,11955877.44,351.07,175.54
1786383078.07,2007.22,11955896.97,19.53,9.77
1786383080.08,2009.24,11955963.87,66.89,33.45
1786383082.09,2011.25,11956067.38,103.52,51.76
1786383084.11,2013.27,11956524.90,457.52,228.76
1786383086.12,2015.28,11956524.90,0.00,0.00
1786383088.14,2017.30,11956524.90,0.00,0.00
1786383090.16,2019.32,11956620.12,95.21,47.61
1786383092.17,2021.33,11956756.84,136.72,68.36
1786383094.19,2023.35,11957060.55,303.71,151.86
1786383096.21,2025.37,11957114.75,54.20,27.10
1786383098.23,2027.38,11957114.75,0.00,0.00
1786383100.34,2029.50,11957176.27,61.52,30.76
1786383102.35,2031.51,11957201.66,25.39,12.70
1786383104.37,2033.53,11957513.18,311.52,155.76
1786383106.39,2035.54,11957711.43,198.24,99.12
1786383108.40,2037.56,11957711.91,0.49,0.24
1786383110.42,2039.58,11957853.03,141.11,70.56
1786383112.43,2041.59,11957875.49,22.46,11.23
1786383114.45,2043.61,11957990.72,115.23,57.62
1786383116.46,2045.62,11958369.14,378.42,189.21
1786383118.48,2047.64,11958369.63,0.49,0.24
1786383120.50,2049.65,11958539.06,169.43,84.72
1786383122.78,2051.93,11958609.86,70.80,35.40
1786383124.79,2053.95,11958672.36,62.50,31.25
1786383126.81,2055.97,11958891.11,218.75,109.38
1786383128.82,2057.98,11958891.60,0.49,0.24
1786383130.84,2060.00,11959062.01,170.41,85.21
1786383132.85,2062.01,11959154.30,92.29,46.14
1786383135.38,2064.54,11959252.93,98.63,49.32
1786383137.40,2066.56,11959252.93,0.00,0.00
1786383139.41,2068.57,11959252.93,0.00,0.00
1786383141.44,2070.60,11959525.39,272.46,136.23
1786383143.46,2072.61,11959525.39,0.00,0.00
1786383145.47,2074.63,11959699.71,174.32,87.16
1786383147.49,2076.64,11959729.00,29.30,14.65
1786383149.50,2078.66,11959729.00,0.00,0.00
1786383151.51,2080.67,11959900.39,171.39,85.69
1786383153.53,2082.69,11960172.85,272.46,136.23
1786383155.57,2084.72,11960397.46,224.61,112.30
1786383157.58,2086.74,11960397.46,0.00,0.00
1786383159.59,2088.75,11960397.46,0.00,0.00
1786383161.61,2090.77,11960566.89,169.43,84.72
1786383163.62,2092.78,11960863.77,296.88,148.44
1786383165.65,2094.80,11960898.93,35.16,17.58
1786383167.66,2096.82,11961037.11,138.18,69.09
1786383169.68,2098.83,11961037.11,0.00,0.00
1786383171.69,2100.85,11961444.82,407.71,203.86
1786383173.71,2102.87,11961444.82,0.00,0.00
1786383175.72,2104.88,11961641.60,196.78,98.39
1786383177.74,2106.90,11961641.60,0.00,0.00
1786383179.76,2108.92,11961642.09,0.49,0.24
1786383181.78,2110.94,11961848.63,206.54,103.27
1786383183.80,2112.95,11962144.53,295.90,147.95
1786383185.81,2114.97,11962222.17,77.64,38.82
1786383187.83,2116.99,11962222.17,0.00,0.00
1786383189.86,2119.02,11962222.66,0.49,0.24
1786383191.88,2121.04,11962299.80,77.15,38.57
1786383193.89,2123.05,11962606.45,306.64,153.32
1786383195.91,2125.07,11962729.00,122.56,61.28
1786383197.93,2127.09,11962756.84,27.83,13.92
1786383199.94,2129.10,11962766.60,9.77,4.88
1786383201.96,2131.12,11963068.85,302.25,151.12
1786383203.98,2133.13,11963069.34,0.49,0.24
1786383205.99,2135.15,11963240.23,170.90,85.45
1786383208.01,2137.17,11963240.72,0.49,0.24
1786383210.12,2139.28,11963308.59,67.87,33.94
1786383212.14,2141.30,11963416.02,107.42,53.71
1786383214.16,2143.31,11963535.64,119.63,59.81
1786383216.18,2145.33,11963674.80,139.16,69.58
1786383218.19,2147.35,11963674.80,0.00,0.00
1786383220.24,2149.40,11963765.14,90.33,45.17
1786383222.27,2151.42,11963973.63,208.50,104.25
1786383224.28,2153.44,11963974.12,0.49,0.24
1786383226.29,2155.45,11964361.33,387.21,193.60
1786383228.64,2157.80,11964361.82,0.49,0.24
1786383230.66,2159.82,11964530.76,168.95,84.47
1786383232.68,2161.84,11964568.36,37.60,18.80
1786383234.69,2163.85,11964662.60,94.24,47.12
1786383236.71,2165.86,11964830.08,167.48,83.74
1786383238.72,2167.88,11964830.08,0.00,0.00
1786383240.74,2169.89,11965033.69,203.61,101.81
1786383242.75,2171.91,11965059.08,25.39,12.70
1786383244.76,2173.92,11965139.16,80.08,40.04
1786383246.86,2176.02,11965139.16,0.00,0.00
1786383248.90,2178.06,11965139.65,0.49,0.24
1786383250.92,2180.07,11965334.96,195.31,97.66
1786383252.93,2182.09,11965416.50,81.54,40.77
1786383254.94,2184.10,11965499.02,82.52,41.26
1786383256.96,2186.12,11965600.59,101.56,50.78
1786383258.97,2188.13,11965600.59,0.00,0.00
1786383260.99,2190.15,11965802.25,201.66,100.83
1786383263.00,2192.16,11965895.51,93.26,46.63
1786383265.03,2194.19,11965941.41,45.90,22.95
1786383267.05,2196.21,11966099.12,157.71,78.86
1786383269.07,2198.22,11966099.61,0.49,0.24
1786383271.08,2200.24,11966340.33,240.72,120.36
1786383273.10,2202.26,11966405.76,65.43,32.71
1786383275.11,2204.27,11966637.21,231.45,115.72
1786383277.13,2206.29,11966835.45,198.24,99.12
1786383279.16,2208.31,11966835.45,0.00,0.00
1786383281.18,2210.34,11967097.17,261.72,130.86
1786383283.20,2212.36,11967159.18,62.01,31.01
1786383285.21,2214.37,11967230.96,71.78,35.89
1786383287.23,2216.39,11967320.80,89.84,44.92
1786383289.25,2218.40,11967583.98,263.18,131.59
1786383291.26,2220.42,11967583.98,0.00,0.00
1786383293.28,2222.44,11967890.62,306.64,153.32
1786383295.30,2224.46,11967959.47,68.85,34.42
1786383297.33,2226.49,11968060.06,100.59,50.29
1786383299.35,2228.50,11968350.10,290.04,145.02
1786383301.36,2230.52,11968446.78,96.68,48.34
1786383303.37,2232.53,11968554.20,107.42,53.71
1786383305.39,2234.55,11968634.77,80.57,40.28
1786383307.42,2236.57,11968733.40,98.63,49.32
1786383309.43,2238.59,11968733.89,0.49,0.24
1786383311.45,2240.61,11969151.86,417.97,208.98
1786383313.46,2242.62,11969178.22,26.37,13.18
1786383315.48,2244.63,11969321.29,143.07,71.53
1786383317.48,2246.64,11969349.61,28.32,14.16
1786383319.50,2248.66,11969350.10,0.49,0.24
1786383321.51,2250.67,11969559.57,209.47,104.74
1786383323.53,2252.68,11969559.57,0.00,0.00
1786383325.54,2254.70,11969812.99,253.42,126.71
1786383327.56,2256.71,11969813.48,0.49,0.24
1786383329.57,2258.73,11969870.12,56.64,28.32
1786383331.59,2260.75,11970083.98,213.87,106.93
1786383333.61,2262.77,11970191.89,107.91,53.96
1786383335.62,2264.78,11970368.65,176.76,88.38
1786383337.63,2266.79,11970749.02,380.37,190.19
1786383339.65,2268.81,11970749.02,0.00,0.00
1786383341.66,2270.82,11971074.22,325.20,162.60
1786383343.68,2272.84,11971074.22,0.00,0.00
1786383345.69,2274.85,11971274.90,200.68,100.34
1786383347.73,2276.89,11971356.45,81.54,40.77
1786383349.74,2278.90,11971356.93,0.49,0.24
1786383351.76,2280.91,11971624.51,267.58,133.79
1786383353.77,2282.93,11971728.52,104.00,52.00
1786383355.79,2284.94,11971764.16,35.64,17.82
1786383357.80,2286.96,11971890.14,125.98,62.99
1786383359.81,2288.97,11971890.14,0.00,0.00
1786383361.83,2290.99,11972312.01,421.88,210.94
1786383364.14,2293.30,11972312.50,0.49,0.24
1786383366.16,2295.32,11972640.62,328.12,164.06
1786383368.17,2297.32,11972821.78,181.15,90.58
1786383370.19,2299.34,11972867.68,45.90,22.95
1786383372.19,2301.35,11973134.28,266.60,133.30
1786383374.21,2303.37,11973134.28,0.00,0.00
1786383376.23,2305.39,11973311.52,177.25,88.62
1786383378.25,2307.40,11973312.01,0.49,0.24
1786383380.34,2309.49,11973413.09,101.07,50.54
1786383382.37,2311.53,11973522.46,109.38,54.69
1786383384.38,2313.54,11973813.96,291.50,145.75
1786383386.39,2315.55,11973884.77,70.80,35.40
1786383388.41,2317.57,11973884.77,0.00,0.00
1786383390.44,2319.59,11974015.62,130.86,65.43
1786383392.45,2321.61,11974094.73,79.10,39.55
1786383394.46,2323.62,11974437.99,343.26,171.63
1786383396.48,2325.64,11974596.19,158.20,79.10
1786383398.50,2327.65,11974791.99,195.80,97.90
1786383400.52,2329.68,11974934.57,142.58,71.29
1786383402.54,2331.70,11975080.08,145.51,72.75
1786383404.56,2333.72,11975080.08,0.00,0.00
1786383406.58,2335.73,11975322.75,242.68,121.34
1786383408.60,2337.76,11975322.75,0.00,0.00
1786383410.62,2339.78,11975498.05,175.29,87.65
1786383412.63,2341.79,11975592.77,94.73,47.36
1786383414.65,2343.81,11975842.29,249.51,124.76
1786383416.66,2345.82,11975915.04,72.75,36.38
1786383418.74,2347.90,11976019.53,104.49,52.25
1786383420.75,2349.91,11976110.35,90.82,45.41
1786383422.77,2351.93,11976188.48,78.12,39.06
1786383424.78,2353.94,11976273.44,84.96,42.48
1786383426.80,2355.96,11976439.45,166.02,83.01
1786383428.81,2357.97,11976439.94,0.49,0.24
1786383430.83,2359.99,11976582.03,142.09,71.04
1786383432.84,2362.00,11976648.93,66.89,33.45
1786383434.86,2364.02,11976673.83,24.90,12.45
1786383436.87,2366.03,11976917.48,243.65,121.83
1786383438.89,2368.05,11976917.48,0.00,0.00
1786383440.90,2370.06,11977086.91,169.43,84.72
1786383442.92,2372.08,11977107.91,21.00,10.50
1786383444.94,2374.10,11977190.43,82.52,41.26
1786383446.96,2376.12,11977584.96,394.53,197.27
1786383448.98,2378.14,11977585.45,0.49,0.24
1786383450.99,2380.15,11977790.53,205.08,102.54
1786383453.01,2382.16,11977838.87,48.34,24.17
1786383455.02,2384.17,11977888.18,49.32,24.66
1786383457.03,2386.19,11978262.21,374.02,187.01
1786383459.04,2388.20,11978262.21,0.00,0.00
1786383461.06,2390.22,11978440.43,178.22,89.11
1786383463.08,2392.24,11978524.41,83.98,41.99
1786383465.10,2394.25,11978524.41,0.00,0.00
1786383467.12,2396.27,11978822.27,297.85,148.93
1786383469.13,2398.29,11978822.27,0.00,0.00
1786383471.15,2400.31,11979035.64,213.38,106.69
1786383473.17,2402.33,11979102.54,66.89,33.45
1786383475.18,2404.34,11979457.03,354.49,177.25
1786383477.19,2406.35,11979457.03,0.00,0.00
1786383479.21,2408.37,11979734.86,277.83,138.92
1786383481.24,2410.39,11979785.64,50.78,25.39
1786383483.25,2412.41,11979854.98,69.34,34.67
1786383485.27,2414.43,11979887.70,32.71,16.36
1786383487.28,2416.44,11980102.54,214.84,107.42
1786383489.30,2418.46,11980103.03,0.49,0.24
1786383491.32,2420.48,11980191.41,88.38,44.19
1786383493.34,2422.49,11980191.41,0.00,0.00
1786383495.35,2424.51,11980275.88,84.47,42.24
1786383497.38,2426.54,11980396.97,121.09,60.55
1786383499.40,2428.56,11980796.88,399.90,199.95
1786383501.41,2430.57,11980938.96,142.09,71.04
1786383503.43,2432.59,11981091.80,152.83,76.42
1786383505.45,2434.60,11981203.12,111.33,55.66
1786383507.46,2436.62,11981401.37,198.24,99.12
1786383509.48,2438.63,11981401.86,0.49,0.24
1786383511.49,2440.65,11981722.66,320.80,160.40
1786383513.52,2442.67,11981723.14,0.49,0.24
1786383515.53,2444.69,11981863.77,140.62,70.31
1786383517.84,2447.00,11981863.77,0.00,0.00
1786383519.86,2449.01,11982088.38,224.61,112.30
1786383521.87,2451.03,11982204.59,116.21,58.11
1786383523.90,2453.05,11982287.60,83.01,41.50
1786383525.92,2455.07,11982526.86,239.26,119.63
1786383527.93,2457.08,11982584.96,58.11,29.05
1786383529.94,2459.10,11982584.96,0.00,0.00
1786383531.96,2461.11,11982801.27,216.31,108.15
1786383533.97,2463.13,11983103.03,301.76,150.88
1786383536.02,2465.17,11983279.79,176.76,88.38
1786383538.05,2467.20,11983286.13,6.35,3.17
1786383540.06,2469.22,11983382.32,96.19,48.10
1786383542.07,2471.23,11983519.04,136.72,68.36
1786383544.09,2473.24,11983748.54,229.49,114.75
1786383546.25,2475.41,11983748.54,0.00,0.00
1786383548.38,2477.53,11983749.02,0.49,0.24
1786383550.41,2479.57,11983815.43,66.41,33.20
1786383552.42,2481.58,11983922.36,106.93,53.47
1786383554.44,2483.60,11984306.15,383.79,191.89
1786383556.45,2485.61,11984402.83,96.68,48.34
1786383558.47,2487.63,11984524.41,121.58,60.79
1786383560.49,2489.64,11984549.80,25.39,12.70
1786383562.50,2491.66,11984646.97,97.17,48.58
1786383564.51,2493.67,11984905.76,258.79,129.39
1786383566.53,2495.69,11985032.23,126.46,63.23
1786383568.54,2497.70,11985102.54,70.31,35.16
1786383570.56,2499.71,11985182.62,80.08,40.04
1786383572.57,2501.73,11985275.88,93.26,46.63
1786383574.58,2503.74,11985587.40,311.52,155.76
1786383576.60,2505.76,11985587.40,0.00,0.00
1786383578.61,2507.77,11985765.14,177.73,88.87
1786383580.65,2509.81,11985866.70,101.56,50.78
1786383582.67,2511.82,11986114.75,248.05,124.02
1786383584.68,2513.84,11986114.75,0.00,0.00
1786383586.70,2515.86,11986288.57,173.83,86.91
1786383588.72,2517.88,11986364.26,75.68,37.84
1786383590.95,2520.11,11986394.53,30.27,15.14
1786383592.96,2522.12,11986463.38,68.85,34.42
1786383594.98,2524.14,11986463.38,0.00,0.00
1786383596.99,2526.15,11986664.06,200.68,100.34
1786383599.01,2528.16,11986925.78,261.72,130.86
1786383601.03,2530.19,11987141.60,215.82,107.91
1786383603.04,2532.20,11987331.05,189.45,94.73
1786383605.06,2534.22,11987331.05,0.00,0.00
1786383607.07,2536.23,11987532.23,201.17,100.59
1786383609.08,2538.24,11987532.71,0.49,0.24
1786383611.10,2540.26,11987718.75,186.04,93.02
1786383613.12,2542.27,11987783.69,64.94,32.47
1786383615.14,2544.30,11987921.39,137.70,68.85
1786383617.15,2546.31,11988124.02,202.64,101.32
1786383619.17,2548.33,11988124.51,0.49,0.24
1786383621.18,2550.34,11988391.60,267.09,133.54
1786383623.19,2552.35,11988519.04,127.44,63.72
1786383625.21,2554.37,11988554.69,35.64,17.82
1786383627.30,2556.46,11988593.26,38.57,19.29
1786383629.32,2558.48,11988593.75,0.49,0.24
1786383631.46,2560.62,11988733.89,140.14,70.07
1786383633.47,2562.63,11989044.92,311.04,155.52
1786383635.49,2564.64,11989060.55,15.62,7.81
1786383637.50,2566.66,11989211.91,151.37,75.68
1786383639.51,2568.67,11989212.40,0.49,0.24
1786383641.53,2570.69,11989347.66,135.25,67.63
1786383643.54,2572.70,11989719.73,372.07,186.04
1786383645.58,2574.74,11989909.67,189.94,94.97
1786383647.59,2576.75,11990167.97,258.30,129.15
1786383649.61,2578.76,11990167.97,0.00,0.00
1786383651.62,2580.78,11990326.66,158.69,79.35
1786383653.63,2582.79,11990431.15,104.49,52.25
1786383655.65,2584.81,11990567.87,136.72,68.36
1786383657.67,2586.82,11990567.87,0.00,0.00
1786383659.68,2588.84,11990567.87,0.00,0.00
1786383661.69,2590.85,11990661.62,93.75,46.88
1786383663.71,2592.87,11990864.26,202.64,101.32
1786383665.73,2594.89,11991058.59,194.34,97.17
1786383667.74,2596.90,11991201.66,143.07,71.53
1786383669.75,2598.91,11991201.66,0.00,0.00
1786383671.77,2600.93,11991356.45,154.79,77.39
1786383673.79,2602.95,11991528.81,172.36,86.18
1786383675.81,2604.96,11991638.18,109.38,54.69
1786383677.82,2606.98,11991836.43,198.24,99.12
1786383679.84,2608.99,11991836.43,0.00,0.00
1786383681.85,2611.01,11992215.33,378.91,189.45
1786383683.87,2613.02,11992215.33,0.00,0.00
1786383685.88,2615.04,11992371.58,156.25,78.12
1786383687.90,2617.06,11992389.16,17.58,8.79
1786383689.91,2619.07,11992389.65,0.49,0.24
1786383691.93,2621.09,11992529.79,140.14,70.07
1786383693.95,2623.11,11992669.92,140.14,70.07
1786383695.96,2625.12,11992670.41,0.49,0.24
1786383698.04,2627.20,11992737.79,67.38,33.69
1786383700.06,2629.22,11992738.28,0.49,0.24
1786383702.07,2631.23,11992946.29,208.01,104.00
1786383704.09,2633.24,11993110.35,164.06,82.03
1786383706.10,2635.26,11993188.48,78.12,39.06
1786383708.11,2637.27,11993198.24,9.77,4.88
1786383710.13,2639.29,11993263.18,64.94,32.47
1786383712.15,2641.30,11993398.93,135.74,67.87
1786383714.17,2643.32,11993697.27,298.34,149.17
1786383716.57,2645.73,11993697.27,0.00,0.00
1786383718.59,2647.75,11993849.12,151.86,75.93
1786383720.60,2649.76,11993938.96,89.84,44.92
1786383722.62,2651.78,11994052.25,113.28,56.64
1786383724.63,2653.79,11994052.25,0.00,0.00
1786383726.66,2655.81,11994416.02,363.77,181.88
1786383728.67,2657.83,11994416.50,0.49,0.24
1786383730.69,2659.84,11994540.53,124.02,62.01
1786383732.72,2661.88,11994698.24,157.71,78.86
1786383734.74,2663.90,11994698.24,0.00,0.00
1786383736.75,2665.91,11994796.39,98.14,49.07
1786383738.78,2667.94,11995017.09,220.70,110.35
1786383740.79,2669.95,11995062.99,45.90,22.95
1786383742.81,2671.97,11995238.77,175.78,87.89
1786383744.83,2673.99,11995238.77,0.00,0.00
1786383746.84,2676.00,11995514.65,275.88,137.94
1786383748.86,2678.02,11995514.65,0.00,0.00
1786383750.89,2680.05,11995680.66,166.02,83.01
1786383752.92,2682.08,11995723.14,42.48,21.24
1786383754.94,2684.09,11995961.91,238.77,119.38
1786383756.96,2686.11,11996257.81,295.90,147.95
1786383758.97,2688.12,11996270.02,12.21,6.10
1786383760.99,2690.14,11996452.15,182.13,91.06
1786383763.00,2692.15,11996571.29,119.14,59.57
1786383765.02,2694.17,11996571.29,0.00,0.00
1786383767.03,2696.19,11996764.65,193.36,96.68
1786383769.05,2698.21,11996852.05,87.40,43.70
1786383771.17,2700.33,11996869.14,17.09,8.54
1786383773.19,2702.35,11996937.50,68.36,34.18
1786383775.21,2704.37,11996937.50,0.00,0.00
1786383777.23,2706.39,11997121.58,184.08,92.04
1786383779.25,2708.40,11997396.00,274.41,137.21
1786383781.26,2710.42,11997432.62,36.62,18.31
1786383783.30,2712.46,11997530.27,97.66,48.83
1786383785.32,2714.48,11997530.27,0.00,0.00
1786383787.34,2716.49,11997738.77,208.50,104.25
1786383789.36,2718.52,11997739.26,0.49,0.24
1786383791.37,2720.53,11998043.46,304.20,152.10
1786383793.38,2722.54,11998411.13,367.68,183.84
1786383795.40,2724.56,11998439.45,28.32,14.16
1786383797.41,2726.57,11998604.00,164.55,82.28
1786383799.43,2728.59,11998704.10,100.10,50.05
1786383801.45,2730.61,11998868.16,164.06,82.03
1786383803.46,2732.62,11998936.52,68.36,34.18
1786383805.81,2734.97,11999141.11,204.59,102.29
1786383807.83,2736.99,11999141.11,0.00,0.00
1786383809.85,2739.00,11999141.60,0.49,0.24
1786383811.87,2741.02,11999452.64,311.04,155.52
1786383813.88,2743.04,11999452.64,0.00,0.00
1786383815.90,2745.06,11999616.70,164.06,82.03
1786383817.91,2747.07,11999984.38,367.68,183.84
1786383819.92,2749.08,11999984.38,0.00,0.00
1786383821.94,2751.10,12000157.23,172.85,86.43
1786383823.95,2753.11,12000450.20,292.97,146.48
1786383825.97,2755.13,12000479.00,28.81,14.40
1786383827.98,2757.14,12000479.00,0.00,0.00
1786383830.00,2759.16,12000878.42,399.41,199.71
1786383832.02,2761.18,12000986.82,108.40,54.20
1786383834.04,2763.20,12001247.07,260.25,130.13
1786383836.06,2765.21,12001304.20,57.13,28.56
1786383838.09,2767.25,12001422.85,118.65,59.33
1786383840.11,2769.26,12001422.85,0.00,0.00
1786383842.12,2771.28,12001856.93,434.08,217.04
1786383844.14,2773.30,12001869.63,12.70,6.35
1786383846.16,2775.31,12001869.63,0.00,0.00
1786383848.25,2777.41,12001870.12,0.49,0.24
1786383850.33,2779.49,12001870.61,0.49,0.24
1786383852.34,2781.50,12002041.02,170.41,85.21
1786383854.36,2783.51,12002246.58,205.57,102.78
1786383856.37,2785.53,12002246.58,0.00,0.00
1786383858.39,2787.54,12002352.05,105.47,52.73
1786383860.40,2789.55,12002418.46,66.41,33.20
1786383862.41,2791.57,12002583.01,164.55,82.28
1786383864.43,2793.59,12002672.85,89.84,44.92
1786383866.45,2795.61,12002758.30,85.45,42.72
1786383868.47,2797.63,12002815.92,57.62,28.81
1786383870.48,2799.64,12002989.75,173.83,86.91
1786383872.51,2801.67,12003187.99,198.24,99.12
1786383874.53,2803.69,12003187.99,0.00,0.00
1786383876.55,2805.71,12003482.91,294.92,147.46
1786383878.58,2807.74,12003491.21,8.30,4.15
1786383880.59,2809.75,12003502.44,11.23,5.62
1786383882.60,2811.76,12003690.43,187.99,93.99
1786383884.62,2813.78,12003860.35,169.92,84.96
1786383886.64,2815.79,12004091.31,230.96,115.48
1786383888.68,2817.84,12004192.87,101.56,50.78
1786383890.69,2819.85,12004202.15,9.28,4.64
1786383892.71,2821.86,12004384.77,182.62,91.31
1786383894.72,2823.88,12004605.96,221.19,110.60
1786383896.75,2825.91,12004606.45,0.49,0.24
1786383898.76,2827.92,12004767.58,161.13,80.57
1786383900.78,2829.94,12004787.60,20.02,10.01
1786383902.79,2831.95,12005142.58,354.98,177.49
1786383904.81,2833.97,12005142.58,0.00,0.00
1786383906.82,2835.98,12005463.87,321.29,160.64
1786383908.86,2838.01,12005647.46,183.59,91.80
1786383910.88,2840.03,12005737.30,89.84,44.92
1786383912.89,2842.05,12005772.46,35.16,17.58
1786383914.92,2844.08,12006009.77,237.30,118.65
1786383916.93,2846.09,12006298.83,289.06,144.53
1786383918.94,2848.10,12006317.38,18.55,9.28
1786383920.96,2850.12,12006437.50,120.12,60.06
1786383922.99,2852.14,12006661.13,223.63,111.82
1786383925.00,2854.16,12006838.38,177.25,88.62
1786383927.01,2856.17,12006896.48,58.11,29.05
1786383929.03,2858.19,12006896.48,0.00,0.00
1786383931.05,2860.20,12007088.38,191.89,95.95
1786383933.06,2862.22,12007250.49,162.11,81.05
1786383935.08,2864.23,12007267.58,17.09,8.54
1786383937.09,2866.24,12007374.51,106.93,53.47
1786383939.11,2868.27,12007375.00,0.49,0.24
1786383941.13,2870.29,12007540.53,165.53,82.76
1786383943.15,2872.31,12007742.19,201.66,100.83
1786383945.17,2874.33,12007833.50,91.31,45.65
1786383947.20,2876.36,12007905.27,71.78,35.89
1786383949.21,2878.37,12007905.27,0.00,0.00
1786383951.23,2880.38,12008181.15,275.88,137.94
1786383953.24,2882.40,12008181.15,0.00,0.00
1786383955.25,2884.41,12008320.80,139.65,69.82
1786383957.27,2886.43,12008409.67,88.87,44.43
1786383959.28,2888.44,12008442.38,32.71,16.36
1786383961.30,2890.46,12008680.18,237.79,118.90
1786383963.32,2892.48,12008952.15,271.97,135.99
1786383965.33,2894.49,12008965.33,13.18,6.59
1786383967.34,2896.50,12009133.30,167.97,83.98
1786383969.37,2898.53,12009133.79,0.49,0.24
1786383971.38,2900.54,12009319.34,185.55,92.77
1786383973.40,2902.56,12009353.03,33.69,16.85
1786383975.42,2904.57,12009721.68,368.65,184.33
1786383977.43,2906.59,12009721.68,0.00,0.00
1786383979.45,2908.60,12009924.32,202.64,101.32
1786383981.46,2910.62,12010125.49,201.17,100.59
1786383983.47,2912.63,12010265.62,140.14,70.07
1786383985.49,2914.65,12010265.62,0.00,0.00
1786383987.50,2916.66,12010539.55,273.93,136.96
1786383989.52,2918.68,12010539.55,0.00,0.00
1786383991.53,2920.69,12010778.32,238.77,119.38
1786383993.55,2922.71,12010811.52,33.20,16.60
1786383995.67,2924.83,12010879.39,67.87,33.94
1786383997.69,2926.85,12011020.51,141.11,70.56
1786383999.70,2928.86,12011188.96,168.46,84.23
1786384001.72,2930.88,12011393.55,204.59,102.29
1786384003.95,2933.11,12011393.55,0.00,0.00
1786384005.96,2935.12,12011499.51,105.96,52.98
1786384007.99,2937.14,12011643.55,144.04,72.02
1786384010.00,2939.16,12011647.46,3.91,1.95
1786384012.01,2941.17,12011937.01,289.55,144.78
1786384014.03,2943.18,12011937.01,0.00,0.00
1786384016.04,2945.20,12012049.32,112.30,56.15
1786384018.05,2947.21,12012226.07,176.76,88.38
1786384020.07,2949.23,12012226.56,0.49,0.24
1786384022.08,2951.24,12012572.27,345.70,172.85
1786384024.10,2953.25,12012572.27,0.00,0.00
1786384026.11,2955.27,12012712.40,140.14,70.07
1786384028.13,2957.29,12012814.45,102.05,51.03
1786384030.15,2959.31,12012814.45,0.00,0.00
1786384032.16,2961.32,12013089.84,275.39,137.70
1786384034.18,2963.34,12013089.84,0.00,0.00
1786384036.19,2965.35,12013255.86,166.02,83.01
1786384038.20,2967.36,12013499.02,243.16,121.58
1786384040.22,2969.38,12013499.02,0.00,0.00
1786384042.24,2971.40,12013697.75,198.73,99.37
1786384044.25,2973.41,12013842.77,145.02,72.51
1786384046.27,2975.43,12014040.53,197.75,98.88
1786384048.30,2977.46,12014082.52,41.99,21.00
1786384050.32,2979.48,12014241.70,159.18,79.59
1786384052.33,2981.49,12014580.57,338.87,169.43
1786384054.35,2983.51,12014580.57,0.00,0.00
1786384056.37,2985.52,12014710.94,130.37,65.19
1786384058.38,2987.54,12014778.81,67.87,33.94
1786384060.40,2989.55,12014805.66,26.86,13.43
1786384062.41,2991.57,12015020.51,214.84,107.42
1786384064.44,2993.59,12015320.31,299.80,149.90
1786384066.78,2995.94,12015320.31,0.00,0.00
1786384068.81,2997.97,12015491.70,171.39,85.69
1786384070.83,2999.98,12015549.80,58.11,29.05
1786384072.84,3002.00,12015623.05,73.24,36.62
1786384074.86,3004.01,12015726.07,103.03,51.51
1786384076.88,3006.04,12015726.07,0.00,0.00
1786384078.89,3008.05,12015785.64,59.57,29.79
1786384081.14,3010.30,12015812.01,26.37,13.18
1786384083.16,3012.31,12015936.04,124.02,62.01
1786384085.17,3014.33,12016037.11,101.07,50.54
1786384087.19,3016.34,12016037.11,0.00,0.00
1786384089.20,3018.36,12016037.60,0.49,0.24
1786384091.22,3020.37,12016180.66,143.07,71.53
1786384093.23,3022.39,12016289.55,108.89,54.44
1786384095.25,3024.40,12016690.92,401.37,200.68
1786384097.26,3026.42,12016690.92,0.00,0.00
1786384099.27,3028.43,12016856.45,165.53,82.76
1786384101.29,3030.45,12017008.79,152.34,76.17
1786384103.31,3032.47,12017092.29,83.50,41.75
1786384105.33,3034.48,12017517.09,424.80,212.40
1786384107.34,3036.50,12017517.58,0.49,0.24
1786384109.35,3038.51,12017654.30,136.72,68.36
1786384111.37,3040.53,12017830.57,176.27,88.13
1786384113.38,3042.54,12018399.90,569.34,284.67
1786384115.39,3044.55,12018637.70,237.79,118.90
1786384117.40,3046.56,12018637.70,0.00,0.00
1786384119.42,3048.58,12019034.67,396.97,198.49
1786384121.43,3050.59,12019078.61,43.95,21.97
1786384123.44,3052.60,12019249.51,170.90,85.45
1786384125.46,3054.62,12019250.00,0.49,0.24
1786384127.47,3056.63,12019550.29,300.29,150.15
1786384129.49,3058.65,12019550.29,0.00,0.00
1786384131.51,3060.67,12019721.68,171.39,85.69
1786384133.53,3062.69,12019721.68,0.00,0.00
1786384135.55,3064.71,12019721.68,0.00,0.00
1786384137.57,3066.73,12019901.37,179.69,89.84
1786384139.59,3068.75,12019901.37,0.00,0.00
1786384141.61,3070.76,12020084.96,183.59,91.80
1786384143.62,3072.78,12020130.86,45.90,22.95
1786384145.63,3074.79,12020388.18,257.32,128.66
1786384147.64,3076.80,12020388.18,0.00,0.00
1786384149.66,3078.82,12020529.79,141.60,70.80
1786384151.68,3080.84,12020746.58,216.80,108.40
1786384153.70,3082.85,12020781.25,34.67,17.33
1786384155.71,3084.86,12020919.43,138.18,69.09
1786384157.72,3086.88,12020919.43,0.00,0.00
1786384159.74,3088.90,12021187.99,268.55,134.28
1786384161.75,3090.91,12021332.52,144.53,72.27
1786384163.77,3092.93,12021338.38,5.86,2.93
1786384165.86,3095.02,12021471.19,132.81,66.41
1786384167.88,3097.04,12021471.68,0.49,0.24
1786384169.89,3099.05,12021563.48,91.80,45.90
1786384171.91,3101.07,12021732.91,169.43,84.72
1786384173.92,3103.08,12021822.27,89.36,44.68
1786384175.94,3105.09,12021822.27,0.00,0.00
1786384177.96,3107.11,12021929.69,107.42,53.71
1786384179.97,3109.13,12022020.51,90.82,45.41
1786384181.98,3111.14,12022110.84,90.33,45.17
1786384183.99,3113.15,12022295.41,184.57,92.29
1786384186.01,3115.16,12022346.19,50.78,25.39
1786384188.02,3117.17,12022847.66,501.46,250.73
1786384190.03,3119.19,12022847.66,0.00,0.00
1786384192.05,3121.21,12023204.59,356.93,178.47
1786384194.07,3123.23,12023218.75,14.16,7.08
1786384196.09,3125.24,12023303.22,84.47,42.24
1786384198.12,3127.28,12023416.50,113.28,56.64
1786384200.14,3129.30,12023555.18,138.67,69.34
1786384202.15,3131.31,12023762.21,207.03,103.52
1786384204.18,3133.33,12023884.77,122.56,61.28
1786384206.19,3135.34,12023902.34,17.58,8.79
1786384208.20,3137.36,12023948.73,46.39,23.19
1786384210.21,3139.37,12024137.70,188.96,94.48
1786384212.23,3141.38,12024146.97,9.28,4.64
1786384214.24,3143.40,12024201.66,54.69,27.34
1786384216.26,3145.41,12024201.66,0.00,0.00
1786384218.38,3147.54,12024300.29,98.63,49.32
1786384220.39,3149.55,12024505.86,205.57,102.78
1786384222.41,3151.57,12024505.86,0.00,0.00
1786384224.42,3153.58,12024505.86,0.00,0.00
1786384226.43,3155.59,12024674.32,168.46,84.23
1786384228.45,3157.60,12024674.80,0.49,0.24
1786384230.46,3159.62,12024830.57,155.76,77.88
1786384232.47,3161.63,12024979.98,149.41,74.71
1786384234.50,3163.66,12025020.02,40.04,20.02
1786384236.52,3165.68,12025437.99,417.97,208.98
1786384238.72,3167.87,12025438.48,0.49,0.24
1786384240.73,3169.89,12025573.73,135.25,67.63
1786384242.75,3171.91,12025820.31,246.58,123.29
1786384244.77,3173.92,12025907.71,87.40,43.70
1786384246.78,3175.94,12026098.63,190.92,95.46
1786384248.80,3177.95,12026099.12,0.49,0.24
1786384250.81,3179.97,12026241.21,142.09,71.04
1786384252.82,3181.98,12026241.21,0.00,0.00
1786384254.84,3184.00,12026357.91,116.70,58.35
1786384256.85,3186.01,12026540.04,182.13,91.06
1786384258.87,3188.03,12026540.04,0.00,0.00
1786384260.89,3190.05,12026678.71,138.67,69.34
1786384262.91,3192.07,12026845.21,166.50,83.25
1786384264.92,3194.08,12026937.99,92.77,46.39
1786384266.94,3196.10,12026972.17,34.18,17.09
1786384268.96,3198.12,12026972.17,0.00,0.00
1786384270.98,3200.14,12027143.07,170.90,85.45
1786384272.99,3202.15,12027402.34,259.28,129.64
1786384275.01,3204.16,12027406.74,4.39,2.20
1786384277.02,3206.18,12027469.24,62.50,31.25
1786384279.04,3208.20,12027715.82,246.58,123.29
1786384281.06,3210.22,12027715.82,0.00,0.00
1786384283.08,3212.24,12027883.79,167.97,83.98
1786384285.10,3214.26,12027974.12,90.33,45.17
1786384287.13,3216.29,12027974.12,0.00,0.00
1786384289.15,3218.31,12028147.46,173.34,86.67
1786384291.17,3220.33,12028351.07,203.61,101.81
1786384293.18,3222.34,12028546.88,195.80,97.90
1786384295.20,3224.36,12028600.59,53.71,26.86
1786384297.26,3226.42,12028650.88,50.29,25.15
1786384299.28,3228.43,12028844.73,193.85,96.92
1786384301.29,3230.45,12028844.73,0.00,0.00
1786384303.30,3232.46,12029043.95,199.22,99.61
1786384305.32,3234.48,12029156.74,112.79,56.40
1786384307.33,3236.49,12029417.48,260.74,130.37
1786384309.35,3238.51,12029692.38,274.90,137.45
1786384311.36,3240.52,12029692.87,0.49,0.24
1786384313.38,3242.54,12030023.93,331.05,165.53
1786384315.41,3244.57,12030037.11,13.18,6.59
1786384317.43,3246.59,12030037.60,0.49,0.24
1786384319.44,3248.60,12030223.63,186.04,93.02
1786384321.46,3250.61,12030223.63,0.00,0.00
1786384323.47,3252.63,12030374.51,150.88,75.44
1786384325.50,3254.66,12030843.75,469.24,234.62
1786384327.51,3256.67,12030843.75,0.00,0.00
1786384329.53,3258.69,12031142.09,298.34,149.17
1786384331.54,3260.70,12031142.58,0.49,0.24
1786384333.56,3262.72,12031347.66,205.08,102.54
1786384335.57,3264.73,12031505.86,158.20,79.10
1786384337.78,3266.93,12031505.86,0.00,0.00
1786384339.79,3268.95,12032011.72,505.86,252.93
1786384341.80,3270.96,12032073.73,62.01,31.01
1786384343.82,3272.97,12032311.52,237.79,118.90
1786384345.83,3274.99,12032445.31,133.79,66.89
1786384347.84,3277.00,12032543.46,98.14,49.07
1786384349.85,3279.01,12032578.61,35.16,17.58
1786384351.90,3281.06,12032611.33,32.71,16.36
1786384353.91,3283.07,12032835.94,224.61,112.30
1786384355.93,3285.09,12032926.76,90.82,45.41
1786384357.94,3287.10,12032926.76,0.00,0.00
1786384359.96,3289.11,12032993.65,66.89,33.45
1786384361.97,3291.13,12032993.65,0.00,0.00
1786384363.99,3293.14,12033214.84,221.19,110.60
1786384366.00,3295.16,12033475.10,260.25,130.13
1786384368.19,3297.35,12033522.95,47.85,23.93
1786384370.22,3299.38,12033877.44,354.49,177.25
1786384372.23,3301.39,12033887.70,10.25,5.13
1786384374.25,3303.40,12034217.77,330.08,165.04
1786384376.26,3305.42,12034217.77,0.00,0.00
1786384378.38,3307.53,12034325.68,107.91,53.96
1786384380.41,3309.57,12034390.14,64.45,32.23
1786384382.43,3311.59,12034462.89,72.75,36.38
1786384384.45,3313.60,12034598.63,135.74,67.87
1786384386.47,3315.63,12034598.63,0.00,0.00
1786384388.49,3317.65,12034679.69,81.05,40.53
1786384390.81,3319.97,12034680.18,0.49,0.24
1786384392.83,3321.99,12034859.86,179.69,89.84
1786384394.86,3324.02,12034920.90,61.04,30.52
1786384396.88,3326.04,12035125.98,205.08,102.54
1786384398.90,3328.06,12035373.54,247.56,123.78
1786384400.92,3330.08,12035486.82,113.28,56.64
1786384402.93,3332.09,12035678.22,191.41,95.70
1786384404.95,3334.11,12035790.04,111.82,55.91
1786384406.97,3336.13,12035790.53,0.49,0.24
1786384409.01,3338.17,12035922.85,132.32,66.16
1786384411.02,3340.18,12036162.11,239.26,119.63
1786384413.04,3342.20,12036390.14,228.03,114.01
1786384415.06,3344.21,12036400.39,10.25,5.13
1786384417.07,3346.23,12036602.05,201.66,100.83
1786384419.09,3348.25,12036694.34,92.29,46.14
1786384421.44,3350.60,12036694.34,0.00,0.00
1786384423.45,3352.61,12037029.30,334.96,167.48
1786384425.47,3354.63,12037056.64,27.34,13.67
1786384427.48,3356.64,12037056.64,0.00,0.00
1786384429.50,3358.66,12037359.86,303.22,151.61
1786384431.51,3360.67,12037359.86,0.00,0.00
1786384433.53,3362.68,12037605.47,245.61,122.80
1786384435.54,3364.70,12037714.84,109.38,54.69
1786384437.56,3366.72,12037736.33,21.48,10.74
1786384439.58,3368.74,12037973.14,236.82,118.41
1786384441.59,3370.75,12037973.14,0.00,0.00
1786384443.61,3372.77,12038143.07,169.92,84.96
1786384445.62,3374.78,12038145.51,2.44,1.22
1786384447.65,3376.81,12038145.51,0.00,0.00
1786384449.67,3378.83,12038283.69,138.18,69.09
1786384451.68,3380.84,12038284.18,0.49,0.24
1786384453.70,3382.86,12038666.99,382.81,191.41
1786384455.71,3384.87,12038666.99,0.00,0.00
1786384457.73,3386.89,12038666.99,0.00,0.00
1786384459.75,3388.90,12039138.67,471.68,235.84
1786384461.76,3390.91,12039285.64,146.97,73.49
1786384463.78,3392.93,12039351.56,65.92,32.96
1786384465.79,3394.95,12039518.55,166.99,83.50
1786384467.81,3396.96,12039519.04,0.49,0.24
1786384469.82,3398.98,12039888.67,369.63,184.81
1786384471.84,3401.00,12039888.67,0.00,0.00
1786384473.87,3403.03,12039985.35,96.68,48.34
1786384475.89,3405.05,12040111.33,125.98,62.99
1786384477.91,3407.06,12040111.33,0.00,0.00
1786384479.92,3409.08,12040360.35,249.02,124.51
1786384481.93,3411.09,12040360.35,0.00,0.00
1786384483.95,3413.11,12040480.47,120.12,60.06
1786384485.96,3415.12,12040575.68,95.21,47.61
1786384487.98,3417.14,12040575.68,0.00,0.00
1786384490.00,3419.16,12040826.17,250.49,125.24
1786384492.02,3421.18,12040826.17,0.00,0.00
1786384494.04,3423.20,12040899.41,73.24,36.62
1786384496.05,3425.21,12040993.16,93.75,46.88
1786384498.09,3427.25,12041013.67,20.51,10.25
1786384500.11,3429.27,12041194.82,181.15,90.58
1786384502.12,3431.28,12041194.82,0.00,0.00
1786384504.14,3433.30,12041425.78,230.96,115.48
1786384506.15,3435.31,12041426.27,0.49,0.24
1786384508.17,3437.32,12041453.61,27.34,13.67
1786384510.18,3439.34,12041692.38,238.77,119.38
1786384512.20,3441.36,12041692.87,0.49,0.24
1786384514.21,3443.37,12041783.20,90.33,45.17
1786384516.23,3445.39,12042014.16,230.96,115.48
1786384518.25,3447.41,12042069.82,55.66,27.83
1786384520.26,3449.42,12042142.58,72.75,36.38
1786384522.27,3451.43,12042142.58,0.00,0.00
1786384524.29,3453.45,12042142.58,0.00,0.00
1786384526.30,3455.46,12042406.74,264.16,132.08
1786384528.32,3457.47,12042407.23,0.49,0.24
1786384530.33,3459.49,12042627.93,220.70,110.35
1786384532.34,3461.50,12042902.83,274.90,137.45
1786384534.36,3463.52,12042902.83,0.00,0.00
1786384536.37,3465.53,12043296.39,393.55,196.78
1786384538.38,3467.54,12043478.52,182.13,91.06
1786384540.40,3469.55,12043719.24,240.72,120.36
1786384542.43,3471.59,12043980.96,261.72,130.86
1786384544.44,3473.60,12043980.96,0.00,0.00
1786384546.46,3475.62,12044084.96,104.00,52.00
1786384548.47,3477.63,12044402.34,317.38,158.69
1786384550.49,3479.64,12044508.30,105.96,52.98
1786384552.50,3481.65,12044781.25,272.95,136.47
1786384554.51,3483.67,12044781.25,0.00,0.00
1786384556.53,3485.69,12044921.88,140.62,70.31
1786384558.55,3487.70,12045019.04,97.17,48.58
1786384560.74,3489.90,12045037.11,18.07,9.03
1786384562.86,3492.02,12045085.94,48.83,24.41
1786384564.88,3494.04,12045085.94,0.00,0.00
1786384566.90,3496.06,12045254.39,168.46,84.23
1786384568.92,3498.08,12045254.39,0.00,0.00
1786384570.93,3500.09,12045521.97,267.58,133.79
1786384572.95,3502.10,12045533.69,11.72,5.86
1786384574.96,3504.11,12045730.96,197.27,98.63
1786384576.97,3506.13,12045935.06,204.10,102.05
1786384578.99,3508.14,12046104.49,169.43,84.72
1786384581.00,3510.16,12046145.02,40.53,20.26
1786384583.02,3512.17,12046183.11,38.09,19.04
1786384585.03,3514.19,12046354.00,170.90,85.45
1786384587.05,3516.20,12046721.19,367.19,183.59
1786384589.06,3518.22,12046767.58,46.39,23.19
1786384591.07,3520.23,12046894.53,126.95,63.48
1786384593.09,3522.25,12046958.98,64.45,32.23
1786384595.10,3524.26,12047082.52,123.54,61.77
1786384597.12,3526.28,12047082.52,0.00,0.00
1786384599.13,3528.29,12047144.53,62.01,31.01
1786384601.15,3530.31,12047262.21,117.68,58.84
1786384603.16,3532.32,12047513.18,250.98,125.49
1786384605.18,3534.34,12047639.65,126.46,63.23
1786384607.20,3536.35,12047640.14,0.49,0.24
1786384609.21,3538.37,12047778.81,138.67,69.34
1786384611.23,3540.38,12047979.98,201.17,100.59
1786384613.24,3542.40,12047999.51,19.53,9.77
1786384615.26,3544.42,12048207.03,207.52,103.76
1786384617.28,3546.44,12048207.03,0.00,0.00
1786384619.29,3548.45,12048513.18,306.15,153.08
1786384621.31,3550.47,12048513.18,0.00,0.00
1786384623.33,3552.48,12048622.07,108.89,54.44
1786384625.34,3554.50,12048808.59,186.52,93.26
1786384627.35,3556.51,12048809.08,0.49,0.24
1786384629.37,3558.53,12049041.50,232.42,116.21
1786384631.38,3560.54,12049041.99,0.49,0.24
1786384633.40,3562.56,12049165.53,123.54,61.77
1786384635.50,3564.66,12049250.98,85.45,42.72
1786384637.52,3566.68,12049250.98,0.00,0.00
1786384639.53,3568.69,12049585.94,334.96,167.48
1786384641.55,3570.70,12049585.94,0.00,0.00
1786384643.56,3572.72,12049773.93,187.99,93.99
1786384645.58,3574.74,12049785.64,11.72,5.86
1786384647.59,3576.75,12050014.65,229.00,114.50
1786384649.61,3578.77,12050324.22,309.57,154.79
1786384651.62,3580.78,12050653.32,329.10,164.55
1786384653.64,3582.79,12050850.59,197.27,98.63
1786384655.65,3584.81,12050850.59,0.00,0.00
1786384657.66,3586.82,12050982.91,132.32,66.16
1786384659.68,3588.84,12051273.44,290.53,145.26
1786384661.77,3590.93,12051396.97,123.54,61.77
1786384663.79,3592.95,12051408.69,11.72,5.86
1786384665.83,3594.98,12051459.96,51.27,25.63
1786384667.84,3597.00,12051460.45,0.49,0.24
1786384669.85,3599.01,12051593.75,133.30,66.65
1786384671.87,3601.03,12051700.68,106.93,53.47
1786384673.88,3603.04,12051870.61,169.92,84.96
1786384675.90,3605.06,12051955.57,84.96,42.48
1786384678.03,3607.19,12052037.11,81.54,40.77
1786384680.04,3609.20,12052166.02,128.91,64.45
1786384682.06,3611.22,12052336.91,170.90,85.45
1786384684.07,3613.23,12052537.60,200.68,100.34
1786384686.08,3615.24,12052577.64,40.04,20.02
1786384688.10,3617.25,12052599.61,21.97,10.99
1786384690.13,3619.29,12052682.13,82.52,41.26
1786384692.15,3621.31,12052944.82,262.70,131.35
1786384694.17,3623.32,12053169.43,224.61,112.30
1786384696.20,3625.36,12053207.03,37.60,18.80
1786384698.21,3627.37,12053207.03,0.00,0.00
1786384700.23,3629.39,12053398.44,191.41,95.70
1786384702.24,3631.40,12053484.86,86.43,43.21
1786384704.26,3633.41,12053742.19,257.32,128.66
1786384706.30,3635.45,12053827.15,84.96,42.48
1786384708.31,3637.47,12053827.15,0.00,0.00
1786384710.32,3639.48,12054110.84,283.69,141.85
1786384712.34,3641.50,12054110.84,0.00,0.00
1786384714.35,3643.51,12054388.18,277.34,138.67
1786384716.36,3645.52,12054530.27,142.09,71.04
1786384718.37,3647.53,12054530.76,0.49,0.24
1786384720.39,3649.55,12054740.23,209.47,104.74
1786384722.40,3651.56,12054950.68,210.45,105.22
1786384724.42,3653.58,12055090.33,139.65,69.82
1786384726.43,3655.59,12055090.82,0.49,0.24
1786384728.44,3657.60,12055116.21,25.39,12.70
1786384730.46,3659.61,12055332.03,215.82,107.91
1786384732.47,3661.63,12055437.99,105.96,52.98
1786384734.48,3663.64,12055437.99,0.00,0.00
1786384736.50,3665.66,12055508.79,70.80,35.40
1786384738.51,3667.67,12055509.77,0.98,0.49
1786384740.61,3669.77,12055571.78,62.01,31.01
1786384742.62,3671.78,12055697.75,125.98,62.99
1786384744.64,3673.80,12055972.66,274.90,137.45
1786384746.86,3676.02,12055974.61,1.95,0.98
1786384748.88,3678.04,12055974.61,0.00,0.00
1786384750.89,3680.05,12056254.88,280.27,140.14
1786384752.91,3682.07,12056255.37,0.49,0.24
1786384754.92,3684.08,12056351.56,96.19,48.10
1786384756.94,3686.10,12056658.69,307.13,153.56
1786384758.95,3688.11,12056729.98,71.29,35.64
1786384760.97,3690.13,12056901.86,171.88,85.94
1786384762.99,3692.15,12056901.86,0.00,0.00
1786384765.00,3694.16,12057101.07,199.22,99.61
1786384767.02,3696.18,12057101.07,0.00,0.00
1786384769.03,3698.19,12057241.21,140.14,70.07
1786384771.04,3700.20,12057311.04,69.82,34.91
1786384773.06,3702.22,12057572.27,261.23,130.62
1786384775.08,3704.24,12057583.50,11.23,5.62
1786384777.18,3706.34,12057640.62,57.13,28.56
1786384779.19,3708.35,12057833.01,192.38,96.19
1786384781.20,3710.36,12057849.61,16.60,8.30
1786384783.22,3712.38,12057955.57,105.96,52.98
1786384785.23,3714.39,12058315.92,360.35,180.18
1786384787.25,3716.41,12058316.41,0.49,0.24
1786384789.26,3718.42,12058516.60,200.20,100.10
1786384791.28,3720.44,12058553.22,36.62,18.31
1786384793.30,3722.45,12058804.69,251.46,125.73
1786384795.31,3724.47,12058960.94,156.25,78.12
1786384797.32,3726.48,12058961.43,0.49,0.24
1786384799.34,3728.50,12059147.95,186.52,93.26
1786384801.35,3730.51,12059168.95,21.00,10.50
1786384803.36,3732.52,12059168.95,0.00,0.00
1786384805.38,3734.54,12059544.92,375.98,187.99
1786384807.40,3736.56,12059545.41,0.49,0.24
1786384809.41,3738.57,12059645.02,99.61,49.80
1786384811.52,3740.68,12059892.58,247.56,123.78
1786384813.53,3742.69,12059892.58,0.00,0.00
1786384815.55,3744.71,12060250.98,358.40,179.20
1786384817.56,3746.72,12060251.95,0.98,0.49
1786384819.59,3748.74,12060252.44,0.49,0.24
1786384821.60,3750.76,12060432.13,179.69,89.84
1786384823.62,3752.78,12060432.13,0.00,0.00
1786384825.64,3754.80,12060666.50,234.38,117.19
1786384827.66,3756.82,12060666.50,0.00,0.00
1786384829.68,3758.83,12060744.63,78.12,39.06
1786384831.70,3760.85,12060844.73,100.10,50.05
1786384833.71,3762.87,12061014.65,169.92,84.96
1786384835.73,3764.89,12061120.61,105.96,52.98
1786384837.75,3766.91,12061120.61,0.00,0.00
1786384839.76,3768.92,12061229.49,108.89,54.44
1786384841.79,3770.95,12061328.61,99.12,49.56
1786384843.80,3772.96,12061561.52,232.91,116.46
1786384845.82,3774.98,12061699.71,138.18,69.09
1786384847.83,3776.99,12061699.71,0.00,0.00
1786384849.85,3779.01,12061822.27,122.56,61.28
1786384851.88,3781.04,12061822.75,0.49,0.24
1786384853.90,3783.06,12062000.00,177.25,88.62
1786384855.91,3785.06,12062222.17,222.17,111.08
1786384857.92,3787.08,12062222.17,0.00,0.00
1786384859.94,3789.10,12062287.60,65.43,32.71
1786384861.95,3791.11,12062667.97,380.37,190.19
1786384863.96,3793.12,12062747.07,79.10,39.55
1786384865.98,3795.14,12062949.71,202.64,101.32
1786384868.00,3797.16,12062949.71,0.00,0.00
1786384870.02,3799.18,12062954.10,4.39,2.20
1786384872.04,3801.20,12063292.97,338.87,169.43
1786384874.05,3803.21,12063330.57,37.60,18.80
1786384876.11,3805.26,12063493.16,162.60,81.30
1786384878.13,3807.29,12063493.65,0.49,0.24
1786384880.14,3809.30,12063784.67,291.02,145.51
1786384882.16,3811.32,12063784.67,0.00,0.00
1786384884.25,3813.41,12063799.32,14.65,7.32
1786384886.38,3815.54,12063858.89,59.57,29.79
1786384888.40,3817.56,12063859.38,0.49,0.24
1786384890.42,3819.58,12064029.79,170.41,85.21
1786384892.44,3821.60,12064270.51,240.72,120.36
1786384894.77,3823.93,12064367.68,97.17,48.58
1786384896.78,3825.94,12064404.30,36.62,18.31
1786384898.80,3827.96,12064404.30,0.00,0.00
1786384900.82,3829.98,12064500.98,96.68,48.34
1786384902.84,3832.00,12064609.38,108.40,54.20
1786384904.86,3834.01,12064882.32,272.95,136.47
1786384906.86,3836.02,12065144.04,261.72,130.86
1786384908.88,3838.04,12065144.04,0.00,0.00
1786384911.04,3840.20,12065211.91,67.87,33.94
1786384913.05,3842.21,12065348.63,136.72,68.36
1786384915.07,3844.23,12065488.28,139.65,69.82
1786384917.09,3846.25,12065488.28,0.00,0.00
1786384919.13,3848.29,12065545.41,57.13,28.56
1786384921.16,3850.32,12065650.88,105.47,52.73
1786384923.17,3852.33,12065898.93,248.05,124.02
1786384925.19,3854.34,12065916.50,17.58,8.79
1786384927.29,3856.44,12065963.87,47.36,23.68
1786384929.30,3858.46,12066070.31,106.45,53.22
1786384931.31,3860.47,12066196.29,125.98,62.99
1786384933.33,3862.48,12066392.58,196.29,98.14
1786384935.34,3864.50,12066469.73,77.15,38.57
1786384937.35,3866.51,12066542.97,73.24,36.62
1786384939.37,3868.52,12066543.46,0.49,0.24
1786384941.38,3870.54,12066969.24,425.78,212.89
1786384943.40,3872.56,12066969.24,0.00,0.00
1786384945.41,3874.57,12067106.93,137.70,68.85
1786384947.43,3876.59,12067106.93,0.00,0.00
1786384949.45,3878.61,12067135.74,28.81,14.40
1786384951.46,3880.62,12067310.55,174.80,87.40
1786384953.48,3882.64,12067444.34,133.79,66.89
1786384955.50,3884.66,12067710.94,266.60,133.30
1786384957.53,3886.68,12067783.20,72.27,36.13
1786384959.54,3888.70,12067824.22,41.02,20.51
1786384961.55,3890.71,12068047.85,223.63,111.82
1786384963.56,3892.72,12068090.33,42.48,21.24
1786384965.58,3894.74,12068155.27,64.94,32.47
1786384967.60,3896.75,12068155.76,0.49,0.24
1786384969.62,3898.77,12068230.47,74.71,37.35
1786384971.65,3900.81,12068383.79,153.32,76.66
1786384973.67,3902.82,12068523.44,139.65,69.82
1786384975.68,3904.84,12068811.04,287.60,143.80
1786384977.69,3906.85,12068831.05,20.02,10.01
1786384979.71,3908.86,12068913.57,82.52,41.26
1786384981.73,3910.89,12069033.69,120.12,60.06
1786384983.74,3912.90,12069163.57,129.88,64.94
1786384985.76,3914.92,12069484.86,321.29,160.64
1786384987.80,3916.95,12069622.56,137.70,68.85
1786384989.81,3918.97,12069718.75,96.19,48.10
1786384991.82,3920.98,12069758.30,39.55,19.78
1786384993.83,3922.99,12070028.32,270.02,135.01
1786384995.85,3925.00,12070128.42,100.10,50.05
1786384997.86,3927.02,12070130.37,1.95,0.98
1786384999.88,3929.03,12070130.37,0.00,0.00
1786385001.90,3931.06,12070205.08,74.71,37.35
1786385003.92,3933.08,12070205.08,0.00,0.00
1786385005.94,3935.10,12070410.16,205.08,102.54
1786385007.96,3937.12,12070410.64,0.49,0.24
1786385009.97,3939.13,12070414.55,3.91,1.95
1786385011.99,3941.14,12070635.25,220.70,110.35
1786385014.00,3943.16,12070773.44,138.18,69.09
1786385016.02,3945.18,12070905.76,132.32,66.16
1786385018.06,3947.22,12070906.25,0.49,0.24
1786385020.07,3949.23,12070924.80,18.55,9.28
1786385022.09,3951.24,12071374.51,449.71,224.85
1786385024.10,3953.26,12071374.51,0.00,0.00
1786385026.12,3955.28,12071698.73,324.22,162.11
1786385028.14,3957.29,12071757.81,59.08,29.54
1786385030.15,3959.31,12071804.20,46.39,23.19
1786385032.16,3961.32,12071985.84,181.64,90.82
1786385034.18,3963.34,12072187.50,201.66,100.83
1786385036.25,3965.41,12072297.85,110.35,55.18
1786385038.27,3967.42,12072297.85,0.00,0.00
1786385040.28,3969.44,12072366.70,68.85,34.42
1786385042.29,3971.45,12072571.29,204.59,102.29
1786385044.30,3973.46,12072571.29,0.00,0.00
1786385046.32,3975.47,12072574.71,3.42,1.71
1786385048.49,3977.65,12072576.17,1.46,0.73
1786385050.50,3979.66,12072750.98,174.80,87.40
1786385052.52,3981.68,12072981.45,230.47,115.23
1786385054.53,3983.69,12072981.93,0.49,0.24
1786385056.55,3985.70,12073288.09,306.15,153.08
1786385058.56,3987.72,12073288.09,0.00,0.00
1786385060.58,3989.73,12073434.57,146.48,73.24
1786385062.58,3991.74,12073490.72,56.15,28.08
1786385064.60,3993.76,12073628.91,138.18,69.09
1786385066.61,3995.77,12073999.02,370.12,185.06
1786385068.63,3997.79,12074100.59,101.56,50.78
1786385070.65,3999.81,12074227.05,126.46,63.23
1786385072.66,4001.82,12074242.68,15.62,7.81
1786385074.74,4003.90,12074299.80,57.13,28.56
1786385076.76,4005.92,12074438.48,138.67,69.34
1786385078.77,4007.93,12074438.48,0.00,0.00
1786385080.79,4009.95,12074659.18,220.70,110.35
1786385082.82,4011.97,12074675.29,16.11,8.06
1786385084.84,4013.99,12074825.20,149.90,74.95
1786385086.85,4016.01,12075068.85,243.65,121.83
1786385088.86,4018.02,12075068.85,0.00,0.00
1786385090.88,4020.04,12075272.46,203.61,101.81
1786385092.90,4022.06,12075292.48,20.02,10.01
1786385094.92,4024.08,12075470.70,178.22,89.11
1786385096.94,4026.10,12075610.84,140.14,70.07
1786385098.95,4028.11,12075610.84,0.00,0.00
1786385100.97,4030.12,12075744.14,133.30,66.65
1786385102.98,4032.14,12075865.23,121.09,60.55
1786385105.00,4034.16,12075917.48,52.25,26.12
1786385107.01,4036.17,12076123.05,205.57,102.78
1786385109.03,4038.19,12076324.71,201.66,100.83
1786385111.04,4040.20,12076350.59,25.88,12.94
1786385113.11,4042.27,12076409.18,58.59,29.30
1786385115.13,4044.28,12076410.16,0.98,0.49
1786385117.15,4046.31,12076609.38,199.22,99.61
1786385119.17,4048.33,12076609.38,0.00,0.00
1786385121.19,4050.35,12076749.02,139.65,69.82
1786385123.20,4052.36,12076749.51,0.49,0.24
1786385125.22,4054.38,12076972.66,223.14,111.57
1786385127.24,4056.40,12076972.66,0.00,0.00
1786385129.26,4058.42,12076972.66,0.00,0.00
1786385131.28,4060.44,12077232.91,260.25,130.13
1786385133.29,4062.45,12077424.32,191.41,95.70
1786385135.31,4064.47,12077492.19,67.87,33.94
1786385137.32,4066.48,12077558.11,65.92,32.96
1786385139.34,4068.50,12077558.11,0.00,0.00
1786385141.36,4070.52,12077855.47,297.36,148.68
1786385143.38,4072.54,12077855.47,0.00,0.00
1786385145.40,4074.55,12078064.94,209.47,104.74
1786385147.41,4076.57,12078118.16,53.22,26.61
1786385149.49,4078.64,12078169.92,51.76,25.88
1786385151.50,4080.66,12078428.71,258.79,129.39
1786385153.51,4082.67,12078428.71,0.00,0.00
1786385155.53,4084.69,12078502.44,73.73,36.87
1786385157.54,4086.70,12078592.29,89.84,44.92
1786385159.55,4088.71,12078602.54,10.25,5.13
1786385161.57,4090.73,12078706.54,104.00,52.00
1786385163.58,4092.74,12078910.64,204.10,102.05
1786385165.60,4094.76,12079007.81,97.17,48.58
1786385167.62,4096.77,12079007.81,0.00,0.00
1786385169.67,4098.83,12079078.12,70.31,35.16
1786385171.70,4100.86,12079282.23,204.10,102.05
1786385173.72,4102.88,12079662.11,379.88,189.94
1786385175.74,4104.90,12079705.08,42.97,21.48
1786385177.76,4106.92,12079841.31,136.23,68.12
1786385179.78,4108.93,12079841.80,0.49,0.24
1786385181.79,4110.95,12079983.89,142.09,71.04
1786385183.81,4112.97,12080169.92,186.04,93.02
1786385185.82,4114.98,12080226.07,56.15,28.08
1786385187.84,4117.00,12080258.30,32.23,16.11
1786385189.86,4119.02,12080552.73,294.43,147.22
1786385191.91,4121.07,12080584.47,31.74,15.87
1786385193.92,4123.08,12080660.64,76.17,38.09
1786385195.94,4125.10,12080791.02,130.37,65.19
1786385197.95,4127.11,12080801.27,10.25,5.13
1786385199.97,4129.13,12080939.45,138.18,69.09
1786385201.99,4131.15,12081100.10,160.64,80.32
1786385204.02,4133.18,12081323.24,223.14,111.57
1786385206.04,4135.20,12081354.98,31.74,15.87
1786385208.05,4137.21,12081527.83,172.85,86.43
1786385210.07,4139.22,12081527.83,0.00,0.00
1786385212.09,4141.24,12081701.17,173.34,86.67
1786385214.11,4143.26,12081953.12,251.95,125.98
1786385216.12,4145.28,12081977.05,23.93,11.96
1786385218.13,4147.29,12082011.23,34.18,17.09
1786385220.15,4149.31,12082184.57,173.34,86.67
1786385222.17,4151.33,12082583.50,398.93,199.46
1786385224.18,4153.34,12082595.21,11.72,5.86
1786385226.20,4155.36,12082628.91,33.69,16.85
1786385228.32,4157.48,12082686.52,57.62,28.81
1786385230.34,4159.50,12082686.52,0.00,0.00
1786385232.36,4161.52,12082814.94,128.42,64.21
1786385234.38,4163.54,12082815.43,0.49,0.24
1786385236.40,4165.56,12082953.12,137.70,68.85
1786385238.41,4167.57,12083039.06,85.94,42.97
1786385240.43,4169.59,12083059.08,20.02,10.01
1786385242.45,4171.60,12083368.16,309.08,154.54
1786385244.46,4173.62,12083368.16,0.00,0.00
1786385246.48,4175.64,12083576.17,208.01,104.00
1786385248.50,4177.66,12083576.17,0.00,0.00
1786385250.51,4179.67,12083646.48,70.31,35.16
1786385252.53,4181.69,12083890.62,244.14,122.07
1786385254.55,4183.71,12083890.62,0.00,0.00
1786385256.57,4185.72,12084161.13,270.51,135.25
1786385258.59,4187.75,12084267.09,105.96,52.98
1786385260.60,4189.76,12084267.09,0.00,0.00
1786385262.62,4191.78,12084543.46,276.37,138.18
1786385264.64,4193.80,12084543.46,0.00,0.00
1786385266.65,4195.81,12084707.52,164.06,82.03
1786385268.70,4197.86,12084785.64,78.12,39.06
1786385270.72,4199.87,12084809.57,23.93,11.96
1786385272.72,4201.88,12085024.90,215.33,107.67
1786385274.74,4203.90,12085165.53,140.62,70.31
1786385276.75,4205.91,12085165.53,0.00,0.00
1786385278.77,4207.92,12085341.80,176.27,88.13
1786385280.78,4209.94,12085370.12,28.32,14.16
1786385282.79,4211.95,12085479.98,109.86,54.93
1786385284.80,4213.96,12085629.39,149.41,74.71
1786385286.82,4215.98,12085854.00,224.61,112.30
1786385288.83,4217.99,12085936.52,82.52,41.26
1786385290.85,4220.01,12085948.73,12.21,6.10
1786385292.87,4222.03,12086167.48,218.75,109.38
1786385294.89,4224.04,12086167.48,0.00,0.00
1786385296.90,4226.06,12086376.46,208.98,104.49
1786385298.91,4228.07,12086522.95,146.48,73.24
1786385300.92,4230.08,12086681.64,158.69,79.35
1786385302.94,4232.10,12086855.96,174.32,87.16
1786385304.96,4234.11,12086967.77,111.82,55.91
1786385306.97,4236.13,12086967.77,0.00,0.00
1786385308.99,4238.15,12087246.58,278.81,139.40
1786385311.00,4240.16,12087271.97,25.39,12.70
1786385313.02,4242.18,12087603.52,331.54,165.77
1786385315.04,4244.19,12087603.52,0.00,0.00
1786385317.05,4246.21,12087838.38,234.86,117.43
1786385319.06,4248.22,12087981.93,143.55,71.78
1786385321.09,4250.24,12088123.54,141.60,70.80
1786385323.10,4252.26,12088332.52,208.98,104.49
1786385325.12,4254.27,12088332.52,0.00,0.00
1786385327.14,4256.29,12088509.28,176.76,88.38
1786385329.15,4258.31,12088697.75,188.48,94.24
1786385331.17,4260.33,12088733.89,36.13,18.07
1786385333.18,4262.34,12088763.18,29.30,14.65
1786385335.20,4264.36,12088763.18,0.00,0.00
1786385337.21,4266.37,12088969.73,206.54,103.27
1786385339.23,4268.39,12089190.43,220.70,110.35
1786385341.24,4270.40,12089203.61,13.18,6.59
1786385343.26,4272.42,12089707.52,503.91,251.95
1786385345.27,4274.43,12089990.23,282.71,141.36
1786385347.29,4276.45,12089990.72,0.49,0.24
1786385349.30,4278.46,12090123.54,132.81,66.41
1786385351.32,4280.48,12090263.67,140.14,70.07
1786385353.33,4282.49,12090360.84,97.17,48.58
1786385355.34,4284.50,12090429.69,68.85,34.42
1786385357.36,4286.52,12090587.89,158.20,79.10
1786385359.38,4288.53,12090722.66,134.77,67.38
1786385361.39,4290.55,12090915.04,192.38,96.19
1786385363.41,4292.57,12090923.83,8.79,4.39
1786385365.43,4294.59,12091083.50,159.67,79.83
1786385367.55,4296.71,12091133.30,49.80,24.90
1786385369.57,4298.73,12091310.06,176.76,88.38
1786385371.58,4300.74,12091391.11,81.05,40.53
1786385373.59,4302.75,12091484.38,93.26,46.63
1786385375.61,4304.77,12091484.38,0.00,0.00
1786385377.63,4306.79,12091657.23,172.85,86.43
1786385379.65,4308.80,12091875.00,217.77,108.89
1786385381.66,4310.82,12091989.26,114.26,57.13
1786385383.69,4312.85,12092083.01,93.75,46.88
1786385385.71,4314.86,12092083.01,0.00,0.00
1786385387.72,4316.88,12092186.04,103.03,51.51
1786385389.74,4318.90,12092404.79,218.75,109.38
1786385391.75,4320.91,12092582.03,177.25,88.62
1786385393.78,4322.94,12092705.08,123.05,61.52
1786385395.79,4324.95,12092705.08,0.00,0.00
1786385397.81,4326.97,12092837.40,132.32,66.16
1786385399.83,4328.99,12093096.68,259.28,129.64
1786385401.84,4331.00,12093232.42,135.74,67.87
1786385403.89,4333.04,12093324.71,92.29,46.14
1786385405.90,4335.06,12093353.52,28.81,14.40
1786385407.91,4337.07,12093466.80,113.28,56.64
1786385409.92,4339.08,12093635.25,168.46,84.23
1786385411.94,4341.10,12093875.98,240.72,120.36
1786385413.96,4343.12,12093876.46,0.49,0.24
1786385415.98,4345.13,12093950.68,74.22,37.11
1786385417.99,4347.14,12093977.05,26.37,13.18
1786385420.01,4349.17,12094116.21,139.16,69.58
1786385422.03,4351.19,12094217.29,101.07,50.54
1786385424.05,4353.21,12094217.77,0.49,0.24
1786385426.07,4355.22,12094311.52,93.75,46.88
1786385428.11,4357.27,12094311.52,0.00,0.00
1786385430.12,4359.28,12094514.16,202.64,101.32
1786385432.51,4361.67,12094618.16,104.00,52.00
1786385434.54,4363.70,12094656.74,38.57,19.29
1786385436.56,4365.71,12094998.54,341.80,170.90
1786385438.57,4367.73,12094998.54,0.00,0.00
1786385440.59,4369.75,12095198.73,200.20,100.10
1786385442.72,4371.87,12095268.55,69.82,34.91
1786385444.73,4373.89,12095369.14,100.59,50.29
1786385446.75,4375.91,12095504.88,135.74,67.87
1786385448.77,4377.93,12095597.66,92.77,46.39
1786385450.79,4379.95,12095771.00,173.34,86.67
1786385452.81,4381.97,12095947.75,176.76,88.38
1786385454.82,4383.97,12095979.98,32.23,16.11
1786385456.84,4386.00,12096129.88,149.90,74.95
1786385458.86,4388.02,12096130.37,0.49,0.24
1786385460.88,4390.04,12096373.54,243.16,121.58
1786385462.90,4392.05,12096374.02,0.49,0.24
1786385464.91,4394.07,12096497.56,123.54,61.77
1786385466.92,4396.08,12096656.25,158.69,79.35
1786385468.94,4398.10,12096656.25,0.00,0.00
1786385470.96,4400.12,12096870.61,214.36,107.18
1786385472.98,4402.14,12097068.85,198.24,99.12
1786385474.99,4404.15,12097153.81,84.96,42.48
1786385477.00,4406.16,12097312.99,159.18,79.59
1786385479.05,4408.21,12097367.68,54.69,27.34
1786385481.07,4410.23,12097468.26,100.59,50.29
1786385483.10,4412.26,12097499.02,30.76,15.38
1786385485.12,4414.28,12097642.58,143.55,71.78
1786385487.13,4416.29,12097782.71,140.14,70.07
1786385489.15,4418.30,12097917.97,135.25,67.63
1786385491.16,4420.32,12097952.15,34.18,17.09
1786385493.17,4422.33,12098198.24,246.09,123.05
1786385495.20,4424.36,12098198.24,0.00,0.00
1786385497.22,4426.37,12098368.16,169.92,84.96
1786385499.23,4428.39,12098627.44,259.28,129.64
1786385501.24,4430.40,12098684.57,57.13,28.56
1786385503.26,4432.42,12098819.34,134.77,67.38
1786385505.28,4434.44,12098819.34,0.00,0.00
1786385507.30,4436.46,12098924.32,104.98,52.49
1786385509.32,4438.48,12099169.43,245.12,122.56
1786385511.34,4440.49,12099263.18,93.75,46.88
1786385513.35,4442.51,12099306.15,42.97,21.48
1786385515.36,4444.52,12099432.13,125.98,62.99
1786385517.38,4446.54,12099432.13,0.00,0.00
1786385519.41,4448.56,12099504.39,72.27,36.13
1786385521.42,4450.58,12099682.13,177.73,88.87
1786385523.43,4452.59,12099754.39,72.27,36.13
1786385525.45,4454.61,12100195.31,440.92,220.46
1786385527.48,4456.64,12100195.31,0.00,0.00
1786385529.50,4458.66,12100541.50,346.19,173.10
1786385531.52,4460.68,12100625.49,83.98,41.99
1786385533.54,4462.70,12100632.32,6.84,3.42
1786385535.55,4464.71,12100632.81,0.49,0.24
1786385537.57,4466.73,12101027.34,394.53,197.27
1786385539.58,4468.74,12101027.83,0.49,0.24
1786385541.60,4470.76,12101268.07,240.23,120.12
1786385543.61,4472.77,12101482.91,214.84,107.42
1786385545.63,4474.78,12101482.91,0.00,0.00
1786385547.65,4476.80,12101547.85,64.94,32.47
1786385549.66,4478.82,12101641.60,93.75,46.88
1786385551.68,4480.84,12101857.91,216.31,108.15
1786385553.70,4482.86,12101893.55,35.64,17.82
1786385555.71,4484.87,12101931.15,37.60,18.80
1786385557.72,4486.88,12102171.88,240.72,120.36
1786385559.75,4488.91,12102310.55,138.67,69.34
1786385561.76,4490.92,12102460.45,149.90,74.95
1786385563.78,4492.94,12102646.48,186.04,93.02
1786385565.80,4494.95,12102646.48,0.00,0.00
1786385567.81,4496.97,12102787.11,140.62,70.31
1786385569.84,4499.00,12102993.16,206.05,103.03
1786385571.85,4501.01,12103122.07,128.91,64.45
1786385573.87,4503.03,12103180.18,58.11,29.05
1786385576.00,4505.15,12103213.38,33.20,16.60
1786385578.19,4507.35,12103264.65,51.27,25.63
1786385580.21,4509.37,12103352.05,87.40,43.70
1786385582.23,4511.39,12103545.90,193.85,96.92
1786385584.25,4513.41,12103575.68,29.79,14.89
1786385586.83,4515.98,12103620.61,44.92,22.46
1786385588.84,4518.00,12103678.71,58.11,29.05
1786385590.91,4520.07,12103684.57,5.86,2.93
1786385592.93,4522.08,12103747.07,62.50,31.25
1786385594.94,4524.10,12103852.05,104.98,52.49
1786385596.95,4526.11,12103852.05,0.00,0.00
1786385598.97,4528.13,12104105.47,253.42,126.71
1786385600.98,4530.14,12104105.47,0.00,0.00
1786385602.99,4532.15,12104174.32,68.85,34.42
1786385605.01,4534.16,12104357.91,183.59,91.80
1786385607.02,4536.18,12104357.91,0.00,0.00
1786385609.03,4538.19,12104497.56,139.65,69.82
1786385611.04,4540.20,12104755.37,257.81,128.91
1786385613.06,4542.22,12105080.57,325.20,162.60
1786385615.07,4544.23,12105130.37,49.80,24.90
1786385617.09,4546.25,12105298.34,167.97,83.98
1786385619.11,4548.27,12105479.49,181.15,90.58
1786385621.12,4550.28,12105825.68,346.19,173.10
1786385623.14,4552.30,12105845.21,19.53,9.77
1786385625.16,4554.32,12105915.53,70.31,35.16
1786385627.17,4556.33,12106276.86,361.33,180.66
1786385629.43,4558.59,12106276.86,0.00,0.00
1786385631.45,4560.61,12106439.45,162.60,81.30
1786385633.46,4562.62,12106480.96,41.50,20.75
1786385635.47,4564.63,12106480.96,0.00,0.00
1786385637.49,4566.65,12106911.62,430.66,215.33
1786385639.50,4568.66,12106942.87,31.25,15.62
1786385641.52,4570.67,12107075.20,132.32,66.16
1786385643.53,4572.69,12107123.54,48.34,24.17
1786385645.54,4574.70,12107246.09,122.56,61.28
1786385647.56,4576.72,12107246.09,0.00,0.00
1786385649.58,4578.74,12107581.54,335.45,167.72
1786385651.60,4580.75,12107581.54,0.00,0.00
1786385653.61,4582.77,12107747.56,166.02,83.01
1786385655.73,4584.89,12107756.84,9.28,4.64
1786385657.75,4586.91,12107756.84,0.00,0.00
1786385659.76,4588.92,12107845.21,88.38,44.19
1786385661.78,4590.94,12107941.89,96.68,48.34
1786385663.79,4592.95,12108006.84,64.94,32.47
1786385665.83,4594.99,12108120.61,113.77,56.88
1786385667.84,4597.00,12108120.61,0.00,0.00
1786385669.86,4599.02,12108192.38,71.78,35.89
1786385671.87,4601.03,12108387.70,195.31,97.66
1786385673.89,4603.05,12108457.03,69.34,34.67
1786385675.90,4605.06,12108827.64,370.61,185.30
1786385677.92,4607.08,12108827.64,0.00,0.00
1786385679.93,4609.09,12108964.84,137.21,68.60
1786385681.95,4611.11,12109186.52,221.68,110.84
1786385683.96,4613.12,12109251.95,65.43,32.71
1786385685.98,4615.14,12109251.95,0.00,0.00
1786385688.00,4617.16,12109252.44,0.49,0.24
1786385690.02,4619.18,12109380.37,127.93,63.96
1786385692.03,4621.19,12109612.30,231.93,115.97
1786385694.04,4623.20,12109646.97,34.67,17.33
1786385696.06,4625.22,12109646.97,0.00,0.00
1786385698.07,4627.23,12109653.81,6.84,3.42
1786385700.09,4629.24,12110014.16,360.35,180.18
1786385702.10,4631.26,12110235.84,221.68,110.84
1786385704.12,4633.28,12110348.63,112.79,56.40
1786385706.15,4635.30,12110349.12,0.49,0.24
1786385708.26,4637.42,12110402.83,53.71,26.86
1786385710.27,4639.43,12110691.89,289.06,144.53
1786385712.28,4641.44,12110830.08,138.18,69.09
1786385714.30,4643.45,12110964.36,134.28,67.14
1786385716.31,4645.47,12111030.27,65.92,32.96
1786385718.33,4647.49,12111112.30,82.03,41.02
1786385720.35,4649.51,12111206.05,93.75,46.88
1786385722.36,4651.52,12111206.54,0.49,0.24
1786385724.48,4653.64,12111206.54,0.00,0.00
1786385726.51,4655.67,12111291.50,84.96,42.48
1786385728.52,4657.68,12111291.99,0.49,0.24
1786385730.54,4659.69,12111588.38,296.39,148.19
1786385732.55,4661.70,12111602.54,14.16,7.08
1786385734.56,4663.71,12111602.54,0.00,0.00
1786385736.57,4665.73,12111707.52,104.98,52.49
1786385738.59,4667.74,12111707.52,0.00,0.00
1786385740.60,4669.76,12111979.49,271.97,135.99
1786385742.61,4671.77,12112030.27,50.78,25.39
1786385744.63,4673.79,12112149.90,119.63,59.81
1786385746.64,4675.80,12112453.12,303.22,151.61
1786385748.66,4677.82,12112453.12,0.00,0.00
1786385750.67,4679.83,12112627.93,174.80,87.40
1786385752.69,4681.85,12112778.81,150.88,75.44
1786385754.70,4683.86,12112947.27,168.46,84.23
1786385756.71,4685.87,12113145.02,197.75,98.88
1786385758.73,4687.89,12113145.02,0.00,0.00
1786385760.74,4689.90,12113499.02,354.00,177.00
1786385762.75,4691.91,12113843.26,344.24,172.12
1786385764.77,4693.93,12113915.53,72.27,36.13
1786385766.78,4695.94,12113981.93,66.41,33.20
1786385768.80,4697.95,12113981.93,0.00,0.00
1786385770.82,4699.97,12114071.78,89.84,44.92
1786385772.83,4701.99,12114073.24,1.46,0.73
1786385774.85,4704.01,12114073.24,0.00,0.00
1786385776.93,4706.08,12114073.24,0.00,0.00
1786385778.99,4708.15,12114354.98,281.74,140.87
1786385781.01,4710.17,12114361.82,6.84,3.42
1786385783.02,4712.18,12114774.90,413.09,206.54
1786385785.03,4714.19,12114820.31,45.41,22.71
1786385787.05,4716.20,12114820.31,0.00,0.00
1786385789.10,4718.26,12115032.23,211.91,105.96
1786385791.11,4720.27,12115032.71,0.49,0.24
1786385793.13,4722.29,12115326.17,293.46,146.73
1786385795.15,4724.31,12115326.17,0.00,0.00
1786385797.16,4726.32,12115326.17,0.00,0.00
1786385799.20,4728.36,12115558.11,231.93,115.97
1786385801.21,4730.37,12115558.11,0.00,0.00
1786385803.23,4732.39,12115699.71,141.60,70.80
1786385805.24,4734.40,12116025.39,325.68,162.84
1786385807.26,4736.42,12116080.08,54.69,27.34
1786385809.28,4738.44,12116358.40,278.32,139.16
1786385811.29,4740.45,12116358.40,0.00,0.00
1786385813.31,4742.46,12116535.16,176.76,88.38
1786385815.32,4744.48,12116799.80,264.65,132.32
1786385817.34,4746.50,12116799.80,0.00,0.00
1786385819.36,4748.51,12117179.69,379.88,189.94
1786385821.37,4750.53,12117271.97,92.29,46.14
1786385823.39,4752.55,12117400.88,128.91,64.45
1786385825.41,4754.57,12117745.61,344.73,172.36
1786385827.43,4756.59,12117770.51,24.90,12.45
1786385829.45,4758.61,12117909.18,138.67,69.34
1786385831.47,4760.63,12117909.18,0.00,0.00
1786385833.48,4762.64,12118104.49,195.31,97.66
1786385835.50,4764.66,12118104.98,0.49,0.24
1786385837.52,4766.68,12118104.98,0.00,0.00
1786385839.54,4768.70,12118182.13,77.15,38.57
1786385841.57,4770.72,12118182.62,0.49,0.24
1786385843.59,4772.74,12118254.88,72.27,36.13
1786385845.60,4774.76,12118683.11,428.22,214.11
1786385847.61,4776.77,12118702.64,19.53,9.77
1786385849.63,4778.79,12118834.47,131.84,65.92
1786385851.65,4780.81,12118834.47,0.00,0.00
1786385853.66,4782.82,12118899.90,65.43,32.71
1786385855.68,4784.84,12119053.22,153.32,76.66
1786385857.69,4786.85,12119053.22,0.00,0.00
1786385859.71,4788.87,12119548.34,495.12,247.56
1786385861.73,4790.89,12119623.54,75.20,37.60
1786385863.75,4792.91,12119762.70,139.16,69.58
1786385865.77,4794.93,12119879.39,116.70,58.35
1786385867.78,4796.94,12119879.39,0.00,0.00
1786385869.80,4798.96,12120035.64,156.25,78.12
1786385871.82,4800.98,12120087.89,52.25,26.12
1786385873.84,4803.00,12120176.76,88.87,44.43
1786385875.86,4805.02,12120519.53,342.77,171.39
1786385877.88,4807.04,12120519.53,0.00,0.00
1786385879.90,4809.05,12120661.13,141.60,70.80
1786385881.92,4811.07,12120710.45,49.32,24.66
1786385883.95,4813.11,12120857.91,147.46,73.73
1786385885.97,4815.12,12121034.67,176.76,88.38
1786385887.98,4817.14,12121034.67,0.00,0.00
1786385889.99,4819.15,12121268.55,233.89,116.94
1786385892.01,4821.17,12121343.75,75.20,37.60
1786385894.02,4823.18,12121357.91,14.16,7.08
1786385896.04,4825.19,12121454.59,96.68,48.34
1786385898.22,4827.37,12121511.72,57.13,28.56
1786385900.23,4829.39,12121618.65,106.93,53.47
1786385902.25,4831.40,12121759.28,140.62,70.31
1786385904.26,4833.42,12121789.55,30.27,15.14
1786385906.28,4835.44,12121891.60,102.05,51.03
1786385908.30,4837.46,12121958.01,66.41,33.20
1786385910.31,4839.47,12122026.86,68.85,34.42
1786385912.33,4841.49,12122206.05,179.20,89.60
1786385914.34,4843.50,12122308.59,102.54,51.27
1786385916.36,4845.52,12122309.08,0.49,0.24
1786385918.38,4847.53,12122401.37,92.29,46.14
1786385920.40,4849.55,12122663.57,262.21,131.10
1786385922.41,4851.57,12122875.00,211.43,105.71
1786385924.45,4853.60,12123393.55,518.55,259.28
1786385926.46,4855.62,12123393.55,0.00,0.00
1786385928.48,4857.64,12123502.93,109.38,54.69
1786385930.49,4859.65,12123502.93,0.00,0.00
1786385932.51,4861.67,12123738.28,235.35,117.68
1786385934.52,4863.67,12124007.81,269.53,134.77
1786385936.53,4865.69,12124007.81,0.00,0.00
1786385938.54,4867.70,12124149.41,141.60,70.80
1786385940.56,4869.72,12124149.90,0.49,0.24
1786385942.57,4871.73,12124398.44,248.54,124.27
1786385944.60,4873.76,12124425.29,26.86,13.43
1786385946.61,4875.77,12124428.22,2.93,1.46
1786385948.63,4877.79,12124428.22,0.00,0.00
1786385950.64,4879.80,12124521.00,92.77,46.39
1786385952.66,4881.82,12124521.00,0.00,0.00
1786385954.67,4883.83,12124824.22,303.22,151.61
1786385956.71,4885.86,12124857.91,33.69,16.85
1786385958.72,4887.88,12125051.76,193.85,96.92
1786385960.73,4889.89,12125115.23,63.48,31.74
1786385962.75,4891.90,12125249.02,133.79,66.89
1786385964.76,4893.92,12125357.42,108.40,54.20
1786385966.77,4895.93,12125407.71,50.29,25.15
1786385968.79,4897.95,12125471.19,63.48,31.74
1786385970.80,4899.96,12125703.61,232.42,116.21
1786385972.82,4901.98,12125837.40,133.79,66.89
1786385974.84,4904.00,12125969.24,131.84,65.92
1786385976.85,4906.00,12126175.29,206.05,103.03
1786385978.88,4908.04,12126414.55,239.26,119.63
1786385981.07,4910.23,12126414.55,0.00,0.00
1786385983.09,4912.25,12126574.22,159.67,79.83
1786385985.11,4914.27,12126709.47,135.25,67.63
1786385987.18,4916.34,12126715.33,5.86,2.93
1786385989.20,4918.36,12126892.58,177.25,88.62
1786385991.21,4920.37,12126892.58,0.00,0.00
1786385993.22,4922.38,12126993.65,101.07,50.54
1786385995.24,4924.40,12127272.95,279.30,139.65
1786385997.25,4926.41,12127442.38,169.43,84.72
1786385999.27,4928.43,12127551.27,108.89,54.44
1786386001.29,4930.45,12127551.27,0.00,0.00
1786386003.30,4932.46,12127827.64,276.37,138.18
1786386005.32,4934.48,12127827.64,0.00,0.00
1786386007.33,4936.49,12127827.64,0.00,0.00
1786386009.37,4938.53,12128207.03,379.39,189.70
1786386011.38,4940.54,12128270.51,63.48,31.74
1786386013.40,4942.56,12128580.08,309.57,154.79
1786386015.41,4944.57,12128580.57,0.49,0.24
1786386017.43,4946.58,12128580.57,0.00,0.00
1786386019.44,4948.60,12128755.86,175.29,87.65
1786386021.46,4950.61,12128756.35,0.49,0.24
1786386023.47,4952.63,12128756.35,0.00,0.00
1786386025.51,4954.67,12129000.00,243.65,121.83
1786386027.52,4956.68,12129000.49,0.49,0.24
1786386029.53,4958.69,12129000.49,0.00,0.00
1786386031.55,4960.71,12129340.82,340.33,170.17
1786386033.57,4962.73,12129340.82,0.00,0.00
1786386035.59,4964.74,12129498.05,157.23,78.61
1786386037.60,4966.75,12129577.15,79.10,39.55
1786386039.62,4968.77,12129604.00,26.86,13.43
1786386041.63,4970.79,12129682.62,78.61,39.31
1786386043.65,4972.81,12129825.20,142.58,71.29
1786386045.67,4974.82,12129922.85,97.66,48.83
1786386047.68,4976.84,12130053.22,130.37,65.19
1786386049.70,4978.85,12130090.33,37.11,18.55
1786386051.72,4980.88,12130251.95,161.62,80.81
1786386053.74,4982.89,12130582.03,330.08,165.04
1786386055.75,4984.91,12130666.02,83.98,41.99
1786386057.76,4986.92,12130827.15,161.13,80.57
1786386059.77,4988.93,12130858.89,31.74,15.87
1786386061.79,4990.95,12130934.57,75.68,37.84
1786386063.81,4992.97,12130934.57,0.00,0.00
1786386065.83,4994.99,12131209.47,274.90,137.45
1786386067.85,4997.00,12131209.96,0.49,0.24
1786386069.86,4999.02,12131229.98,20.02,10.01
1786386071.88,5001.04,12131363.77,133.79,66.89
1786386073.90,5003.05,12131493.65,129.88,64.94
1786386075.91,5005.07,12131685.06,191.41,95.70
1786386077.93,5007.09,12131685.06,0.00,0.00
1786386079.94,5009.10,12131827.15,142.09,71.04
1786386081.96,5011.12,12131827.64,0.49,0.24
1786386083.98,5013.13,12132127.93,300.29,150.15
1786386085.99,5015.15,12132127.93,0.00,0.00
1786386088.14,5017.30,12132127.93,0.00,0.00
1786386090.16,5019.31,12132206.54,78.61,39.31
1786386092.17,5021.33,12132206.54,0.00,0.00
1786386094.18,5023.34,12132474.12,267.58,133.79
1786386096.20,5025.36,12132670.41,196.29,98.14
1786386098.22,5027.37,12132690.92,20.51,10.25
1786386100.23,5029.39,12133011.23,320.31,160.16
1786386102.25,5031.40,12133011.23,0.00,0.00
1786386104.26,5033.42,12133297.36,286.13,143.07
1786386106.28,5035.44,12133297.85,0.49,0.24
1786386108.30,5037.46,12133382.32,84.47,42.24
1786386110.31,5039.47,12133500.49,118.16,59.08
1786386112.33,5041.49,12133500.98,0.49,0.24
1786386114.34,5043.50,12133717.77,216.80,108.40
1786386116.36,5045.52,12133717.77,0.00,0.00
1786386118.38,5047.54,12133813.48,95.70,47.85
1786386120.39,5049.55,12133840.82,27.34,13.67
1786386122.41,5051.57,12134108.89,268.07,134.03
1786386124.42,5053.58,12134394.53,285.64,142.82
1786386126.44,5055.60,12134430.66,36.13,18.07
1786386128.47,5057.62,12134558.59,127.93,63.96
1786386130.49,5059.65,12134662.60,104.00,52.00
1786386132.51,5061.67,12134662.60,0.00,0.00
1786386134.52,5063.68,12134961.43,298.83,149.41
1786386136.65,5065.81,12134984.38,22.95,11.47
1786386138.66,5067.82,12135047.36,62.99,31.49
1786386140.68,5069.84,12135112.79,65.43,32.71
1786386142.69,5071.85,12135231.93,119.14,59.57
1786386144.71,5073.87,12135565.43,333.50,166.75
1786386146.72,5075.88,12135565.92,0.49,0.24
1786386148.74,5077.90,12135732.42,166.50,83.25
1786386150.76,5079.92,12135732.42,0.00,0.00
1786386152.77,5081.93,12135779.30,46.88,23.44
1786386154.79,5083.95,12136135.25,355.96,177.98
1786386156.80,5085.96,12136135.25,0.00,0.00
1786386158.83,5087.99,12136331.54,196.29,98.14
1786386160.84,5090.00,12136332.03,0.49,0.24
1786386162.86,5092.02,12136413.09,81.05,40.53
1786386164.89,5094.05,12136648.44,235.35,117.68
1786386166.91,5096.07,12136648.44,0.00,0.00
1786386168.93,5098.09,12136785.64,137.21,68.60
1786386170.94,5100.10,12136853.03,67.38,33.69
1786386172.96,5102.12,12136906.25,53.22,26.61
1786386174.97,5104.12,12137055.18,148.93,74.46
1786386176.98,5106.14,12137055.66,0.49,0.24
1786386179.00,5108.16,12137229.49,173.83,86.91
1786386181.02,5110.18,12137229.49,0.00,0.00
1786386183.04,5112.20,12137347.66,118.16,59.08
1786386185.05,5114.20,12137410.64,62.99,31.49
1786386187.07,5116.22,12137540.04,129.39,64.70
1786386189.09,5118.25,12137670.90,130.86,65.43
1786386191.11,5120.27,12137781.25,110.35,55.18
1786386193.13,5122.29,12137836.91,55.66,27.83
1786386195.14,5124.30,12138000.00,163.09,81.54
1786386197.16,5126.31,12138000.49,0.49,0.24
1786386199.17,5128.33,12138180.66,180.18,90.09
1786386201.19,5130.35,12138180.66,0.00,0.00
1786386203.20,5132.36,12138337.89,157.23,78.61
1786386205.22,5134.38,12138479.00,141.11,70.56
1786386207.23,5136.39,12138479.00,0.00,0.00
1786386209.26,5138.42,12138586.91,107.91,53.96
1786386211.27,5140.43,12138586.91,0.00,0.00
1786386213.29,5142.45,12138775.39,188.48,94.24
1786386215.30,5144.46,12138847.66,72.27,36.13
1786386217.32,5146.48,12139102.05,254.39,127.20
1786386219.34,5148.50,12139342.77,240.72,120.36
1786386221.37,5150.53,12139505.86,163.09,81.54
1786386223.39,5152.55,12139728.52,222.66,111.33
1786386225.40,5154.56,12139910.64,182.13,91.06
1786386227.42,5156.58,12139911.13,0.49,0.24
1786386229.44,5158.60,12140119.63,208.50,104.25
1786386231.46,5160.62,12140119.63,0.00,0.00
1786386233.48,5162.64,12140288.57,168.95,84.47
1786386235.49,5164.65,12140345.70,57.13,28.56
1786386237.51,5166.67,12140427.73,82.03,41.02
1786386239.53,5168.69,12140553.71,125.98,62.99
1786386241.54,5170.70,12140841.80,288.09,144.04
1786386243.55,5172.71,12141222.66,380.86,190.43
1786386245.64,5174.80,12141289.55,66.89,33.45
1786386247.65,5176.81,12141292.97,3.42,1.71
1786386249.85,5179.00,12141292.97,0.00,0.00
1786386251.86,5181.02,12141358.89,65.92,32.96
1786386253.89,5183.05,12141540.04,181.15,90.58
1786386255.90,5185.06,12141775.39,235.35,117.68
1786386257.91,5187.07,12141783.69,8.30,4.15
1786386259.93,5189.09,12141953.61,169.92,84.96
1786386261.95,5191.10,12142043.46,89.84,44.92
1786386263.96,5193.12,12142319.34,275.88,137.94
1786386265.97,5195.13,12142383.30,63.96,31.98
1786386267.98,5197.14,12142383.30,0.00,0.00
1786386270.00,5199.16,12142558.11,174.80,87.40
1786386272.02,5201.18,12142558.11,0.00,0.00
1786386274.04,5203.20,12142737.30,179.20,89.60
1786386276.06,5205.22,12142846.19,108.89,54.44
1786386278.07,5207.23,12142872.07,25.88,12.94
1786386280.09,5209.24,12142979.00,106.93,53.47
1786386282.11,5211.26,12143256.35,277.34,138.67
1786386284.13,5213.29,12143294.92,38.57,19.29
1786386286.25,5215.41,12143349.12,54.20,27.10
1786386288.27,5217.43,12143361.33,12.21,6.10
1786386290.28,5219.44,12143414.06,52.73,26.37
1786386292.30,5221.46,12143545.90,131.84,65.92
1786386294.32,5223.48,12143687.01,141.11,70.56
1786386296.34,5225.50,12143826.17,139.16,69.58
1786386298.35,5227.51,12143894.04,67.87,33.94
1786386300.40,5229.55,12143978.52,84.47,42.24
1786386302.41,5231.57,12144223.14,244.63,122.31
1786386304.42,5233.58,12144466.31,243.16,121.58
1786386306.44,5235.59,12144532.71,66.41,33.20
1786386308.45,5237.61,12144645.51,112.79,56.40
1786386310.47,5239.63,12144704.10,58.59,29.30
1786386312.49,5241.65,12144902.83,198.73,99.37
1786386314.50,5243.66,12145004.39,101.56,50.78
1786386316.52,5245.68,12145222.66,218.26,109.13
1786386318.55,5247.71,12145280.27,57.62,28.81
1786386320.57,5249.72,12145445.80,165.53,82.76
1786386322.60,5251.76,12145486.82,41.02,20.51
1786386324.61,5253.77,12145506.35,19.53,9.77
1786386326.72,5255.87,12145562.99,56.64,28.32
1786386328.73,5257.89,12145562.99,0.00,0.00
1786386330.75,5259.91,12145699.71,136.72,68.36
1786386332.77,5261.93,12145958.98,259.28,129.64
1786386334.78,5263.94,12146000.49,41.50,20.75
1786386336.80,5265.96,12146254.88,254.39,127.20
1786386338.82,5267.98,12146254.88,0.00,0.00
1786386340.83,5269.99,12146394.53,139.65,69.82
1786386342.85,5272.01,12146639.65,245.12,122.56
1786386344.87,5274.03,12146661.62,21.97,10.99
1786386346.90,5276.05,12146915.04,253.42,126.71
1786386348.91,5278.07,12146915.04,0.00,0.00
1786386350.93,5280.08,12147258.30,343.26,171.63
1786386352.95,5282.10,12147258.30,0.00,0.00
1786386354.96,5284.12,12147363.28,104.98,52.49
1786386356.98,5286.13,12147421.39,58.11,29.05
1786386358.99,5288.14,12147473.14,51.76,25.88
1786386361.00,5290.16,12147559.08,85.94,42.97
1786386363.02,5292.18,12147630.86,71.78,35.89
1786386365.04,5294.20,12147771.97,141.11,70.56
1786386367.08,5296.24,12147933.11,161.13,80.57
1786386369.09,5298.25,12147933.11,0.00,0.00
1786386371.11,5300.27,12148174.80,241.70,120.85
1786386373.13,5302.29,12148174.80,0.00,0.00
1786386375.16,5304.31,12148384.77,209.96,104.98
1786386377.17,5306.33,12148555.18,170.41,85.21
1786386379.19,5308.35,12148727.05,171.88,85.94
1786386381.20,5310.36,12148901.37,174.32,87.16
1786386383.21,5312.37,12148901.86,0.49,0.24
1786386385.23,5314.39,12149317.87,416.02,208.01
1786386387.25,5316.41,12149317.87,0.00,0.00
1786386389.26,5318.42,12149523.44,205.57,102.78
1786386391.30,5320.45,12149562.01,38.57,19.29
1786386393.31,5322.47,12149627.93,65.92,32.96
1786386395.33,5324.49,12149662.11,34.18,17.09
1786386397.36,5326.51,12149694.82,32.71,16.36
1786386399.37,5328.53,12149882.32,187.50,93.75
1786386401.39,5330.54,12149901.86,19.53,9.77
1786386403.40,5332.55,12150016.11,114.26,57.13
1786386405.41,5334.57,12150143.07,126.95,63.48
1786386407.42,5336.58,12150143.55,0.49,0.24
1786386409.44,5338.60,12150348.63,205.08,102.54
1786386411.45,5340.61,12150380.86,32.23,16.11
1786386413.49,5342.65,12150483.40,102.54,51.27
1786386415.51,5344.67,12150771.00,287.60,143.80
1786386417.54,5346.70,12150771.48,0.49,0.24
1786386419.56,5348.72,12151012.70,241.21,120.61
1786386421.57,5350.73,12151012.70,0.00,0.00
1786386423.58,5352.74,12151320.31,307.62,153.81
1786386425.60,5354.76,12151570.31,250.00,125.00
1786386427.61,5356.77,12151607.91,37.60,18.80
1786386429.63,5358.78,12151674.80,66.89,33.45
1786386431.65,5360.80,12151674.80,0.00,0.00
1786386433.66,5362.82,12151674.80,0.00,0.00
1786386435.76,5364.92,12151779.30,104.49,52.25
1786386437.78,5366.93,12151919.92,140.62,70.31
1786386439.79,5368.95,12152259.28,339.36,169.68
1786386441.81,5370.96,12152260.25,0.98,0.49
1786386443.82,5372.98,12152318.85,58.59,29.30
1786386445.84,5374.99,12152530.76,211.91,105.96
1786386447.85,5377.01,12152531.25,0.49,0.24
1786386449.88,5379.04,12152674.32,143.07,71.53
1786386451.89,5381.05,12152780.76,106.45,53.22
1786386453.91,5383.07,12152867.68,86.91,43.46
1786386455.92,5385.08,12152980.47,112.79,56.40
1786386457.93,5387.09,12152980.47,0.00,0.00
1786386459.95,5389.10,12153208.98,228.52,114.26
1786386461.96,5391.12,12153313.96,104.98,52.49
1786386463.98,5393.13,12153371.09,57.13,28.56
1786386465.99,5395.15,12153588.38,217.29,108.64
1786386468.00,5397.16,12153588.38,0.00,0.00
1786386470.02,5399.18,12153772.95,184.57,92.29
1786386472.03,5401.19,12153796.88,23.93,11.96
1786386474.05,5403.20,12153916.02,119.14,59.57
1786386476.06,5405.22,12153924.32,8.30,4.15
1786386478.19,5407.35,12153924.32,0.00,0.00
1786386480.20,5409.36,12154099.61,175.29,87.65
1786386482.22,5411.38,12154378.91,279.30,139.65
1786386484.23,5413.39,12154410.16,31.25,15.62
1786386486.24,5415.40,12154583.01,172.85,86.43
1786386488.26,5417.42,12154583.50,0.49,0.24
1786386490.28,5419.43,12154720.70,137.21,68.60
1786386492.30,5421.46,12154879.39,158.69,79.35
1786386494.32,5423.47,12155067.87,188.48,94.24
1786386496.33,5425.49,12155111.82,43.95,21.97
1786386498.35,5427.51,12155112.30,0.49,0.24
1786386500.36,5429.52,12155362.79,250.49,125.24
1786386502.38,5431.54,12155532.23,169.43,84.72
1786386504.39,5433.55,12155609.38,77.15,38.57
1786386506.41,5435.57,12155818.36,208.98,104.49
1786386508.43,5437.59,12155818.36,0.00,0.00
1786386510.45,5439.61,12155898.44,80.08,40.04
1786386512.46,5441.62,12155898.93,0.49,0.24
1786386514.48,5443.63,12156064.45,165.53,82.76
1786386516.50,5445.65,12156379.88,315.43,157.71
1786386518.51,5447.67,12156379.88,0.00,0.00
1786386520.52,5449.68,12156517.09,137.21,68.60
1786386522.54,5451.70,12156659.18,142.09,71.04
1786386524.55,5453.71,12156840.33,181.15,90.58
1786386526.58,5455.74,12156859.38,19.04,9.52
1786386528.59,5457.75,12156859.38,0.00,0.00
1786386530.61,5459.77,12157016.11,156.74,78.37
1786386532.62,5461.78,12157155.76,139.65,69.82
1786386534.64,5463.80,12157155.76,0.00,0.00
1786386536.65,5465.81,12157439.45,283.69,141.85
1786386538.67,5467.82,12157439.45,0.00,0.00
1786386540.68,5469.84,12157656.25,216.80,108.40
1786386542.69,5471.85,12157924.80,268.55,134.28
1786386544.94,5474.10,12157947.27,22.46,11.23
1786386546.95,5476.11,12158001.95,54.69,27.34
1786386548.96,5478.12,12158002.44,0.49,0.24
1786386550.98,5480.14,12158142.58,140.14,70.07
1786386553.00,5482.16,12158312.50,169.92,84.96
1786386555.01,5484.17,12158490.72,178.22,89.11
1786386557.03,5486.19,12158491.21,0.49,0.24
1786386559.09,5488.25,12158553.22,62.01,31.01
1786386561.11,5490.27,12158807.13,253.91,126.95
1786386563.13,5492.29,12158807.13,0.00,0.00
1786386565.15,5494.31,12159156.74,349.61,174.80
1786386567.17,5496.33,12159287.11,130.37,65.19
1786386569.18,5498.34,12159360.35,73.24,36.62
1786386571.20,5500.36,12159447.75,87.40,43.70
1786386573.22,5502.38,12159546.88,99.12,49.56
1786386575.24,5504.40,12159864.26,317.38,158.69
1786386577.26,5506.42,12159864.26,0.00,0.00
1786386579.27,5508.43,12159969.24,104.98,52.49
1786386581.29,5510.45,12160000.49,31.25,15.62
1786386583.31,5512.47,12160068.85,68.36,34.18
1786386585.32,5514.48,12160135.74,66.89,33.45
1786386587.34,5516.49,12160136.23,0.49,0.24
1786386589.35,5518.51,12160267.58,131.35,65.67
1786386591.37,5520.52,12160583.98,316.41,158.20
1786386593.38,5522.54,12160583.98,0.00,0.00
1786386595.39,5524.55,12160973.63,389.65,194.82
1786386597.41,5526.57,12160973.63,0.00,0.00
1786386599.42,5528.58,12161110.84,137.21,68.60
1786386601.43,5530.59,12161182.13,71.29,35.64
1786386603.45,5532.60,12161322.27,140.14,70.07
1786386605.46,5534.62,12161551.76,229.49,114.75
1786386607.47,5536.63,12161552.25,0.49,0.24
1786386609.49,5538.65,12161713.87,161.62,80.81
1786386611.50,5540.66,12161757.32,43.46,21.73
1786386613.52,5542.67,12161888.67,131.35,65.67
1786386615.54,5544.69,12162093.26,204.59,102.29
1786386617.55,5546.71,12162093.75,0.49,0.24
1786386619.58,5548.73,12162125.00,31.25,15.62
1786386621.66,5550.82,12162163.57,38.57,19.29
1786386623.68,5552.84,12162163.57,0.00,0.00
1786386625.69,5554.85,12162475.10,311.52,155.76
1786386627.71,5556.87,12162475.10,0.00,0.00
1786386629.72,5558.88,12162564.45,89.36,44.68
1786386631.73,5560.89,12162646.00,81.54,40.77
1786386633.75,5562.90,12162735.84,89.84,44.92
1786386635.76,5564.92,12162939.94,204.10,102.05
1786386637.77,5566.93,12162940.43,0.49,0.24
1786386639.79,5568.95,12163056.15,115.72,57.86
1786386641.81,5570.97,12163144.04,87.89,43.95
1786386643.82,5572.98,12163386.23,242.19,121.09
1786386645.84,5575.00,12163478.52,92.29,46.14
1786386647.86,5577.02,12163478.52,0.00,0.00
1786386649.88,5579.04,12163626.46,147.95,73.97
1786386651.90,5581.06,12163645.51,19.04,9.52
1786386653.92,5583.07,12164035.16,389.65,194.82
1786386655.93,5585.09,12164189.94,154.79,77.39
1786386657.94,5587.10,12164311.52,121.58,60.79
1786386660.04,5589.20,12164441.41,129.88,64.94
1786386662.06,5591.22,12164573.24,131.84,65.92
1786386664.07,5593.23,12164573.24,0.00,0.00
1786386666.09,5595.25,12164882.32,309.08,154.54
1786386668.33,5597.49,12164882.32,0.00,0.00
1786386670.35,5599.51,12165010.74,128.42,64.21
1786386672.38,5601.54,12165083.50,72.75,36.38
1786386674.40,5603.56,12165353.03,269.53,134.77
1786386676.42,5605.58,12165586.43,233.40,116.70
1786386678.46,5607.61,12165589.84,3.42,1.71
1786386680.47,5609.63,12165830.57,240.72,120.36
1786386682.49,5611.65,12166022.95,192.38,96.19
1786386684.50,5613.66,12166099.12,76.17,38.09
1786386686.52,5615.68,12166335.45,236.33,118.16
1786386688.59,5617.75,12166471.68,136.23,68.12
1786386690.65,5619.81,12166496.09,24.41,12.21
1786386692.67,5621.83,12166642.58,146.48,73.24
1786386694.68,5623.84,12166808.11,165.53,82.76
1786386696.70,5625.86,12166977.54,169.43,84.72
1786386698.72,5627.88,12166977.54,0.00,0.00
1786386700.74,5629.89,12167413.09,435.55,217.77
1786386702.75,5631.90,12167580.08,166.99,83.50
1786386704.76,5633.92,12167771.00,190.92,95.46
1786386706.79,5635.95,12167792.97,21.97,10.99
1786386708.81,5637.97,12167792.97,0.00,0.00
1786386710.83,5639.99,12167858.40,65.43,32.71
1786386712.84,5642.00,12167950.20,91.80,45.90
1786386714.86,5644.02,12168042.97,92.77,46.39
1786386716.88,5646.04,12168042.97,0.00,0.00
1786386718.90,5648.05,12168042.97,0.00,0.00
1786386720.92,5650.07,12168249.02,206.05,103.03
1786386722.94,5652.09,12168249.02,0.00,0.00
1786386724.95,5654.11,12168507.32,258.30,129.15
1786386726.98,5656.13,12168533.69,26.37,13.18
1786386729.00,5658.15,12168534.18,0.49,0.24
1786386731.02,5660.17,12168984.86,450.68,225.34
1786386733.03,5662.19,12169041.02,56.15,28.08
1786386735.04,5664.20,12169050.29,9.28,4.64
1786386737.06,5666.22,12169185.06,134.77,67.38
1786386739.07,5668.23,12169218.26,33.20,16.60
1786386741.11,5670.27,12169288.09,69.82,34.91
1786386743.13,5672.28,12169494.14,206.05,103.03
1786386745.14,5674.30,12169795.90,301.76,150.88
1786386747.15,5676.31,12169960.94,165.04,82.52
1786386749.17,5678.33,12170004.39,43.46,21.73
1786386751.19,5680.35,12170067.38,62.99,31.49
1786386753.21,5682.37,12170284.67,217.29,108.64
1786386755.23,5684.39,12170488.77,204.10,102.05
1786386757.37,5686.53,12170509.28,20.51,10.25
1786386759.39,5688.55,12170537.60,28.32,14.16
1786386761.50,5690.66,12170583.98,46.39,23.19
1786386763.52,5692.68,12170583.98,0.00,0.00
1786386765.54,5694.69,12170895.51,311.52,155.76
1786386767.55,5696.71,12170896.00,0.49,0.24
1786386769.57,5698.72,12171041.50,145.51,72.75
1786386771.57,5700.73,12171340.82,299.32,149.66
1786386773.59,5702.75,12171340.82,0.00,0.00
1786386775.61,5704.77,12171568.85,228.03,114.01
1786386777.63,5706.79,12171568.85,0.00,0.00
1786386779.65,5708.81,12171745.61,176.76,88.38
1786386781.66,5710.82,12171754.88,9.28,4.64
1786386783.68,5712.84,12171833.50,78.61,39.31
1786386785.70,5714.86,12172167.97,334.47,167.24
1786386787.72,5716.88,12172168.46,0.49,0.24
1786386789.74,5718.89,12172286.62,118.16,59.08
1786386791.75,5720.91,12172375.49,88.87,44.43
1786386793.79,5722.95,12172558.59,183.11,91.55
1786386795.81,5724.97,12172789.06,230.47,115.23
1786386797.83,5726.99,12172789.55,0.49,0.24
1786386799.84,5729.00,12172885.74,96.19,48.10
1786386801.86,5731.02,12173005.86,120.12,60.06
1786386803.87,5733.03,12173081.54,75.68,37.84
1786386805.89,5735.04,12173274.90,193.36,96.68
1786386807.90,5737.06,12173274.90,0.00,0.00
1786386809.92,5739.08,12173411.13,136.23,68.12
1786386811.94,5741.10,12173527.34,116.21,58.11
1786386813.97,5743.13,12173759.77,232.42,116.21
1786386815.99,5745.14,12173890.62,130.86,65.43
1786386818.00,5747.16,12173891.11,0.49,0.24
1786386820.02,5749.18,12174032.23,141.11,70.56
1786386822.04,5751.20,12174138.67,106.45,53.22
1786386824.05,5753.21,12174201.17,62.50,31.25
1786386826.07,5755.22,12174646.97,445.80,222.90
1786386828.25,5757.41,12174646.97,0.00,0.00
1786386830.26,5759.42,12174712.89,65.92,32.96
1786386832.28,5761.44,12174712.89,0.00,0.00
1786386834.34,5763.50,12174712.89,0.00,0.00
1786386836.36,5765.52,12174849.12,136.23,68.12
1786386838.39,5767.54,12174849.12,0.00,0.00
1786386840.40,5769.56,12175042.48,193.36,96.68
1786386842.42,5771.58,12175169.43,126.95,63.48
1786386844.44,5773.59,12175200.20,30.76,15.38
1786386846.44,5775.60,12175376.95,176.76,88.38
1786386848.46,5777.62,12175380.37,3.42,1.71
1786386850.67,5779.83,12175382.32,1.95,0.98
1786386852.68,5781.84,12175564.45,182.13,91.06
1786386854.70,5783.85,12175915.04,350.59,175.29
1786386856.72,5785.87,12175915.04,0.00,0.00
1786386858.73,5787.89,12175915.53,0.49,0.24
1786386860.74,5789.90,12175979.98,64.45,32.23
1786386862.76,5791.92,12176120.12,140.14,70.07
1786386864.78,5793.93,12176260.25,140.14,70.07
1786386866.79,5795.95,12176260.25,0.00,0.00
1786386868.81,5797.97,12176260.25,0.00,0.00
1786386870.83,5799.99,12176357.42,97.17,48.58
1786386872.84,5802.00,12176624.02,266.60,133.30
1786386874.86,5804.02,12176645.02,21.00,10.50
1786386876.87,5806.03,12176697.27,52.25,26.12
1786386878.89,5808.05,12176697.75,0.49,0.24
1786386880.90,5810.06,12176864.26,166.50,83.25
1786386882.92,5812.07,12177072.75,208.50,104.25
1786386884.93,5814.09,12177192.87,120.12,60.06
1786386886.94,5816.10,12177386.23,193.36,96.68
1786386888.96,5818.12,12177386.72,0.49,0.24
1786386890.98,5820.13,12177455.57,68.85,34.42
1786386892.99,5822.15,12177630.37,174.80,87.40
1786386895.01,5824.16,12177766.60,136.23,68.12
1786386897.02,5826.18,12177766.60,0.00,0.00
1786386899.03,5828.19,12177767.09,0.49,0.24
1786386901.05,5830.21,12178014.16,247.07,123.54
1786386903.07,5832.22,12178014.65,0.49,0.24
1786386905.08,5834.24,12178157.71,143.07,71.53
1786386907.10,5836.26,12178157.71,0.00,0.00
1786386909.12,5838.27,12178158.20,0.49,0.24
1786386911.13,5840.29,12178470.21,312.01,156.01
1786386913.15,5842.31,12178470.21,0.00,0.00
1786386915.17,5844.33,12178644.53,174.32,87.16
1786386917.19,5846.35,12178645.02,0.49,0.24
1786386919.29,5848.45,12178688.48,43.46,21.73
1786386921.30,5850.46,12178885.74,197.27,98.63
1786386923.32,5852.48,12178885.74,0.00,0.00
1786386925.33,5854.49,12179159.67,273.93,136.96
1786386927.36,5856.52,12179173.83,14.16,7.08
1786386929.53,5858.69,12179173.83,0.00,0.00
1786386931.54,5860.70,12179240.72,66.89,33.45
1786386933.56,5862.72,12179358.40,117.68,58.84
1786386935.57,5864.73,12179502.44,144.04,72.02
1786386937.58,5866.74,12180000.00,497.56,248.78
1786386939.60,5868.76,12180048.83,48.83,24.41
1786386941.61,5870.77,12180537.11,488.28,244.14
1786386943.63,5872.79,12180537.11,0.00,0.00
1786386945.65,5874.81,12180837.40,300.29,150.15
1786386947.66,5876.82,12180837.40,0.00,0.00
1786386949.68,5878.84,12180916.50,79.10,39.55
1786386951.70,5880.86,12180978.52,62.01,31.01
1786386953.71,5882.87,12180978.52,0.00,0.00
1786386955.73,5884.89,12181118.16,139.65,69.82
1786386957.75,5886.91,12181300.29,182.13,91.06
1786386959.77,5888.92,12181354.00,53.71,26.86
1786386961.79,5890.94,12181468.75,114.75,57.37
1786386963.81,5892.96,12181594.73,125.98,62.99
1786386965.82,5894.98,12181788.09,193.36,96.68
1786386967.84,5896.99,12181788.09,0.00,0.00
1786386969.85,5899.01,12181907.23,119.14,59.57
1786386971.87,5901.03,12181958.01,50.78,25.39
1786386973.89,5903.05,12182088.87,130.86,65.43
1786386975.91,5905.06,12182264.16,175.29,87.65
1786386977.92,5907.08,12182264.65,0.49,0.24
1786386979.94,5909.10,12182397.46,132.81,66.41
1786386981.96,5911.12,12182480.47,83.01,41.50
1786386983.97,5913.13,12182534.67,54.20,27.10
1786386985.99,5915.15,12182674.80,140.14,70.07
1786386988.01,5917.17,12182675.29,0.49,0.24
1786386990.02,5919.18,12182903.81,228.52,114.26
1786386992.04,5921.20,12182923.34,19.53,9.77
1786386994.06,5923.21,12183034.67,111.33,55.66
1786386996.07,5925.23,12183100.59,65.92,32.96
1786386998.18,5927.34,12183101.07,0.49,0.24
1786387000.20,5929.35,12183308.11,207.03,103.52
1786387002.21,5931.37,12183400.88,92.77,46.39
1786387004.23,5933.39,12183400.88,0.00,0.00
1786387006.25,5935.41,12183709.96,309.08,154.54
1786387008.26,5937.42,12183710.45,0.49,0.24
1786387010.28,5939.44,12183815.92,105.47,52.73
1786387012.29,5941.45,12184001.46,185.55,92.77
1786387014.30,5943.46,12184017.58,16.11,8.06
1786387016.32,5945.47,12184099.61,82.03,41.02
1786387018.33,5947.49,12184099.61,0.00,0.00
1786387020.35,5949.50,12184310.06,210.45,105.22
1786387022.36,5951.52,12184438.96,128.91,64.45
1786387024.39,5953.54,12184484.38,45.41,22.71
1786387026.40,5955.56,12184582.03,97.66,48.83
1786387028.42,5957.57,12184582.03,0.00,0.00
1786387030.43,5959.59,12184757.81,175.78,87.89
1786387032.44,5961.60,12184952.64,194.82,97.41
1786387034.47,5963.62,12184958.98,6.35,3.17
1786387036.48,5965.64,12185066.41,107.42,53.71
1786387038.49,5967.65,12185066.41,0.00,0.00
1786387040.51,5969.67,12185154.30,87.89,43.95
1786387042.56,5971.72,12185168.46,14.16,7.08
1786387044.57,5973.73,12185188.48,20.02,10.01
1786387046.64,5975.80,12185236.82,48.34,24.17
1786387048.67,5977.83,12185236.82,0.00,0.00
1786387050.68,5979.84,12185297.36,60.55,30.27
1786387052.72,5981.88,12185315.92,18.55,9.28
1786387054.74,5983.90,12185337.89,21.97,10.99
1786387056.75,5985.91,12185382.32,44.43,22.22
1786387058.76,5987.92,12185382.81,0.49,0.24
1786387060.78,5989.94,12185582.03,199.22,99.61
1786387062.79,5991.95,12185582.03,0.00,0.00
1786387064.81,5993.97,12185663.09,81.05,40.53
1786387066.91,5996.06,12185697.27,34.18,17.09
1786387068.92,5998.08,12185697.75,0.49,0.24
1786387070.94,6000.10,12185823.73,125.98,62.99
1786387072.96,6002.11,12185906.25,82.52,41.26
1786387074.97,6004.13,12186006.35,100.10,50.05
1786387076.98,6006.14,12186093.26,86.91,43.46
1786387079.01,6008.16,12186093.26,0.00,0.00
1786387081.02,6010.18,12186188.96,95.70,47.85
1786387083.24,6012.39,12186188.96,0.00,0.00
1786387085.25,6014.41,12186227.05,38.09,19.04
1786387087.38,6016.54,12186254.88,27.83,13.92
1786387089.40,6018.56,12186254.88,0.00,0.00
1786387091.42,6020.58,12186318.36,63.48,31.74
1786387093.43,6022.59,12186389.16,70.80,35.40
1786387095.45,6024.61,12186446.29,57.13,28.56
1786387097.57,6026.73,12186668.95,222.66,111.33
1786387099.59,6028.75,12186765.62,96.68,48.34
1786387101.61,6030.77,12186832.52,66.89,33.45
1786387103.85,6033.01,12186832.52,0.00,0.00
1786387105.87,6035.03,12186875.00,42.48,21.24
1786387107.89,6037.05,12187098.14,223.14,111.57
1786387109.91,6039.07,12187098.14,0.00,0.00
1786387111.92,6041.08,12187163.09,64.94,32.47
1786387113.94,6043.10,12187235.35,72.27,36.13
1786387116.04,6045.19,12187244.63,9.28,4.64
1786387118.05,6047.21,12187246.09,1.46,0.73
1786387120.19,6049.35,12187307.62,61.52,30.76
1786387122.21,6051.36,12187352.54,44.92,22.46
1786387124.33,6053.49,12187459.47,106.93,53.47
1786387127.08,6056.24,12187504.88,45.41,22.71
1786387129.14,6058.29,12187505.86,0.98,0.49
1786387131.15,6060.31,12187513.18,7.32,3.66
1786387133.24,6062.40,12187572.75,59.57,29.79
1786387135.25,6064.41,12187572.75,0.00,0.00
1786387137.27,6066.43,12187607.42,34.67,17.33
1786387139.29,6068.44,12187643.07,35.64,17.82
1786387141.30,6070.46,12187668.95,25.88,12.94
1786387143.33,6072.48,12187712.89,43.95,21.97
1786387145.34,6074.50,12187759.77,46.88,23.44
1786387147.35,6076.51,12187799.80,40.04,20.02
1786387149.48,6078.64,12187801.76,1.95,0.98
1786387151.51,6080.67,12187882.32,80.57,40.28
1786387153.52,6082.68,12187949.22,66.89,33.45
1786387155.61,6084.77,12187952.64,3.42,1.71
1786387157.63,6086.79,12188015.62,62.99,31.49
1786387159.65,6088.81,12188015.62,0.00,0.00
1786387161.66,6090.82,12188065.92,50.29,25.15
1786387163.69,6092.84,12188090.82,24.90,12.45
1786387165.70,6094.86,12188096.19,5.37,2.69
1786387167.78,6096.94,12188182.13,85.94,42.97
1786387169.80,6098.96,12188182.62,0.49,0.24
1786387171.81,6100.97,12188270.02,87.40,43.70
1786387173.83,6102.98,12188279.79,9.77,4.88
1786387175.84,6105.00,12188284.18,4.39,2.20
1786387177.92,6107.08,12188345.21,61.04,30.52
1786387179.93,6109.09,12188345.70,0.49,0.24
1786387181.95,6111.11,12188396.48,50.78,25.39
1786387183.96,6113.12,12188426.76,30.27,15.14
1786387185.98,6115.13,12188467.77,41.02,20.51
1786387188.00,6117.16,12188514.16,46.39,23.19
1786387190.02,6119.17,12188514.65,0.49,0.24
1786387192.03,6121.19,12188583.01,68.36,34.18
1786387194.05,6123.21,12188608.40,25.39,12.70
1786387196.43,6125.59,12188659.18,50.78,25.39
1786387198.44,6127.60,12188666.50,7.32,3.66
1786387200.57,6129.73,12188724.61,58.11,29.05
1786387202.59,6131.74,12188789.06,64.45,32.23
1786387204.63,6133.79,12188794.43,5.37,2.69
1786387206.65,6135.80,12188862.30,67.87,33.94
1786387208.66,6137.82,12188862.30,0.00,0.00
1786387210.67,6139.83,12188862.79,0.49,0.24
1786387212.70,6141.85,12188956.05,93.26,46.63
1786387214.71,6143.87,12188956.05,0.00,0.00
1786387216.72,6145.88,12189056.15,100.10,50.05
1786387218.75,6147.91,12189145.02,88.87,44.43
1786387220.77,6149.92,12189156.74,11.72,5.86
1786387222.80,6151.96,12189217.77,61.04,30.52
1786387224.82,6153.97,12189245.61,27.83,13.92
1786387226.83,6155.99,12189306.64,61.04,30.52
1786387228.84,6158.00,12189307.13,0.49,0.24
1786387230.86,6160.02,12189387.70,80.57,40.28
1786387232.89,6162.05,12189411.62,23.93,11.96
1786387234.91,6164.06,12189411.62,0.00,0.00
1786387236.93,6166.08,12189583.50,171.88,85.94
1786387238.95,6168.11,12189607.91,24.41,12.21
1786387240.96,6170.12,12189678.22,70.31,35.16
1786387242.98,6172.14,12189696.29,18.07,9.03
1786387245.00,6174.16,12189754.88,58.59,29.30
1786387247.01,6176.17,12189825.20,70.31,35.16
1786387249.03,6178.19,12189840.82,15.62,7.81
1786387251.04,6180.20,12189919.43,78.61,39.31
1786387253.06,6182.22,12189945.31,25.88,12.94
1786387255.51,6184.66,12189991.21,45.90,22.95
1786387257.52,6186.68,12190107.91,116.70,58.35
1786387259.57,6188.73,12190170.90,62.99,31.49
1786387261.59,6190.75,12190251.95,81.05,40.53
1786387263.61,6192.77,12190251.95,0.00,0.00
1786387265.63,6194.79,12190312.50,60.55,30.27
1786387267.67,6196.83,12190366.70,54.20,27.10
1786387269.69,6198.85,12190366.70,0.00,0.00
1786387271.70,6200.86,12190436.52,69.82,34.91
1786387273.72,6202.88,12190436.52,0.00,0.00
1786387275.73,6204.89,12190489.75,53.22,26.61
1786387277.75,6206.91,12190513.67,23.93,11.96
1786387279.77,6208.93,12190514.16,0.49,0.24
1786387281.78,6210.94,12190604.00,89.84,44.92
1786387283.80,6212.95,12190639.65,35.64,17.82
1786387285.92,6215.08,12190680.18,40.53,20.26
1786387287.94,6217.09,12190680.18,0.00,0.00
1786387289.96,6219.11,12190844.73,164.55,82.28
1786387291.98,6221.14,12190873.54,28.81,14.40
1786387293.99,6223.15,12190945.31,71.78,35.89
1786387296.01,6225.17,12190981.93,36.62,18.31
1786387298.05,6227.21,12191037.60,55.66,27.83
1786387300.07,6229.22,12191103.03,65.43,32.71
1786387302.08,6231.24,12191171.39,68.36,34.18
1786387304.10,6233.26,12191171.88,0.49,0.24
1786387306.12,6235.27,12191210.94,39.06,19.53
1786387308.13,6237.29,12191267.09,56.15,28.08
1786387310.15,6239.31,12191342.77,75.68,37.84
1786387312.17,6241.32,12191388.18,45.41,22.71
1786387314.18,6243.34,12191415.04,26.86,13.43
1786387316.20,6245.35,12191424.32,9.28,4.64
1786387318.22,6247.38,12191478.03,53.71,26.86
1786387320.24,6249.39,12191677.25,199.22,99.61
1786387322.25,6251.41,12191827.15,149.90,74.95
1786387324.27,6253.43,12192075.68,248.54,124.27
1786387326.29,6255.44,12192327.15,251.46,125.73
1786387328.30,6257.46,12192484.38,157.23,78.61
1786387330.40,6259.56,12192484.38,0.00,0.00
1786387332.41,6261.57,12192653.81,169.43,84.72
1786387334.43,6263.59,12193313.48,659.67,329.83
1786387336.44,6265.60,12193463.87,150.39,75.20
1786387338.46,6267.62,12193464.36,0.49,0.24
1786387340.47,6269.63,12193464.36,0.00,0.00
1786387342.49,6271.65,12193593.75,129.39,64.70
1786387344.50,6273.66,12193773.93,180.18,90.09
1786387346.52,6275.68,12194236.33,462.40,231.20
1786387348.54,6277.70,12194611.82,375.49,187.74
1786387350.55,6279.71,12194611.82,0.00,0.00
1786387352.57,6281.73,12194725.10,113.28,56.64
1786387354.59,6283.74,12195165.04,439.94,219.97
1786387356.60,6285.76,12195483.89,318.85,159.42
1786387358.62,6287.78,12195652.34,168.46,84.23
1786387360.63,6289.79,12195652.34,0.00,0.00
1786387362.65,6291.81,12195761.72,109.38,54.69
1786387364.67,6293.82,12196201.66,439.94,219.97
1786387366.68,6295.84,12196387.21,185.55,92.77
1786387368.71,6297.86,12196530.27,143.07,71.53
1786387370.72,6299.88,12196532.23,1.95,0.98
1786387372.74,6301.90,12196917.97,385.74,192.87
1786387374.76,6303.92,12197299.80,381.84,190.92
1786387376.78,6305.94,12197474.61,174.80,87.40
1786387378.79,6307.95,12197625.98,151.37,75.68
1786387380.81,6309.97,12197702.64,76.66,38.33
1786387382.82,6311.98,12197758.79,56.15,28.08
1786387384.84,6314.00,12198569.82,811.04,405.52
1786387386.85,6316.01,12198767.09,197.27,98.63
1786387388.87,6318.03,12198994.63,227.54,113.77
1786387390.89,6320.04,12199267.58,272.95,136.47
1786387392.90,6322.06,12199275.88,8.30,4.15
1786387394.92,6324.08,12199581.54,305.66,152.83
1786387396.93,6326.09,12199972.66,391.11,195.56
1786387398.95,6328.10,12199973.14,0.49,0.24
1786387400.96,6330.12,12200393.55,420.41,210.21
1786387402.97,6332.13,12200408.20,14.65,7.32
1786387404.98,6334.14,12200873.54,465.33,232.67
1786387407.00,6336.16,12201269.53,396.00,198.00
1786387409.01,6338.17,12201405.76,136.23,68.12
1786387411.03,6340.19,12201578.61,172.85,86.43
1786387413.04,6342.20,12201837.89,259.28,129.64
1786387415.05,6344.21,12201852.05,14.16,7.08
1786387417.07,6346.23,12202010.74,158.69,79.35
1786387419.09,6348.24,12202578.61,567.87,283.94
1786387421.11,6350.26,12202768.07,189.45,94.73
1786387423.12,6352.28,12203194.34,426.27,213.13
1786387425.47,6354.63,12203194.82,0.49,0.24
1786387427.49,6356.65,12203512.21,317.38,158.69
1786387429.50,6358.66,12203648.44,136.23,68.12
1786387431.52,6360.67,12204344.73,696.29,348.14
1786387433.53,6362.69,12204344.73,0.00,0.00
1786387435.55,6364.71,12204344.73,0.00,0.00
1786387437.57,6366.73,12204586.91,242.19,121.09
1786387439.59,6368.74,12204871.09,284.18,142.09
1786387441.61,6370.77,12205127.44,256.35,128.17
1786387443.62,6372.78,12205526.37,398.93,199.46
1786387445.64,6374.80,12205526.37,0.00,0.00
1786387447.65,6376.81,12205831.54,305.18,152.59
1786387449.69,6378.85,12205831.54,0.00,0.00
1786387451.70,6380.86,12205939.45,107.91,53.96
1786387453.72,6382.88,12206071.29,131.84,65.92
1786387455.74,6384.90,12206224.61,153.32,76.66
1786387457.76,6386.91,12206224.61,0.00,0.00
1786387459.77,6388.92,12206225.10,0.49,0.24
1786387461.80,6390.96,12206910.64,685.55,342.77
1786387463.81,6392.97,12207324.22,413.57,206.79
1786387465.83,6394.99,12207466.80,142.58,71.29
1786387467.84,6397.00,12207484.38,17.58,8.79
1786387469.86,6399.02,12207811.52,327.15,163.57
1786387471.88,6401.03,12208000.49,188.96,94.48
1786387473.89,6403.05,12208387.70,387.21,193.60
1786387475.91,6405.07,12208678.71,291.02,145.51
1786387478.01,6407.17,12208678.71,0.00,0.00
1786387480.03,6409.18,12208759.77,81.05,40.53
1786387482.04,6411.20,12208905.27,145.51,72.75
1786387484.06,6413.21,12209175.29,270.02,135.01
1786387486.07,6415.23,12209548.83,373.54,186.77
1786387488.08,6417.24,12209624.51,75.68,37.84
1786387490.09,6419.25,12210087.40,462.89,231.45
1786387492.11,6421.27,12210231.93,144.53,72.27
1786387494.13,6423.29,12210294.43,62.50,31.25
1786387496.15,6425.31,12210389.65,95.21,47.61
1786387498.16,6427.32,12210468.75,79.10,39.55
1786387500.18,6429.34,12210600.59,131.84,65.92
1786387502.20,6431.36,12210886.72,286.13,143.07
1786387504.22,6433.37,12210886.72,0.00,0.00
1786387506.24,6435.40,12211013.18,126.46,63.23
1786387508.25,6437.41,12211091.31,78.12,39.06
1786387510.27,6439.43,12211292.97,201.66,100.83
1786387512.28,6441.44,12211526.86,233.89,116.94
1786387514.30,6443.46,12211526.86,0.00,0.00
1786387516.32,6445.48,12211639.16,112.30,56.15
1786387518.34,6447.50,12212092.77,453.61,226.81
1786387520.36,6449.51,12212092.77,0.00,0.00
1786387522.37,6451.53,12212316.89,224.12,112.06
1786387524.39,6453.54,12212316.89,0.00,0.00
1786387526.40,6455.56,12212413.57,96.68,48.34
1786387528.42,6457.57,12212413.57,0.00,0.00
1786387530.44,6459.59,12212711.43,297.85,148.93
1786387532.75,6461.91,12212711.91,0.49,0.24
1786387534.76,6463.92,12212711.91,0.00,0.00
1786387536.79,6465.94,12213034.18,322.27,161.13
1786387538.81,6467.97,12213034.67,0.49,0.24
1786387540.83,6469.99,12213365.72,331.05,165.53
1786387542.85,6472.00,12213366.21,0.49,0.24
1786387544.86,6474.02,12213478.03,111.82,55.91
1786387546.87,6476.03,12213763.67,285.64,142.82
1786387548.89,6478.05,12213763.67,0.00,0.00
1786387550.91,6480.06,12214080.08,316.41,158.20
1786387552.92,6482.08,12214080.08,0.00,0.00
1786387554.94,6484.10,12214226.56,146.48,73.24
1786387556.95,6486.11,12214247.56,21.00,10.50
1786387558.97,6488.12,12214488.28,240.72,120.36
1786387560.98,6490.14,12214613.77,125.49,62.74
1786387563.00,6492.15,12214757.32,143.55,71.78
1786387565.01,6494.16,12214950.68,193.36,96.68
1786387567.02,6496.18,12215112.79,162.11,81.05
1786387569.04,6498.19,12215112.79,0.00,0.00
1786387571.05,6500.21,12215294.92,182.13,91.06
1786387573.07,6502.23,12215475.10,180.18,90.09
1786387575.08,6504.24,12215713.38,238.28,119.14
1786387577.11,6506.26,12215713.38,0.00,0.00
1786387579.12,6508.28,12215713.87,0.49,0.24
1786387581.14,6510.29,12215803.22,89.36,44.68
1786387583.17,6512.32,12215946.29,143.07,71.53
1786387585.19,6514.34,12216217.77,271.48,135.74
1786387587.21,6516.37,12216217.77,0.00,0.00
1786387589.23,6518.39,12216406.25,188.48,94.24
1786387591.25,6520.41,12216511.72,105.47,52.73
1786387593.26,6522.42,12216714.84,203.12,101.56
1786387595.27,6524.43,12216715.33,0.49,0.24
1786387597.30,6526.45,12216922.36,207.03,103.52
1786387599.32,6528.47,12217124.51,202.15,101.07
1786387601.34,6530.50,12217424.32,299.80,149.90
1786387603.35,6532.51,12217698.24,273.93,136.96
1786387605.36,6534.52,12217698.24,0.00,0.00
1786387607.39,6536.55,12217963.38,265.14,132.57
1786387609.41,6538.56,12218097.66,134.28,67.14
1786387611.43,6540.58,12218184.08,86.43,43.21
1786387613.44,6542.60,12218457.03,272.95,136.47
1786387615.47,6544.62,12218457.03,0.00,0.00
1786387617.48,6546.64,12218819.82,362.79,181.40
1786387619.50,6548.66,12219217.29,397.46,198.73
1786387621.52,6550.68,12219597.66,380.37,190.19
1786387623.54,6552.70,12219771.97,174.32,87.16
1786387625.56,6554.72,12219772.46,0.49,0.24
1786387627.57,6556.73,12220049.32,276.86,138.43
1786387629.59,6558.75,12220216.31,166.99,83.50
1786387631.61,6560.77,12220379.88,163.57,81.79
1786387633.64,6562.80,12220387.21,7.32,3.66
1786387635.66,6564.81,12220387.21,0.00,0.00
1786387637.67,6566.83,12220453.61,66.41,33.20
1786387639.69,6568.84,12220454.10,0.49,0.24
1786387641.70,6570.86,12220705.08,250.98,125.49
1786387643.72,6572.87,12220720.70,15.62,7.81
1786387645.73,6574.89,12220964.36,243.65,121.83
1786387647.75,6576.91,12220964.36,0.00,0.00
1786387649.77,6578.93,12221085.45,121.09,60.55
1786387651.79,6580.95,12221329.59,244.14,122.07
1786387653.80,6582.96,12221450.68,121.09,60.55
1786387655.82,6584.98,12221450.68,0.00,0.00
1786387657.84,6587.00,12221521.48,70.80,35.40
1786387659.88,6589.04,12221604.98,83.50,41.75
1786387661.90,6591.06,12221725.10,120.12,60.06
1786387663.91,6593.07,12222115.72,390.62,195.31
1786387665.92,6595.08,12222191.41,75.68,37.84
1786387667.94,6597.09,12222220.21,28.81,14.40
1786387669.96,6599.11,12222532.23,312.01,156.01
1786387671.97,6601.13,12222678.71,146.48,73.24
1786387673.99,6603.14,12222796.39,117.68,58.84
1786387676.01,6605.17,12222812.99,16.60,8.30
1786387678.06,6607.22,12222815.92,2.93,1.46
1786387680.08,6609.24,12223166.02,350.10,175.05
1786387682.09,6611.25,12223322.75,156.74,78.37
1786387684.11,6613.27,12223323.24,0.49,0.24
1786387686.12,6615.28,12223380.86,57.62,28.81
1786387688.14,6617.29,12223556.15,175.29,87.65
1786387690.16,6619.32,12223875.00,318.85,159.42
1786387692.18,6621.33,12223960.45,85.45,42.72
1786387694.18,6623.34,12224176.76,216.31,108.15
1786387696.20,6625.36,12224176.76,0.00,0.00
1786387698.25,6627.41,12224176.76,0.00,0.00
1786387700.37,6629.52,12224177.25,0.49,0.24
1786387702.38,6631.54,12224426.27,249.02,124.51
1786387704.40,6633.56,12224528.32,102.05,51.03
1786387706.41,6635.57,12224676.76,148.44,74.22
1786387708.43,6637.59,12225146.48,469.73,234.86
1786387710.44,6639.60,12225146.97,0.49,0.24
1786387712.46,6641.61,12225507.32,360.35,180.18
1786387714.47,6643.63,12225794.43,287.11,143.55
1786387716.48,6645.64,12226029.30,234.86,117.43
1786387718.50,6647.65,12226507.32,478.03,239.01
1786387720.52,6649.67,12226608.89,101.56,50.78
1786387722.53,6651.69,12226875.00,266.11,133.06
1786387724.55,6653.71,12227046.39,171.39,85.69
1786387726.56,6655.72,12227046.39,0.00,0.00
1786387728.58,6657.74,12227210.94,164.55,82.28
1786387730.62,6659.77,12227243.16,32.23,16.11
1786387732.63,6661.79,12227581.05,337.89,168.95
1786387734.64,6663.80,12227581.54,0.49,0.24
1786387736.66,6665.82,12227709.47,127.93,63.96
1786387738.67,6667.83,12227794.92,85.45,42.72
1786387740.71,6669.87,12227947.75,152.83,76.42
1786387742.73,6671.88,12228220.70,272.95,136.47
1786387744.74,6673.90,12228220.70,0.00,0.00
1786387746.75,6675.91,12228421.88,201.17,100.59
1786387748.77,6677.93,12228423.83,1.95,0.98
1786387750.91,6680.06,12228423.83,0.00,0.00
1786387752.92,6682.08,12228667.97,244.14,122.07
1786387754.93,6684.09,12228667.97,0.00,0.00
1786387756.95,6686.11,12228907.23,239.26,119.63
1786387758.96,6688.12,12228907.71,0.49,0.24
1786387760.97,6690.13,12228907.71,0.00,0.00
1786387762.99,6692.15,12228971.68,63.96,31.98
1786387765.01,6694.16,12229123.54,151.86,75.93
1786387767.02,6696.18,12229248.54,125.00,62.50
1786387769.04,6698.19,12229387.21,138.67,69.34
1786387771.31,6700.47,12229464.84,77.64,38.82
1786387773.32,6702.48,12229588.87,124.02,62.01
1786387775.34,6704.50,12229756.84,167.97,83.98
1786387777.35,6706.51,12229756.84,0.00,0.00
1786387779.37,6708.53,12229981.45,224.61,112.30
1786387781.38,6710.54,12230084.96,103.52,51.76
1786387783.40,6712.56,12230122.56,37.60,18.80
1786387785.41,6714.57,12230541.02,418.46,209.23
1786387787.43,6716.59,12230541.02,0.00,0.00
1786387789.44,6718.60,12230732.91,191.89,95.95
1786387791.46,6720.62,12230904.79,171.88,85.94
1786387793.47,6722.63,12231065.43,160.64,80.32
1786387795.49,6724.65,12231065.43,0.00,0.00
1786387797.50,6726.66,12231065.43,0.00,0.00
1786387799.52,6728.68,12231260.25,194.82,97.41
1786387801.53,6730.69,12231522.46,262.21,131.10
1786387803.55,6732.71,12231961.91,439.45,219.73
1786387805.56,6734.72,12231962.40,0.49,0.24
1786387807.58,6736.74,12231962.40,0.00,0.00
1786387809.59,6738.75,12232515.62,553.22,276.61
1786387811.61,6740.77,12232870.61,354.98,177.49
1786387813.62,6742.78,12232909.67,39.06,19.53
1786387815.64,6744.80,12233117.19,207.52,103.76
1786387817.65,6746.81,12233117.19,0.00,0.00
1786387819.67,6748.83,12233117.68,0.49,0.24
1786387821.70,6750.86,12233117.68,0.00,0.00
1786387823.72,6752.88,12233117.68,0.00,0.00
1786387825.73,6754.89,12233261.23,143.55,71.78
1786387827.75,6756.91,12233261.72,0.49,0.24
1786387829.79,6758.95,12233315.43,53.71,26.86
1786387831.80,6760.96,12233563.48,248.05,124.02
1786387833.82,6762.98,12233563.48,0.00,0.00
1786387835.83,6764.99,12233786.62,223.14,111.57
1786387837.84,6767.00,12233865.72,79.10,39.55
1786387839.86,6769.02,12233948.24,82.52,41.26
1786387841.88,6771.04,12234004.88,56.64,28.32
1786387843.90,6773.06,12234225.59,220.70,110.35
1786387845.92,6775.07,12234498.54,272.95,136.47
1786387847.93,6777.09,12234498.54,0.00,0.00
1786387849.95,6779.11,12234612.79,114.26,57.13
1786387851.98,6781.14,12234640.14,27.34,13.67
1786387853.99,6783.15,12234770.02,129.88,64.94
1786387856.01,6785.17,12234902.34,132.32,66.16
1786387858.02,6787.18,12235026.86,124.51,62.26
1786387860.04,6789.20,12235215.33,188.48,94.24
1786387862.06,6791.21,12235618.16,402.83,201.42
1786387864.07,6793.23,12235618.16,0.00,0.00
1786387866.09,6795.25,12236094.24,476.07,238.04
1786387868.17,6797.33,12236094.24,0.00,0.00
1786387870.18,6799.34,12236290.04,195.80,97.90
1786387872.20,6801.36,12236392.58,102.54,51.27
1786387874.21,6803.37,12236392.58,0.00,0.00
1786387876.23,6805.39,12236782.71,390.14,195.07
1786387878.24,6807.40,12236782.71,0.00,0.00
1786387880.34,6809.49,12236783.20,0.49,0.24
1786387882.36,6811.52,12237500.00,716.80,358.40
1786387884.38,6813.54,12237870.61,370.61,185.30
1786387886.40,6815.55,12238245.61,375.00,187.50
1786387888.41,6817.57,12238245.61,0.00,0.00
1786387890.43,6819.59,12238347.17,101.56,50.78
1786387892.45,6821.61,12238468.75,121.58,60.79
1786387894.46,6823.62,12238646.48,177.73,88.87
1786387896.48,6825.64,12238646.48,0.00,0.00
1786387898.50,6827.65,12238753.91,107.42,53.71
1786387900.52,6829.67,12238753.91,0.00,0.00
1786387902.53,6831.69,12239368.65,614.75,307.37
1786387904.55,6833.70,12239643.55,274.90,137.45
1786387906.56,6835.72,12239643.55,0.00,0.00
1786387908.58,6837.74,12240322.75,679.20,339.60
1786387910.60,6839.75,12240323.24,0.49,0.24
1786387912.61,6841.77,12240710.94,387.70,193.85
1786387914.63,6843.78,12241121.09,410.16,205.08
1786387916.64,6845.80,12241121.58,0.49,0.24
1786387918.66,6847.82,12241417.97,296.39,148.19
1786387920.70,6849.86,12241472.66,54.69,27.34
1786387922.72,6851.88,12241645.02,172.36,86.18
1786387924.74,6853.90,12242059.08,414.06,207.03
1786387926.76,6855.91,12242440.92,381.84,190.92
1786387928.77,6857.93,12242740.72,299.80,149.90
1786387930.79,6859.95,12242740.72,0.00,0.00
1786387932.81,6861.97,12243119.63,378.91,189.45
1786387934.82,6863.98,12243120.12,0.49,0.24
1786387936.84,6866.00,12243120.12,0.00,0.00
1786387938.86,6868.02,12243343.75,223.63,111.82
1786387940.88,6870.03,12243343.75,0.00,0.00
1786387942.90,6872.05,12243476.07,132.32,66.16
1786387944.91,6874.07,12243879.88,403.81,201.90
1786387946.92,6876.08,12243879.88,0.00,0.00
1786387948.94,6878.10,12244521.48,641.60,320.80
1786387950.95,6880.11,12244521.48,0.00,0.00
1786387952.97,6882.13,12244584.47,62.99,31.49
1786387954.98,6884.14,12244768.55,184.08,92.04
1786387957.00,6886.16,12244768.55,0.00,0.00
1786387959.01,6888.17,12244874.02,105.47,52.73
1786387961.04,6890.20,12244977.05,103.03,51.51
1786387963.07,6892.23,12245005.86,28.81,14.40
1786387965.11,6894.27,12245568.36,562.50,281.25
1786387967.14,6896.30,12245568.36,0.00,0.00
1786387969.18,6898.34,12246237.79,669.43,334.72
1786387971.21,6900.37,12246369.63,131.84,65.92
1786387973.30,6902.46,12246659.67,290.04,145.02
1786387975.33,6904.49,12246681.64,21.97,10.99
1786387977.35,6906.51,12246681.64,0.00,0.00
1786387979.37,6908.53,12247372.56,690.92,345.46
1786387981.39,6910.54,12247739.26,366.70,183.35
1786387983.40,6912.56,12247998.54,259.28,129.64
1786387985.41,6914.57,12248019.53,21.00,10.50
1786387987.43,6916.59,12248020.02,0.49,0.24
1786387989.45,6918.61,12248745.61,725.59,362.79
1786387991.47,6920.63,12249110.84,365.23,182.62
1786387993.49,6922.65,12249520.51,409.67,204.83
1786387995.51,6924.67,12249521.00,0.49,0.24
1786387997.52,6926.68,12249521.00,0.00,0.00
1786387999.54,6928.70,12249798.34,277.34,138.67
1786388001.56,6930.72,12249927.73,129.39,64.70
1786388003.58,6932.74,12249940.43,12.70,6.35
1786388005.60,6934.76,12250239.26,298.83,149.41
1786388007.62,6936.78,12250239.26,0.00,0.00
1786388009.64,6938.80,12250362.79,123.54,61.77
1786388011.66,6940.82,12250506.84,144.04,72.02
1786388013.68,6942.84,12250605.47,98.63,49.32
1786388015.69,6944.85,12251053.22,447.75,223.88
1786388017.71,6946.87,12251053.71,0.49,0.24
1786388019.74,6948.89,12251257.32,203.61,101.81
1786388021.76,6950.92,12251415.53,158.20,79.10
1786388023.78,6952.94,12251417.97,2.44,1.22
1786388025.79,6954.95,12251524.41,106.45,53.22
1786388027.81,6956.97,12251524.41,0.00,0.00
1786388029.83,6958.99,12251723.63,199.22,99.61
1786388031.85,6961.01,12251863.28,139.65,69.82
1786388033.86,6963.02,12251863.28,0.00,0.00
1786388035.88,6965.04,12251863.28,0.00,0.00
1786388037.90,6967.05,12251863.77,0.49,0.24
1786388039.92,6969.08,12252066.41,202.64,101.32
1786388041.95,6971.11,12252290.04,223.63,111.82
1786388043.97,6973.13,12252402.34,112.30,56.15
1786388045.99,6975.14,12252402.83,0.49,0.24
1786388048.01,6977.17,12252406.25,3.42,1.71
1786388050.03,6979.19,12252407.71,1.46,0.73
1786388052.04,6981.20,12252611.33,203.61,101.81
1786388054.06,6983.22,12252752.44,141.11,70.56
1786388056.07,6985.23,12252987.30,234.86,117.43
1786388058.08,6987.24,12253018.55,31.25,15.62
1786388060.10,6989.26,12253019.04,0.49,0.24
1786388062.14,6991.29,12253307.62,288.57,144.29
1786388064.17,6993.33,12253345.21,37.60,18.80
1786388066.19,6995.35,12253345.21,0.00,0.00
1786388068.25,6997.41,12253414.55,69.34,34.67
1786388070.28,6999.43,12253585.94,171.39,85.69
1786388072.29,7001.45,12253790.53,204.59,102.29
1786388074.31,7003.46,12253894.53,104.00,52.00
1786388076.32,7005.48,12253894.53,0.00,0.00
1786388078.33,7007.49,12254026.37,131.84,65.92
1786388080.41,7009.56,12254026.86,0.49,0.24
1786388082.42,7011.58,12254826.17,799.32,399.66
1786388084.44,7013.59,12255260.25,434.08,217.04
1786388086.45,7015.61,12255260.25,0.00,0.00
1786388088.46,7017.62,12255429.20,168.95,84.47
1786388090.53,7019.68,12255429.20,0.00,0.00
1786388092.54,7021.70,12256118.16,688.96,344.48
1786388094.56,7023.72,12256521.48,403.32,201.66
1786388096.57,7025.73,12256521.97,0.49,0.24
1786388098.59,7027.75,12256719.24,197.27,98.63
1786388100.60,7029.75,12256733.89,14.65,7.32
1786388102.61,7031.77,12256949.71,215.82,107.91
1786388104.62,7033.78,12257160.16,210.45,105.22
1786388106.65,7035.81,12257189.94,29.79,14.89
1786388108.66,7037.82,12257365.23,175.29,87.65
1786388110.69,7039.84,12257366.21,0.98,0.49
1786388112.70,7041.86,12257766.11,399.90,199.95
1786388114.71,7043.87,12257766.11,0.00,0.00
1786388116.73,7045.89,12257766.11,0.00,0.00
1786388118.78,7047.94,12257972.17,206.05,103.03
1786388120.79,7049.95,12258041.50,69.34,34.67
1786388122.80,7051.96,12258041.99,0.49,0.24
1786388124.84,7054.00,12258166.02,124.02,62.01
1786388126.85,7056.01,12258253.42,87.40,43.70
1786388128.87,7058.03,12258253.42,0.00,0.00
1786388130.88,7060.04,12258532.23,278.81,139.40
1786388132.90,7062.06,12258532.23,0.00,0.00
1786388134.91,7064.07,12258532.23,0.00,0.00
1786388136.93,7066.08,12258663.09,130.86,65.43
1786388138.94,7068.10,12258663.09,0.00,0.00
1786388140.95,7070.11,12258765.14,102.05,51.03
1786388142.97,7072.13,12259568.36,803.22,401.61
1786388144.99,7074.15,12259705.57,137.21,68.60
1786388147.00,7076.16,12259983.40,277.83,138.92
1786388149.02,7078.18,12259983.40,0.00,0.00
1786388151.03,7080.19,12260370.61,387.21,193.60
1786388153.05,7082.20,12260851.56,480.96,240.48
1786388155.06,7084.22,12260999.02,147.46,73.73
1786388157.08,7086.23,12261555.66,556.64,278.32
1786388159.08,7088.24,12261588.38,32.71,16.36
1786388161.10,7090.26,12261685.55,97.17,48.58
1786388163.12,7092.27,12261861.82,176.27,88.13
1786388165.13,7094.29,12261958.50,96.68,48.34
1786388167.15,7096.31,12261958.50,0.00,0.00
1786388169.17,7098.33,12261958.50,0.00,0.00
1786388171.19,7100.34,12262201.17,242.68,121.34
1786388173.20,7102.36,12262456.05,254.88,127.44
1786388175.21,7104.37,12262462.89,6.84,3.42
1786388177.23,7106.39,12262773.44,310.55,155.27
1786388179.25,7108.41,12262773.93,0.49,0.24
1786388181.27,7110.43,12262773.93,0.00,0.00
1786388183.29,7112.45,12262847.66,73.73,36.87
1786388185.31,7114.46,12263293.46,445.80,222.90
1786388187.33,7116.49,12263418.46,125.00,62.50
1786388189.34,7118.50,12263627.93,209.47,104.74
1786388191.35,7120.51,12263627.93,0.00,0.00
1786388193.38,7122.53,12263721.68,93.75,46.88
1786388195.39,7124.55,12264012.21,290.53,145.26
1786388197.41,7126.56,12264012.21,0.00,0.00
1786388199.43,7128.59,12264199.71,187.50,93.75
1786388201.44,7130.60,12264216.31,16.60,8.30
1786388203.45,7132.61,12264330.57,114.26,57.13
1786388205.47,7134.63,12264603.03,272.46,136.23
1786388207.49,7136.65,12264603.52,0.49,0.24
1786388209.50,7138.66,12264744.14,140.62,70.31
1786388211.52,7140.68,12264790.53,46.39,23.19
1786388213.54,7142.69,12264933.11,142.58,71.29
1786388215.55,7144.71,12265106.45,173.34,86.67
1786388217.57,7146.73,12265106.93,0.49,0.24
1786388219.59,7148.75,12265272.95,166.02,83.01
1786388221.60,7150.76,12265329.10,56.15,28.08
1786388223.62,7152.78,12265551.27,222.17,111.08
1786388225.64,7154.79,12265551.27,0.00,0.00
1786388227.65,7156.81,12265551.27,0.00,0.00
1786388229.69,7158.85,12265687.99,136.72,68.36
1786388231.70,7160.86,12265775.88,87.89,43.95
1786388233.71,7162.87,12265823.24,47.36,23.68
1786388235.73,7164.88,12265823.24,0.00,0.00
1786388237.74,7166.90,12265823.24,0.00,0.00
1786388239.77,7168.93,12265995.12,171.88,85.94
1786388241.79,7170.95,12266132.32,137.21,68.60
1786388243.80,7172.96,12266169.92,37.60,18.80
1786388245.82,7174.98,12266308.59,138.67,69.34
1786388247.85,7177.01,12266308.59,0.00,0.00
1786388249.88,7179.04,12266570.31,261.72,130.86
1786388251.90,7181.06,12266686.52,116.21,58.11
1786388253.91,7183.07,12266842.77,156.25,78.12
1786388255.93,7185.08,12266842.77,0.00,0.00
1786388257.95,7187.10,12266842.77,0.00,0.00
1786388259.97,7189.13,12267017.58,174.80,87.40
1786388261.99,7191.15,12267221.68,204.10,102.05
1786388264.00,7193.16,12267239.26,17.58,8.79
1786388266.02,7195.17,12267411.13,171.88,85.94
1786388268.04,7197.20,12267421.39,10.25,5.13
1786388270.05,7199.21,12267719.24,297.85,148.93
1786388272.07,7201.23,12267858.89,139.65,69.82
1786388274.08,7203.24,12268155.27,296.39,148.19
1786388276.10,7205.26,12268155.27,0.00,0.00
1786388278.12,7207.27,12268273.93,118.65,59.33
