timestamp_sec,elapsed_sec,total_physical_mb_written,interval_mb_written,write_rate_mbps
1786366636.06,2.01,10411033.20,12.70,6.35
1786366638.30,4.25,10411093.26,60.06,30.03
1786366640.32,6.27,10411410.64,317.38,158.69
1786366642.34,8.30,10411411.13,0.49,0.24
1786366644.36,10.32,10411518.07,106.93,53.47
1786366646.40,12.35,10411626.95,108.89,54.44
1786366648.42,14.37,10411627.44,0.49,0.24
1786366650.44,16.40,10412038.09,410.64,205.32
1786366652.47,18.42,10412038.09,0.00,0.00
1786366654.49,20.44,10412164.06,125.98,62.99
1786366656.51,22.46,10412219.24,55.18,27.59
1786366658.52,24.47,10412219.73,0.49,0.24
1786366660.54,26.49,10412426.27,206.54,103.27
1786366662.56,28.51,10412426.27,0.00,0.00
1786366664.57,30.52,10412582.03,155.76,77.88
1786366666.58,32.54,10412601.07,19.04,9.52
1786366668.60,34.55,10412766.11,165.04,82.52
1786366670.61,36.56,10413086.91,320.80,160.40
1786366672.62,38.58,10413173.83,86.91,43.46
1786366674.64,40.59,10413349.12,175.29,87.65
1786366676.66,42.61,10413403.81,54.69,27.34
1786366678.67,44.62,10413751.46,347.66,173.83
1786366680.68,46.64,10413751.46,0.00,0.00
1786366682.70,48.65,10413751.46,0.00,0.00
1786366684.74,50.69,10414253.42,501.95,250.98
1786366686.75,52.71,10414253.42,0.00,0.00
1786366688.77,54.72,10414332.52,79.10,39.55
1786366690.78,56.74,10414674.32,341.80,170.90
1786366692.80,58.75,10414674.32,0.00,0.00
1786366694.81,60.77,10414894.53,220.21,110.11
1786366696.87,62.82,10414914.06,19.53,9.77
1786366698.88,64.84,10415142.58,228.52,114.26
1786366700.90,66.85,10415142.58,0.00,0.00
1786366702.92,68.87,10415394.53,251.95,125.98
1786366704.93,70.88,10415452.15,57.62,28.81
1786366706.94,72.90,10415477.05,24.90,12.45
1786366708.95,74.90,10415764.65,287.60,143.80
1786366710.97,76.92,10415764.65,0.00,0.00
1786366712.98,78.94,10415932.13,167.48,83.74
1786366715.00,80.95,10416029.30,97.17,48.58
1786366717.01,82.97,10416057.13,27.83,13.92
1786366719.03,84.98,10416154.79,97.66,48.83
1786366721.04,87.00,10416307.62,152.83,76.42
1786366723.06,89.01,10416307.62,0.00,0.00
1786366725.08,91.03,10416619.63,312.01,156.01
1786366727.10,93.05,10416635.25,15.62,7.81
1786366729.12,95.07,10416975.59,340.33,170.17
1786366731.16,97.11,10416975.59,0.00,0.00
1786366733.17,99.13,10417098.63,123.05,61.52
1786366735.19,101.14,10417098.63,0.00,0.00
1786366737.20,103.16,10417353.03,254.39,127.20
1786366739.22,105.17,10417383.79,30.76,15.38
1786366741.23,107.18,10417532.23,148.44,74.22
1786366743.25,109.20,10417532.23,0.00,0.00
1786366745.26,111.21,10417783.69,251.46,125.73
1786366747.27,113.22,10417955.08,171.39,85.69
1786366749.29,115.24,10418090.33,135.25,67.63
1786366751.30,117.25,10418090.33,0.00,0.00
1786366753.32,119.27,10418090.33,0.00,0.00
1786366755.34,121.30,10418437.01,346.68,173.34
1786366757.36,123.31,10418457.52,20.51,10.25
1786366759.37,125.32,10418543.46,85.94,42.97
1786366761.39,127.34,10418543.46,0.00,0.00
1786366763.41,129.36,10418543.46,0.00,0.00
1786366765.44,131.39,10418721.68,178.22,89.11
1786366767.45,133.41,10418721.68,0.00,0.00
1786366769.47,135.43,10419379.39,657.71,328.86
1786366771.49,137.44,10419379.39,0.00,0.00
1786366773.50,139.46,10419379.39,0.00,0.00
1786366775.52,141.47,10419856.45,477.05,238.53
1786366777.54,143.50,10420351.56,495.12,247.56
1786366779.56,145.51,10420351.56,0.00,0.00
1786366781.58,147.53,10420352.05,0.49,0.24
1786366783.59,149.55,10420352.05,0.00,0.00
1786366785.61,151.57,10420571.29,219.24,109.62
1786366787.63,153.59,10420708.98,137.70,68.85
1786366789.66,155.62,10420806.15,97.17,48.58
1786366791.68,157.63,10420905.27,99.12,49.56
1786366793.69,159.65,10420905.27,0.00,0.00
1786366795.71,161.66,10421110.84,205.57,102.78
1786366797.73,163.68,10421258.79,147.95,73.97
1786366799.74,165.69,10421348.63,89.84,44.92
1786366801.76,167.71,10421348.63,0.00,0.00
1786366803.77,169.73,10421348.63,0.00,0.00
1786366805.81,171.76,10421520.51,171.88,85.94
1786366807.82,173.78,10421699.71,179.20,89.60
1786366809.83,175.79,10421801.27,101.56,50.78
1786366811.85,177.80,10421801.27,0.00,0.00
1786366813.86,179.82,10421801.27,0.00,0.00
1786366815.88,181.83,10422034.67,233.40,116.70
1786366817.90,183.86,10422130.37,95.70,47.85
1786366819.92,185.87,10422249.02,118.65,59.33
1786366821.93,187.89,10422249.51,0.49,0.24
1786366823.97,189.93,10422249.51,0.00,0.00
1786366825.99,191.94,10422363.77,114.26,57.13
1786366828.00,193.95,10422595.21,231.45,115.72
1786366830.02,195.97,10422911.13,315.92,157.96
1786366832.03,197.98,10422911.62,0.49,0.24
1786366834.11,200.06,10422911.62,0.00,0.00
1786366836.13,202.08,10423078.61,166.99,83.50
1786366838.14,204.09,10423078.61,0.00,0.00
1786366840.16,206.11,10423214.84,136.23,68.12
1786366842.17,208.13,10423215.33,0.49,0.24
1786366844.24,210.19,10423382.32,166.99,83.50
1786366846.25,212.21,10423382.32,0.00,0.00
1786366848.27,214.22,10423646.48,264.16,132.08
1786366850.28,216.24,10423945.31,298.83,149.41
1786366852.30,218.25,10423945.31,0.00,0.00
1786366854.36,220.31,10424082.52,137.21,68.60
1786366856.38,222.33,10424082.52,0.00,0.00
1786366858.39,224.35,10424216.80,134.28,67.14
1786366860.41,226.36,10424351.56,134.77,67.38
1786366862.42,228.37,10424351.56,0.00,0.00
1786366864.44,230.39,10424489.75,138.18,69.09
1786366866.45,232.40,10424489.75,0.00,0.00
1786366868.46,234.42,10424753.91,264.16,132.08
1786366870.48,236.43,10424889.65,135.74,67.87
1786366872.49,238.44,10424889.65,0.00,0.00
1786366874.50,240.46,10425096.68,207.03,103.52
1786366876.54,242.49,10425099.61,2.93,1.46
1786366878.56,244.51,10425437.99,338.38,169.19
1786366880.57,246.53,10425437.99,0.00,0.00
1786366882.59,248.54,10425437.99,0.00,0.00
1786366884.63,250.58,10425625.49,187.50,93.75
1786366886.67,252.62,10425806.15,180.66,90.33
1786366888.68,254.64,10425844.73,38.57,19.29
1786366890.69,256.65,10426003.91,159.18,79.59
1786366892.71,258.66,10426003.91,0.00,0.00
1786366894.72,260.67,10426143.07,139.16,69.58
1786366896.73,262.69,10426143.55,0.49,0.24
1786366898.75,264.70,10426328.61,185.06,92.53
1786366900.76,266.71,10426468.26,139.65,69.82
1786366902.78,268.73,10426468.26,0.00,0.00
1786366904.79,270.75,10426678.71,210.45,105.22
1786366907.10,273.06,10426678.71,0.00,0.00
1786366909.12,275.08,10427032.71,354.00,177.00
1786366911.14,277.09,10427033.20,0.49,0.24
1786366913.16,279.11,10427033.20,0.00,0.00
1786366915.20,281.15,10427151.86,118.65,59.33
1786366917.21,283.17,10427152.34,0.49,0.24
1786366919.23,285.18,10427936.04,783.69,391.85
1786366921.25,287.20,10428388.67,452.64,226.32
1786366923.26,289.22,10428388.67,0.00,0.00
1786366925.28,291.24,10428669.43,280.76,140.38
1786366927.30,293.25,10428669.43,0.00,0.00
1786366929.32,295.27,10429299.80,630.37,315.19
1786366931.34,297.29,10429300.29,0.49,0.24
1786366933.35,299.31,10429300.29,0.00,0.00
1786366935.38,301.33,10429408.69,108.40,54.20
1786366937.40,303.35,10429536.62,127.93,63.96
1786366939.42,305.37,10429634.77,98.14,49.07
1786366941.43,307.38,10429635.25,0.49,0.24
1786366943.45,309.40,10429635.25,0.00,0.00
1786366945.47,311.42,10429959.96,324.71,162.35
1786366947.48,313.44,10429975.59,15.62,7.81
1786366949.49,315.45,10430259.77,284.18,142.09
1786366951.51,317.46,10430260.25,0.49,0.24
1786366953.53,319.48,10430260.25,0.00,0.00
1786366955.56,321.51,10430425.78,165.53,82.76
1786366957.58,323.53,10430454.10,28.32,14.16
1786366959.59,325.54,10430696.78,242.68,121.34
1786366961.60,327.55,10430697.27,0.49,0.24
1786366963.61,329.57,10430697.27,0.00,0.00
1786366965.65,331.60,10430918.46,221.19,110.60
1786366967.67,333.62,10430980.47,62.01,31.01
1786366969.69,335.64,10431019.53,39.06,19.53
1786366971.71,337.66,10431153.32,133.79,66.89
1786366973.72,339.68,10431153.81,0.49,0.24
1786366975.74,341.69,10431285.16,131.35,65.67
1786366977.75,343.70,10431522.46,237.30,118.65
1786366979.77,345.72,10431827.15,304.69,152.34
1786366981.79,347.74,10431919.92,92.77,46.39
1786366983.81,349.76,10431919.92,0.00,0.00
1786366985.82,351.77,10432162.11,242.19,121.09
1786366987.83,353.79,10432613.77,451.66,225.83
1786366989.85,355.80,10432862.79,249.02,124.51
1786366991.86,357.81,10432869.63,6.84,3.42
1786366993.88,359.84,10432869.63,0.00,0.00
1786366995.90,361.85,10432981.45,111.82,55.91
1786366997.92,363.87,10433104.49,123.05,61.52
1786366999.93,365.88,10433112.30,7.81,3.91
1786367001.95,367.90,10433313.48,201.17,100.59
1786367003.97,369.92,10434126.46,812.99,406.49
1786367005.98,371.94,10434405.76,279.30,139.65
1786367008.00,373.95,10434405.76,0.00,0.00
1786367010.02,375.97,10434941.41,535.64,267.82
1786367012.19,378.15,10434941.41,0.00,0.00
1786367014.21,380.16,10435104.49,163.09,81.54
1786367016.22,382.18,10435199.71,95.21,47.61
1786367018.24,384.19,10435338.87,139.16,69.58
1786367020.26,386.21,10435412.11,73.24,36.62
1786367022.27,388.22,10435527.34,115.23,57.62
1786367024.28,390.24,10435598.63,71.29,35.64
1786367026.29,392.25,10435685.06,86.43,43.21
1786367028.31,394.26,10435835.94,150.88,75.44
1786367030.32,396.28,10435835.94,0.00,0.00
1786367032.34,398.29,10436010.25,174.32,87.16
1786367034.35,400.31,10436010.74,0.49,0.24
1786367036.38,402.33,10436304.69,293.95,146.97
1786367038.39,404.34,10436315.92,11.23,5.62
1786367040.40,406.36,10436315.92,0.00,0.00
1786367042.42,408.37,10436315.92,0.00,0.00
1786367044.51,410.46,10436315.92,0.00,0.00
1786367046.52,412.47,10436544.43,228.52,114.26
1786367048.54,414.49,10436544.43,0.00,0.00
1786367050.55,416.50,10436544.43,0.00,0.00
1786367052.61,418.57,10436724.12,179.69,89.84
1786367054.64,420.60,10436787.11,62.99,31.49
1786367056.66,422.61,10436988.28,201.17,100.59
1786367058.67,424.63,10436994.14,5.86,2.93
1786367060.69,426.64,10436994.14,0.00,0.00
1786367062.71,428.66,10436994.14,0.00,0.00
1786367064.73,430.68,10436994.14,0.00,0.00
1786367066.75,432.70,10437187.50,193.36,96.68
1786367068.76,434.71,10437548.83,361.33,180.66
1786367070.78,436.73,10437548.83,0.00,0.00
1786367072.79,438.75,10437548.83,0.00,0.00
1786367074.81,440.76,10437548.83,0.00,0.00
1786367076.83,442.78,10437688.96,140.14,70.07
1786367078.84,444.80,10438397.95,708.98,354.49
1786367080.86,446.81,10438398.44,0.49,0.24
1786367082.94,448.89,10438398.44,0.00,0.00
1786367084.96,450.91,10438880.37,481.93,240.97
1786367086.97,452.92,10438880.37,0.00,0.00
1786367088.98,454.94,10439710.94,830.57,415.28
1786367091.00,456.95,10439711.43,0.49,0.24
1786367093.09,459.05,10439711.43,0.00,0.00
1786367095.11,461.06,10440121.09,409.67,204.83
1786367097.12,463.08,10440121.09,0.00,0.00
1786367099.14,465.09,10440568.36,447.27,223.63
1786367101.15,467.11,10440568.36,0.00,0.00
1786367103.17,469.12,10440568.36,0.00,0.00
1786367105.19,471.14,10441027.34,458.98,229.49
1786367107.21,473.16,10441027.34,0.00,0.00
1786367109.22,475.18,10441723.14,695.80,347.90
1786367111.24,477.19,10441723.14,0.00,0.00
1786367113.26,479.21,10441723.14,0.00,0.00
1786367115.28,481.23,10441972.17,249.02,124.51
1786367117.29,483.25,10441972.17,0.00,0.00
1786367119.31,485.26,10442109.38,137.21,68.60
1786367121.33,487.28,10442839.36,729.98,364.99
1786367123.35,489.30,10442839.84,0.49,0.24
1786367125.36,491.32,10443003.42,163.57,81.79
1786367127.38,493.34,10443348.14,344.73,172.36
1786367129.40,495.36,10443478.52,130.37,65.19
1786367131.42,497.37,10443478.52,0.00,0.00
1786367133.43,499.39,10443478.52,0.00,0.00
1786367135.46,501.41,10443778.81,300.29,150.15
1786367137.47,503.42,10443778.81,0.00,0.00
1786367139.49,505.44,10444250.49,471.68,235.84
1786367141.50,507.46,10444250.49,0.00,0.00
1786367143.52,509.47,10444250.98,0.49,0.24
1786367145.54,511.49,10444786.13,535.16,267.58
1786367147.56,513.51,10444786.13,0.00,0.00
1786367149.58,515.53,10445378.91,592.77,296.39
1786367151.59,517.55,10445379.39,0.49,0.24
1786367153.61,519.57,10445379.39,0.00,0.00
1786367155.65,521.60,10445517.09,137.70,68.85
1786367157.66,523.62,10445517.09,0.00,0.00
1786367159.68,525.63,10446021.97,504.88,252.44
1786367161.69,527.65,10446021.97,0.00,0.00
1786367163.71,529.66,10446021.97,0.00,0.00
1786367165.72,531.67,10446260.74,238.77,119.38
1786367167.74,533.69,10446260.74,0.00,0.00
1786367169.75,535.71,10446688.96,428.22,214.11
1786367171.77,537.73,10446688.96,0.00,0.00
1786367173.79,539.74,10446688.96,0.00,0.00
1786367175.81,541.76,10446824.22,135.25,67.63
1786367177.82,543.77,10446939.45,115.23,57.62
1786367179.83,545.78,10446990.72,51.27,25.63
1786367181.84,547.80,10447722.17,731.45,365.72
1786367183.86,549.81,10447722.66,0.49,0.24
1786367185.89,551.84,10447802.73,80.08,40.04
1786367187.92,553.88,10448136.72,333.98,166.99
1786367189.95,555.91,10448228.52,91.80,45.90
1786367191.99,557.94,10448863.28,634.77,317.38
1786367194.02,559.97,10448864.75,1.46,0.73
1786367196.05,562.01,10449125.00,260.25,130.13
1786367198.09,564.04,10449294.92,169.92,84.96
1786367200.12,566.07,10449679.69,384.77,192.38
1786367202.13,568.08,10449708.50,28.81,14.40
1786367204.15,570.10,10450007.81,299.32,149.66
1786367206.16,572.11,10450102.05,94.24,47.12
1786367208.17,574.12,10450630.86,528.81,264.40
1786367210.19,576.14,10450630.86,0.00,0.00
1786367212.20,578.15,10450631.35,0.49,0.24
1786367214.24,580.19,10450997.56,366.21,183.11
1786367216.25,582.21,10451146.48,148.93,74.46
1786367218.27,584.22,10451644.53,498.05,249.02
1786367220.28,586.23,10451864.26,219.73,109.86
1786367222.29,588.24,10451864.26,0.00,0.00
1786367224.37,590.32,10451961.91,97.66,48.83
1786367226.39,592.34,10452099.61,137.70,68.85
1786367228.40,594.36,10452275.39,175.78,87.89
1786367230.43,596.38,10452294.92,19.53,9.77
1786367232.45,598.40,10452295.41,0.49,0.24
1786367234.46,600.41,10452295.41,0.00,0.00
1786367236.49,602.45,10452540.04,244.63,122.31
1786367238.51,604.46,10452710.45,170.41,85.21
1786367240.52,606.48,10452800.29,89.84,44.92
1786367242.54,608.49,10452800.78,0.49,0.24
1786367244.56,610.51,10452959.96,159.18,79.59
1786367246.79,612.74,10452959.96,0.00,0.00
1786367248.80,614.75,10453032.23,72.27,36.13
1786367250.81,616.76,10453102.54,70.31,35.16
1786367252.82,618.77,10453102.54,0.00,0.00
1786367254.83,620.79,10453248.54,146.00,73.00
1786367256.85,622.81,10453248.54,0.00,0.00
1786367258.87,624.82,10453568.85,320.31,160.16
1786367260.88,626.83,10453596.19,27.34,13.67
1786367262.90,628.85,10453596.19,0.00,0.00
1786367264.91,630.86,10453701.66,105.47,52.73
1786367266.92,632.88,10453701.66,0.00,0.00
1786367268.94,634.89,10454016.11,314.45,157.23
1786367270.95,636.91,10454711.91,695.80,347.90
1786367272.97,638.92,10454711.91,0.00,0.00
1786367274.98,640.94,10455035.16,323.24,161.62
1786367277.00,642.95,10455035.16,0.00,0.00
1786367279.01,644.96,10455170.90,135.74,67.87
1786367281.03,646.98,10455949.22,778.32,389.16
1786367283.04,649.00,10455949.22,0.00,0.00
1786367285.06,651.01,10456485.35,536.13,268.07
1786367287.07,653.02,10456485.35,0.00,0.00
1786367289.09,655.04,10456868.16,382.81,191.41
1786367291.10,657.05,10456868.16,0.00,0.00
1786367293.11,659.06,10456868.16,0.00,0.00
1786367295.14,661.09,10457531.25,663.09,331.54
1786367297.15,663.10,10457531.74,0.49,0.24
1786367299.17,665.12,10458323.73,791.99,396.00
1786367301.18,667.13,10458323.73,0.00,0.00
1786367303.20,669.15,10458460.94,137.21,68.60
1786367305.22,671.17,10458731.93,271.00,135.50
1786367307.23,673.19,10458732.42,0.49,0.24
1786367309.26,675.21,10459398.44,666.02,333.01
1786367311.28,677.23,10459398.93,0.49,0.24
1786367313.29,679.24,10459912.11,513.18,256.59
1786367315.31,681.26,10460013.18,101.07,50.54
1786367317.33,683.29,10460393.07,379.88,189.94
1786367319.35,685.31,10460585.45,192.38,96.19
1786367321.37,687.32,10460596.68,11.23,5.62
1786367323.39,689.34,10460596.68,0.00,0.00
1786367325.41,691.36,10460803.22,206.54,103.27
1786367327.43,693.38,10460803.71,0.49,0.24
1786367329.44,695.40,10461056.15,252.44,126.22
1786367331.46,697.41,10461056.15,0.00,0.00
1786367333.48,699.43,10461365.72,309.57,154.79
1786367335.50,701.45,10461365.72,0.00,0.00
1786367337.52,703.47,10461566.41,200.68,100.34
1786367339.53,705.48,10461655.76,89.36,44.68
1786367341.56,707.52,10461908.20,252.44,126.22
1786367343.58,709.53,10461908.20,0.00,0.00
1786367345.60,711.56,10462269.04,360.84,180.42
1786367347.62,713.57,10462284.67,15.62,7.81
1786367349.63,715.59,10462721.19,436.52,218.26
1786367351.65,717.60,10462721.19,0.00,0.00
1786367353.66,719.62,10462721.19,0.00,0.00
1786367355.69,721.64,10462893.07,171.88,85.94
1786367357.71,723.66,10463034.18,141.11,70.56
1786367359.72,725.68,10463171.39,137.21,68.60
1786367361.74,727.69,10463171.39,0.00,0.00
1786367363.75,729.71,10463171.39,0.00,0.00
1786367365.77,731.72,10463398.93,227.54,113.77
1786367367.79,733.74,10463398.93,0.00,0.00
1786367369.80,735.76,10463535.64,136.72,68.36
1786367371.82,737.78,10463535.64,0.00,0.00
1786367373.84,739.79,10463536.13,0.49,0.24
1786367375.87,741.82,10463680.66,144.53,72.27
1786367377.89,743.85,10463976.56,295.90,147.95
1786367379.91,745.86,10463976.56,0.00,0.00
1786367381.92,747.88,10463977.05,0.49,0.24
1786367383.96,749.91,10463977.05,0.00,0.00
1786367385.98,751.93,10464134.77,157.71,78.86
1786367387.99,753.94,10464326.17,191.41,95.70
1786367390.29,756.25,10464733.89,407.71,203.86
1786367392.31,758.26,10464734.38,0.49,0.24
1786367394.32,760.27,10464969.24,234.86,117.43
1786367396.34,762.29,10464969.73,0.49,0.24
1786367398.36,764.31,10465632.32,662.60,331.30
1786367400.38,766.33,10465632.32,0.00,0.00
1786367402.40,768.35,10465632.81,0.49,0.24
1786367404.41,770.37,10466416.02,783.20,391.60
1786367406.43,772.38,10466416.50,0.49,0.24
1786367408.44,774.40,10467099.61,683.11,341.55
1786367410.46,776.41,10467099.61,0.00,0.00
1786367412.48,778.43,10467099.61,0.00,0.00
1786367414.53,780.48,10467698.24,598.63,299.32
1786367416.55,782.50,10467698.73,0.49,0.24
1786367418.56,784.52,10467866.70,167.97,83.98
1786367420.58,786.53,10467866.70,0.00,0.00
1786367422.59,788.54,10467867.19,0.49,0.24
1786367424.62,790.57,10468673.83,806.64,403.32
1786367426.63,792.59,10469004.88,331.05,165.53
1786367428.65,794.60,10469013.18,8.30,4.15
1786367430.67,796.62,10469176.27,163.09,81.54
1786367432.68,798.63,10469176.27,0.00,0.00
1786367434.70,800.65,10469176.27,0.00,0.00
1786367436.72,802.67,10469643.55,467.29,233.64
1786367438.73,804.69,10469643.55,0.00,0.00
1786367440.75,806.70,10469825.20,181.64,90.82
1786367442.76,808.72,10469825.68,0.49,0.24
1786367444.79,810.74,10470585.94,760.25,380.13
1786367446.80,812.75,10470585.94,0.00,0.00
1786367448.81,814.77,10471411.62,825.68,412.84
1786367450.83,816.78,10471411.62,0.00,0.00
1786367452.84,818.80,10471411.62,0.00,0.00
1786367454.87,820.82,10472079.10,667.48,333.74
1786367456.89,822.84,10472079.59,0.49,0.24
1786367458.90,824.85,10472499.51,419.92,209.96
1786367460.92,826.87,10472500.00,0.49,0.24
1786367462.93,828.88,10472500.00,0.00,0.00
1786367464.95,830.91,10473352.05,852.05,426.03
1786367466.97,832.93,10473352.05,0.00,0.00
1786367468.99,834.94,10473775.39,423.34,211.67
1786367471.00,836.96,10473775.39,0.00,0.00
1786367473.13,839.08,10473775.39,0.00,0.00
1786367475.15,841.10,10473912.60,137.21,68.60
1786367477.16,843.12,10473912.60,0.00,0.00
1786367479.18,845.13,10474778.32,865.72,432.86
1786367481.19,847.15,10474778.81,0.49,0.24
1786367483.24,849.19,10474778.81,0.00,0.00
1786367485.27,851.22,10475637.70,858.89,429.44
1786367487.28,853.24,10475637.70,0.00,0.00
1786367489.30,855.25,10476056.64,418.95,209.47
1786367491.32,857.27,10476056.64,0.00,0.00
1786367493.33,859.29,10476057.13,0.49,0.24
1786367495.35,861.30,10476579.10,521.97,260.99
1786367497.37,863.32,10476579.10,0.00,0.00
1786367499.38,865.34,10477376.46,797.36,398.68
1786367501.40,867.35,10477376.95,0.49,0.24
1786367503.41,869.37,10477376.95,0.00,0.00
1786367505.43,871.38,10477579.59,202.64,101.32
1786367507.46,873.41,10477579.59,0.00,0.00
1786367509.47,875.43,10478446.78,867.19,433.59
1786367511.49,877.44,10478446.78,0.00,0.00
1786367513.50,879.46,10478446.78,0.00,0.00
1786367515.52,881.47,10479113.28,666.50,333.25
1786367517.53,883.48,10479113.28,0.00,0.00
1786367519.55,885.50,10479642.58,529.30,264.65
1786367521.56,887.51,10479642.58,0.00,0.00
1786367523.57,889.53,10479642.58,0.00,0.00
1786367525.59,891.54,10479841.31,198.73,99.37
1786367527.61,893.56,10479841.31,0.00,0.00
1786367529.62,895.57,10480627.93,786.62,393.31
1786367531.63,897.59,10480627.93,0.00,0.00
1786367533.65,899.60,10480627.93,0.00,0.00
1786367535.66,901.61,10480795.90,167.97,83.98
1786367537.68,903.63,10480795.90,0.00,0.00
1786367539.70,905.65,10481582.03,786.13,393.07
1786367541.71,907.66,10481582.03,0.00,0.00
1786367543.72,909.68,10481582.52,0.49,0.24
1786367545.74,911.70,10482456.54,874.02,437.01
1786367547.76,913.71,10482457.03,0.49,0.24
1786367549.77,915.72,10482841.80,384.77,192.38
1786367551.79,917.74,10482841.80,0.00,0.00
1786367553.80,919.76,10482841.80,0.00,0.00
1786367555.82,921.78,10483101.56,259.77,129.88
1786367557.84,923.79,10483101.56,0.00,0.00
1786367559.86,925.81,10483525.88,424.32,212.16
1786367561.87,927.83,10483526.37,0.49,0.24
1786367563.89,929.85,10483526.37,0.00,0.00
1786367565.91,931.86,10484104.98,578.61,289.31
1786367567.92,933.87,10484112.79,7.81,3.91
1786367569.93,935.88,10484898.93,786.13,393.07
1786367571.94,937.89,10484898.93,0.00,0.00
1786367573.95,939.91,10484898.93,0.00,0.00
1786367575.98,941.93,10485315.92,416.99,208.50
1786367577.99,943.95,10485389.65,73.73,36.87
1786367580.00,945.96,10485486.33,96.68,48.34
1786367582.03,947.99,10485486.33,0.00,0.00
1786367584.05,950.00,10485501.95,15.62,7.81
1786367586.06,952.01,10485654.30,152.34,76.17
1786367588.07,954.03,10485916.99,262.70,131.35
1786367590.09,956.04,10485979.00,62.01,31.01
1786367592.10,958.05,10485979.00,0.00,0.00
1786367594.11,960.07,10486177.25,198.24,99.12
1786367596.12,962.08,10486202.64,25.39,12.70
1786367598.14,964.09,10486609.38,406.74,203.37
1786367600.15,966.11,10486626.46,17.09,8.54
1786367602.17,968.12,10486626.46,0.00,0.00
1786367604.18,970.14,10486976.07,349.61,174.80
1786367606.20,972.15,10487787.60,811.52,405.76
1786367608.21,974.17,10487787.60,0.00,0.00
1786367610.23,976.18,10487889.16,101.56,50.78
1786367612.24,978.20,10487889.16,0.00,0.00
1786367614.26,980.21,10488122.07,232.91,116.46
1786367616.28,982.23,10488940.43,818.36,409.18
1786367618.29,984.24,10488961.91,21.48,10.74
1786367620.30,986.25,10489199.22,237.30,118.65
1786367622.31,988.27,10489564.45,365.23,182.62
1786367624.33,990.28,10490085.45,521.00,260.50
1786367626.67,992.63,10490085.45,0.00,0.00
1786367628.69,994.64,10490088.38,2.93,1.46
1786367630.88,996.83,10490088.38,0.00,0.00
1786367632.89,998.85,10490412.60,324.22,162.11
1786367634.91,1000.86,10490412.60,0.00,0.00
1786367636.92,1002.88,10490926.76,514.16,257.08
1786367638.94,1004.89,10491565.92,639.16,319.58
1786367640.95,1006.90,10491565.92,0.00,0.00
1786367642.96,1008.92,10491565.92,0.00,0.00
1786367644.98,1010.93,10491565.92,0.00,0.00
1786367647.00,1012.95,10492327.64,761.72,380.86
1786367649.01,1014.96,10492463.87,136.23,68.12
1786367651.03,1016.98,10492463.87,0.00,0.00
1786367653.04,1019.00,10492463.87,0.00,0.00
1786367655.07,1021.02,10492463.87,0.00,0.00
1786367657.08,1023.03,10493304.69,840.82,420.41
1786367659.10,1025.05,10493761.23,456.54,228.27
1786367661.11,1027.06,10493761.23,0.00,0.00
1786367663.13,1029.08,10493761.23,0.00,0.00
1786367665.15,1031.10,10493761.23,0.00,0.00
1786367667.16,1033.11,10494471.19,709.96,354.98
1786367669.18,1035.13,10494722.17,250.98,125.49
1786367671.19,1037.14,10494722.17,0.00,0.00
1786367673.20,1039.16,10494722.17,0.00,0.00
1786367675.23,1041.19,10494722.17,0.00,0.00
1786367677.25,1043.20,10495401.86,679.69,339.84
1786367679.27,1045.22,10495918.95,517.09,258.54
1786367681.28,1047.24,10495919.43,0.49,0.24
1786367683.30,1049.25,10495919.43,0.00,0.00
1786367685.32,1051.27,10496508.79,589.36,294.68
1786367687.33,1053.29,10496508.79,0.00,0.00
1786367689.35,1055.30,10496907.71,398.93,199.46
1786367691.36,1057.32,10496908.20,0.49,0.24
1786367693.38,1059.33,10496908.20,0.00,0.00
1786367695.40,1061.35,10497574.71,666.50,333.25
1786367697.42,1063.37,10497575.20,0.49,0.24
1786367699.43,1065.39,10497838.87,263.67,131.84
1786367701.45,1067.40,10497838.87,0.00,0.00
1786367703.47,1069.42,10497838.87,0.00,0.00
1786367705.48,1071.44,10498091.80,252.93,126.46
1786367707.50,1073.46,10498092.29,0.49,0.24
1786367709.52,1075.47,10498911.13,818.85,409.42
1786367711.53,1077.48,10498911.62,0.49,0.24
1786367713.54,1079.50,10498911.62,0.00,0.00
1786367715.57,1081.52,10499763.67,852.05,426.03
1786367717.58,1083.53,10499764.16,0.49,0.24
1786367719.60,1085.55,10500167.97,403.81,201.90
1786367721.61,1087.57,10500167.97,0.00,0.00
1786367723.63,1089.58,10500167.97,0.00,0.00
1786367725.64,1091.60,10500875.49,707.52,353.76
1786367727.66,1093.61,10501303.71,428.22,214.11
1786367729.67,1095.63,10501578.61,274.90,137.45
1786367731.69,1097.64,10501578.61,0.00,0.00
1786367733.70,1099.66,10501578.61,0.00,0.00
1786367735.72,1101.67,10501772.46,193.85,96.92
1786367737.73,1103.68,10501772.46,0.00,0.00
1786367739.74,1105.70,10501940.43,167.97,83.98
1786367741.76,1107.71,10501940.92,0.49,0.24
1786367743.77,1109.73,10501940.92,0.00,0.00
1786367745.79,1111.74,10502663.57,722.66,361.33
1786367747.80,1113.76,10502664.06,0.49,0.24
1786367749.82,1115.77,10503149.90,485.84,242.92
1786367751.83,1117.79,10503149.90,0.00,0.00
1786367753.85,1119.80,10503149.90,0.00,0.00
1786367755.87,1121.82,10503780.27,630.37,315.19
1786367757.89,1123.84,10503780.27,0.00,0.00
1786367759.90,1125.85,10504460.94,680.66,340.33
1786367761.91,1127.87,10504461.43,0.49,0.24
1786367763.93,1129.88,10504461.43,0.00,0.00
1786367765.94,1131.90,10504909.67,448.24,224.12
1786367768.20,1134.15,10504909.67,0.00,0.00
1786367770.21,1136.16,10505072.75,163.09,81.54
1786367772.23,1138.18,10505073.24,0.49,0.24
1786367774.36,1140.32,10505340.33,267.09,133.54
1786367776.38,1142.33,10505340.33,0.00,0.00
1786367778.39,1144.34,10505565.92,225.59,112.79
1786367780.40,1146.36,10505566.41,0.49,0.24
1786367782.42,1148.37,10505566.41,0.00,0.00
1786367784.55,1150.51,10506415.04,848.63,424.32
1786367786.57,1152.52,10506415.04,0.00,0.00
1786367788.58,1154.54,10507113.28,698.24,349.12
1786367790.60,1156.55,10507113.28,0.00,0.00
1786367792.61,1158.57,10507113.77,0.49,0.24
1786367794.63,1160.59,10507923.34,809.57,404.79
1786367796.65,1162.60,10507923.34,0.00,0.00
1786367798.67,1164.62,10508081.05,157.71,78.86
1786367800.68,1166.63,10508081.05,0.00,0.00
1786367802.69,1168.65,10508081.54,0.49,0.24
1786367804.72,1170.68,10508788.09,706.54,353.27
1786367806.74,1172.69,10508788.09,0.00,0.00
1786367808.75,1174.71,10509672.85,884.77,442.38
1786367810.77,1176.72,10509672.85,0.00,0.00
1786367812.78,1178.74,10509672.85,0.00,0.00
1786367814.82,1180.77,10510445.80,772.95,386.47
1786367816.83,1182.79,10510445.80,0.00,0.00
1786367818.85,1184.81,10510983.40,537.60,268.80
1786367820.87,1186.82,10510983.40,0.00,0.00
1786367822.88,1188.84,10510983.89,0.49,0.24
1786367824.91,1190.86,10511156.25,172.36,86.18
1786367826.92,1192.88,10511156.25,0.00,0.00
1786367828.94,1194.89,10512282.71,1126.46,563.23
1786367830.96,1196.91,10512283.20,0.49,0.24
1786367832.97,1198.92,10512283.20,0.00,0.00
1786367834.99,1200.94,10512288.57,5.37,2.69
1786367837.00,1202.95,10512538.09,249.51,124.76
1786367839.02,1204.97,10513448.73,910.64,455.32
1786367841.03,1206.98,10513449.22,0.49,0.24
1786367843.04,1208.99,10513449.22,0.00,0.00
1786367845.06,1211.01,10513959.47,510.25,255.13
1786367847.07,1213.02,10513959.47,0.00,0.00
1786367849.08,1215.04,10514304.69,345.21,172.61
1786367851.10,1217.05,10514305.18,0.49,0.24
1786367853.18,1219.13,10514305.18,0.00,0.00
1786367855.19,1221.14,10514991.21,686.04,343.02
1786367857.20,1223.16,10514991.21,0.00,0.00
1786367859.22,1225.17,10515459.47,468.26,234.13
1786367861.23,1227.19,10515459.96,0.49,0.24
1786367863.25,1229.20,10515459.96,0.00,0.00
1786367865.27,1231.22,10516305.18,845.21,422.61
1786367867.28,1233.24,10516305.18,0.00,0.00
1786367869.30,1235.25,10516751.46,446.29,223.14
1786367871.32,1237.27,10516751.95,0.49,0.24
1786367873.33,1239.28,10516751.95,0.00,0.00
1786367875.35,1241.31,10517509.77,757.81,378.91
1786367877.37,1243.32,10517510.25,0.49,0.24
1786367879.38,1245.34,10518375.98,865.72,432.86
1786367881.40,1247.35,10518375.98,0.00,0.00
1786367883.41,1249.37,10518375.98,0.00,0.00
1786367885.44,1251.39,10518847.66,471.68,235.84
1786367887.45,1253.41,10518847.66,0.00,0.00
1786367889.47,1255.42,10519488.77,641.11,320.56
1786367891.49,1257.44,10519488.77,0.00,0.00
1786367893.50,1259.45,10519488.77,0.00,0.00
1786367895.51,1261.47,10520313.96,825.20,412.60
1786367897.53,1263.48,10520313.96,0.00,0.00
1786367899.54,1265.50,10520736.82,422.85,211.43
1786367901.56,1267.51,10520737.30,0.49,0.24
1786367903.58,1269.54,10520950.20,212.89,106.45
1786367905.60,1271.55,10521591.80,641.60,320.80
1786367907.61,1273.57,10521591.80,0.00,0.00
1786367909.63,1275.58,10521851.56,259.77,129.88
1786367911.64,1277.59,10521851.56,0.00,0.00
1786367913.67,1279.62,10521988.77,137.21,68.60
1786367915.69,1281.64,10522704.59,715.82,357.91
1786367917.70,1283.65,10522704.59,0.00,0.00
1786367919.72,1285.67,10522896.00,191.41,95.70
1786367921.73,1287.68,10523430.18,534.18,267.09
1786367923.75,1289.70,10523430.18,0.00,0.00
1786367925.76,1291.71,10523507.81,77.64,38.82
1786367927.78,1293.73,10523507.81,0.00,0.00
1786367929.80,1295.75,10524202.15,694.34,347.17
1786367931.95,1297.90,10524203.61,1.46,0.73
1786367933.96,1299.91,10524335.94,132.32,66.16
1786367935.97,1301.93,10524335.94,0.00,0.00
1786367937.99,1303.94,10524951.17,615.23,307.62
1786367940.01,1305.96,10525370.12,418.95,209.47
1786367942.16,1308.11,10525370.12,0.00,0.00
1786367944.24,1310.19,10525551.76,181.64,90.82
1786367946.27,1312.23,10525552.25,0.49,0.24
1786367948.29,1314.25,10525992.19,439.94,219.97
1786367950.31,1316.27,10526403.32,411.13,205.57
1786367952.33,1318.28,10526403.32,0.00,0.00
1786367954.36,1320.31,10526721.68,318.36,159.18
1786367956.48,1322.43,10526721.68,0.00,0.00
1786367958.49,1324.44,10527245.12,523.44,261.72
1786367960.51,1326.46,10527678.71,433.59,216.80
1786367962.52,1328.47,10527678.71,0.00,0.00
1786367964.54,1330.49,10528151.37,472.66,236.33
1786367966.55,1332.51,10528151.37,0.00,0.00
1786367968.57,1334.52,10528189.45,38.09,19.04
1786367970.58,1336.53,10528287.11,97.66,48.83
1786367972.59,1338.55,10528287.11,0.00,0.00
1786367974.62,1340.57,10529082.52,795.41,397.71
1786367976.63,1342.58,10529082.52,0.00,0.00
1786367978.65,1344.60,10529360.35,277.83,138.92
1786367980.66,1346.61,10529494.63,134.28,67.14
1786367982.68,1348.63,10529494.63,0.00,0.00
1786367984.69,1350.64,10530292.97,798.34,399.17
1786367986.70,1352.66,10530292.97,0.00,0.00
1786367988.72,1354.67,10531047.36,754.39,377.20
1786367990.73,1356.69,10531047.36,0.00,0.00
1786367992.75,1358.70,10531047.36,0.00,0.00
1786367994.77,1360.72,10531878.91,831.54,415.77
1786367996.78,1362.74,10531878.91,0.00,0.00
1786367998.80,1364.75,10532437.01,558.11,279.05
1786368000.81,1366.76,10532490.72,53.71,26.86
1786368002.83,1368.78,10532490.72,0.00,0.00
1786368004.84,1370.79,10532728.52,237.79,118.90
1786368006.85,1372.80,10532755.86,27.34,13.67
1786368008.87,1374.82,10532943.85,187.99,93.99
1786368010.88,1376.84,10532943.85,0.00,0.00
1786368012.90,1378.85,10532944.34,0.49,0.24
1786368014.93,1380.88,10533198.73,254.39,127.20
1786368016.94,1382.89,10533248.54,49.80,24.90
1786368018.95,1384.91,10533504.88,256.35,128.17
1786368020.97,1386.92,10533505.37,0.49,0.24
1786368022.98,1388.93,10533505.37,0.00,0.00
1786368024.99,1390.95,10533777.34,271.97,135.99
1786368027.01,1392.96,10533789.06,11.72,5.86
1786368029.02,1394.98,10533861.33,72.27,36.13
1786368031.03,1396.99,10533964.36,103.03,51.51
1786368033.05,1399.00,10533964.36,0.00,0.00
1786368035.06,1401.01,10533964.84,0.49,0.24
1786368037.07,1403.03,10534098.14,133.30,66.65
1786368039.09,1405.04,10534174.32,76.17,38.09
1786368041.10,1407.05,10534258.30,83.98,41.99
1786368043.11,1409.06,10534258.30,0.00,0.00
1786368045.13,1411.08,10534495.12,236.82,118.41
1786368047.15,1413.10,10534495.12,0.00,0.00
1786368049.17,1415.12,10534939.94,444.82,222.41
1786368051.19,1417.14,10534939.94,0.00,0.00
1786368053.24,1419.20,10534939.94,0.00,0.00
1786368055.26,1421.21,10535814.94,875.00,437.50
1786368057.27,1423.23,10535814.94,0.00,0.00
1786368059.29,1425.24,10536296.88,481.93,240.97
1786368061.30,1427.25,10536296.88,0.00,0.00
1786368063.37,1429.32,10536296.88,0.00,0.00
1786368065.38,1431.34,10537051.27,754.39,377.20
1786368067.40,1433.35,10537051.27,0.00,0.00
1786368069.41,1435.36,10537385.25,333.98,166.99
1786368071.43,1437.38,10537385.25,0.00,0.00
1786368073.44,1439.39,10537385.74,0.49,0.24
1786368075.46,1441.41,10538128.42,742.68,371.34
1786368077.47,1443.42,10538128.42,0.00,0.00
1786368079.49,1445.44,10538931.15,802.73,401.37
1786368081.50,1447.46,10538931.15,0.00,0.00
1786368083.52,1449.47,10538931.15,0.00,0.00
1786368085.53,1451.49,10539125.00,193.85,96.92
1786368087.55,1453.50,10539125.00,0.00,0.00
1786368089.56,1455.52,10539811.52,686.52,343.26
1786368091.58,1457.53,10539811.52,0.00,0.00
1786368093.60,1459.55,10539811.52,0.00,0.00
1786368095.61,1461.56,10539893.07,81.54,40.77
1786368097.63,1463.58,10539893.07,0.00,0.00
1786368099.64,1465.60,10540439.94,546.88,273.44
1786368101.66,1467.61,10540440.43,0.49,0.24
1786368103.68,1469.63,10540440.43,0.00,0.00
1786368105.69,1471.65,10541057.13,616.70,308.35
1786368107.71,1473.66,10541057.13,0.00,0.00
1786368109.72,1475.68,10541501.95,444.82,222.41
1786368111.74,1477.69,10541501.95,0.00,0.00
1786368113.75,1479.71,10541501.95,0.00,0.00
1786368115.77,1481.72,10541962.40,460.45,230.22
1786368117.79,1483.74,10541962.89,0.49,0.24
1786368119.80,1485.76,10542456.05,493.16,246.58
1786368121.82,1487.77,10542456.54,0.49,0.24
1786368123.84,1489.79,10542456.54,0.00,0.00
1786368125.85,1491.81,10543171.88,715.33,357.67
1786368127.87,1493.83,10543172.36,0.49,0.24
1786368129.89,1495.84,10543386.23,213.87,106.93
1786368131.91,1497.86,10543386.23,0.00,0.00
1786368133.93,1499.88,10543386.23,0.00,0.00
1786368135.96,1501.91,10543650.39,264.16,132.08
1786368137.97,1503.93,10543650.39,0.00,0.00
1786368139.99,1505.94,10544350.10,699.71,349.85
1786368142.00,1507.95,10544350.10,0.00,0.00
1786368144.09,1510.04,10544473.63,123.54,61.77
1786368146.10,1512.05,10544480.96,7.32,3.66
1786368148.11,1514.06,10544562.50,81.54,40.77
1786368150.12,1516.08,10544651.86,89.36,44.68
1786368152.14,1518.09,10544652.34,0.49,0.24
1786368154.24,1520.19,10545036.62,384.28,192.14
1786368156.25,1522.20,10545096.68,60.06,30.03
1786368158.26,1524.22,10545499.02,402.34,201.17
1786368160.27,1526.23,10545511.72,12.70,6.35
1786368162.29,1528.24,10545512.21,0.49,0.24
1786368164.36,1530.31,10546055.18,542.97,271.48
1786368166.37,1532.32,10546204.10,148.93,74.46
1786368168.38,1534.34,10546655.76,451.66,225.83
1786368170.70,1536.66,10546655.76,0.00,0.00
1786368172.72,1538.67,10546656.25,0.49,0.24
1786368174.74,1540.69,10547605.96,949.71,474.85
1786368176.75,1542.71,10547605.96,0.00,0.00
1786368178.77,1544.72,10548104.49,498.54,249.27
1786368180.78,1546.74,10548104.49,0.00,0.00
1786368182.80,1548.75,10548104.49,0.00,0.00
1786368184.83,1550.78,10549001.46,896.97,448.49
1786368186.84,1552.80,10549001.95,0.49,0.24
1786368188.86,1554.81,10549176.27,174.32,87.16
1786368190.88,1556.83,10549176.27,0.00,0.00
1786368192.89,1558.84,10549176.27,0.00,0.00
1786368194.91,1560.87,10550197.27,1021.00,510.50
1786368196.93,1562.88,10550197.27,0.00,0.00
1786368198.95,1564.90,10550455.57,258.30,129.15
1786368200.96,1566.92,10550455.57,0.00,0.00
1786368202.98,1568.94,10550456.05,0.49,0.24
1786368205.00,1570.95,10551352.54,896.48,448.24
1786368207.02,1572.97,10551549.32,196.78,98.39
1786368209.03,1574.98,10551980.96,431.64,215.82
1786368211.05,1577.00,10551980.96,0.00,0.00
1786368213.06,1579.01,10551981.45,0.49,0.24
1786368215.08,1581.03,10552083.01,101.56,50.78
1786368217.09,1583.04,10552581.05,498.05,249.02
1786368219.11,1585.06,10552783.20,202.15,101.07
1786368221.12,1587.08,10553219.73,436.52,218.26
1786368223.14,1589.09,10553219.73,0.00,0.00
1786368225.15,1591.10,10553642.09,422.36,211.18
1786368227.17,1593.12,10553642.58,0.49,0.24
1786368229.18,1595.13,10554366.21,723.63,361.82
1786368231.36,1597.32,10554366.21,0.00,0.00
1786368233.38,1599.33,10554522.95,156.74,78.37
1786368235.39,1601.35,10554522.95,0.00,0.00
1786368237.41,1603.36,10554869.63,346.68,173.34
1786368239.43,1605.38,10555294.92,425.29,212.65
1786368241.44,1607.39,10555361.82,66.89,33.45
1786368243.45,1609.41,10555361.82,0.00,0.00
1786368245.47,1611.42,10555725.10,363.28,181.64
1786368247.49,1613.44,10556197.27,472.17,236.08
1786368249.50,1615.45,10556642.58,445.31,222.66
1786368251.51,1617.46,10556642.58,0.00,0.00
1786368253.53,1619.48,10556642.58,0.00,0.00
1786368255.55,1621.50,10556714.84,72.27,36.13
1786368257.56,1623.51,10556943.36,228.52,114.26
1786368259.58,1625.53,10556966.31,22.95,11.47
1786368261.58,1627.54,10557279.79,313.48,156.74
1786368263.60,1629.55,10557279.79,0.00,0.00
1786368265.62,1631.57,10557590.82,311.04,155.52
1786368267.64,1633.59,10557726.56,135.74,67.87
1786368269.65,1635.61,10557734.86,8.30,4.15
1786368271.67,1637.62,10557866.21,131.35,65.67
1786368273.69,1639.64,10557866.21,0.00,0.00
1786368275.70,1641.65,10558104.98,238.77,119.38
1786368277.72,1643.67,10558199.22,94.24,47.12
1786368279.74,1645.69,10558297.36,98.14,49.07
1786368281.75,1647.70,10558576.17,278.81,139.40
1786368283.77,1649.72,10558576.17,0.00,0.00
1786368285.78,1651.74,10558771.48,195.31,97.66
1786368287.80,1653.75,10558771.97,0.49,0.24
1786368289.82,1655.77,10559186.52,414.55,207.28
1786368291.83,1657.78,10559186.52,0.00,0.00
1786368293.85,1659.80,10559186.52,0.00,0.00
1786368295.86,1661.82,10559331.05,144.53,72.27
1786368297.89,1663.84,10559331.05,0.00,0.00
1786368299.91,1665.86,10559659.18,328.12,164.06
1786368301.92,1667.88,10559659.67,0.49,0.24
1786368303.94,1669.89,10559659.67,0.00,0.00
1786368305.96,1671.91,10560095.70,436.04,218.02
1786368307.98,1673.93,10560095.70,0.00,0.00
1786368310.00,1675.95,10560228.03,132.32,66.16
1786368312.03,1677.98,10560228.03,0.00,0.00
1786368314.05,1680.00,10560228.52,0.49,0.24
1786368316.06,1682.01,10560602.54,374.02,187.01
1786368318.08,1684.03,10560602.54,0.00,0.00
1786368320.09,1686.05,10560667.97,65.43,32.71
1786368322.11,1688.06,10560668.46,0.49,0.24
1786368324.25,1690.20,10560736.82,68.36,34.18
1786368326.26,1692.21,10560804.69,67.87,33.94
1786368328.27,1694.23,10560902.83,98.14,49.07
1786368330.29,1696.24,10561056.64,153.81,76.90
1786368332.31,1698.26,10561056.64,0.00,0.00
1786368334.32,1700.28,10561056.64,0.00,0.00
1786368336.35,1702.30,10561229.00,172.36,86.18
1786368338.37,1704.32,10561229.00,0.00,0.00
1786368340.38,1706.33,10561822.75,593.75,296.88
1786368342.39,1708.35,10561822.75,0.00,0.00
1786368344.41,1710.37,10561992.19,169.43,84.72
1786368346.43,1712.38,10561992.19,0.00,0.00
1786368348.45,1714.40,10562589.36,597.17,298.58
1786368350.46,1716.41,10562643.07,53.71,26.86
1786368352.48,1718.43,10562643.07,0.00,0.00
1786368354.49,1720.44,10562843.75,200.68,100.34
1786368356.51,1722.46,10562843.75,0.00,0.00
1786368358.52,1724.48,10563511.23,667.48,333.74
1786368360.54,1726.49,10563537.11,25.88,12.94
1786368362.55,1728.50,10563537.11,0.00,0.00
1786368364.61,1730.56,10563762.70,225.59,112.79
1786368366.62,1732.57,10563933.11,170.41,85.21
1786368368.64,1734.59,10564711.91,778.81,389.40
1786368370.65,1736.61,10564711.91,0.00,0.00
1786368372.67,1738.62,10564711.91,0.00,0.00
1786368374.69,1740.64,10564849.61,137.70,68.85
1786368376.70,1742.66,10564850.10,0.49,0.24
1786368378.72,1744.67,10565185.06,334.96,167.48
1786368380.73,1746.69,10565185.06,0.00,0.00
1786368382.75,1748.70,10565185.06,0.00,0.00
1786368384.76,1750.72,10565389.16,204.10,102.05
1786368386.78,1752.73,10565389.16,0.00,0.00
1786368388.79,1754.74,10566113.77,724.61,362.30
1786368390.81,1756.76,10566114.26,0.49,0.24
1786368392.82,1758.77,10566114.26,0.00,0.00
1786368394.84,1760.79,10566251.95,137.70,68.85
1786368396.86,1762.81,10566251.95,0.00,0.00
1786368398.87,1764.83,10566390.62,138.67,69.34
1786368400.89,1766.84,10566390.62,0.00,0.00
1786368402.90,1768.86,10566391.11,0.49,0.24
1786368404.93,1770.88,10566687.01,295.90,147.95
1786368406.94,1772.89,10566687.01,0.00,0.00
1786368408.96,1774.91,10567456.54,769.53,384.77
1786368410.97,1776.93,10567456.54,0.00,0.00
1786368412.99,1778.94,10567456.54,0.00,0.00
1786368415.01,1780.96,10567709.47,252.93,126.46
1786368417.02,1782.97,10567709.47,0.00,0.00
1786368419.04,1784.99,10568403.32,693.85,346.92
1786368421.05,1787.00,10568403.32,0.00,0.00
1786368423.07,1789.02,10568403.32,0.00,0.00
1786368425.09,1791.04,10568712.40,309.08,154.54
1786368427.10,1793.06,10568712.40,0.00,0.00
1786368429.12,1795.07,10569567.87,855.47,427.73
1786368431.14,1797.09,10569567.87,0.00,0.00
1786368433.15,1799.10,10569567.87,0.00,0.00
1786368435.21,1801.17,10570013.67,445.80,222.90
1786368437.22,1803.18,10570032.23,18.55,9.28
1786368439.24,1805.19,10570234.38,202.15,101.07
1786368441.25,1807.20,10570234.38,0.00,0.00
1786368443.26,1809.22,10570234.38,0.00,0.00
1786368445.28,1811.23,10570688.96,454.59,227.29
1786368447.30,1813.25,10570688.96,0.00,0.00
1786368449.31,1815.26,10570892.58,203.61,101.81
1786368451.33,1817.28,10570892.58,0.00,0.00
1786368453.40,1819.35,10570892.58,0.00,0.00
1786368455.43,1821.38,10571200.68,308.11,154.05
1786368457.45,1823.41,10571200.68,0.00,0.00
1786368459.47,1825.42,10571368.16,167.48,83.74
1786368461.49,1827.44,10571368.65,0.49,0.24
1786368463.62,1829.58,10571368.65,0.00,0.00
1786368465.64,1831.59,10571454.59,85.94,42.97
1786368467.66,1833.61,10571454.59,0.00,0.00
1786368469.67,1835.63,10571687.50,232.91,116.46
1786368471.69,1837.64,10571687.50,0.00,0.00
1786368473.77,1839.72,10571687.99,0.49,0.24
1786368475.79,1841.74,10571819.82,131.84,65.92
1786368477.81,1843.77,10571820.31,0.49,0.24
1786368479.83,1845.78,10572068.85,248.54,124.27
1786368481.84,1847.79,10572069.34,0.49,0.24
1786368483.86,1849.81,10572069.34,0.00,0.00
1786368485.88,1851.83,10572160.16,90.82,45.41
1786368487.89,1853.85,10572160.64,0.49,0.24
1786368489.91,1855.87,10572300.29,139.65,69.82
1786368491.93,1857.89,10572300.78,0.49,0.24
1786368493.95,1859.90,10572300.78,0.00,0.00
1786368495.96,1861.92,10572406.25,105.47,52.73
1786368497.99,1863.94,10572406.74,0.49,0.24
1786368500.00,1865.96,10572513.18,106.45,53.22
1786368502.20,1868.15,10572513.67,0.49,0.24
1786368504.21,1870.16,10572679.69,166.02,83.01
1786368506.23,1872.18,10573472.66,792.97,396.48
1786368508.24,1874.19,10573570.80,98.14,49.07
1786368510.25,1876.20,10573605.47,34.67,17.33
1786368512.26,1878.22,10573605.96,0.49,0.24
1786368514.28,1880.23,10573873.54,267.58,133.79
1786368516.29,1882.24,10574560.55,687.01,343.51
1786368518.30,1884.26,10574844.73,284.18,142.09
1786368520.32,1886.27,10574850.59,5.86,2.93
1786368522.33,1888.28,10575349.12,498.54,249.27
1786368524.35,1890.30,10575823.24,474.12,237.06
1786368526.36,1892.32,10575823.24,0.00,0.00
1786368528.38,1894.34,10576047.85,224.61,112.30
1786368530.62,1896.57,10576050.78,2.93,1.46
1786368532.63,1898.58,10576050.78,0.00,0.00
1786368534.66,1900.61,10576050.78,0.00,0.00
1786368536.68,1902.63,10576525.88,475.10,237.55
1786368538.69,1904.65,10576985.84,459.96,229.98
1786368540.71,1906.66,10577263.67,277.83,138.92
1786368542.72,1908.67,10577263.67,0.00,0.00
1786368544.74,1910.69,10577499.02,235.35,117.68
1786368546.75,1912.71,10577499.51,0.49,0.24
1786368548.77,1914.72,10578191.89,692.38,346.19
1786368550.79,1916.74,10578191.89,0.00,0.00
1786368552.81,1918.76,10578191.89,0.00,0.00
1786368554.83,1920.78,10578847.66,655.76,327.88
1786368556.84,1922.80,10578847.66,0.00,0.00
1786368558.86,1924.81,10579514.16,666.50,333.25
1786368560.87,1926.83,10579514.16,0.00,0.00
1786368562.89,1928.84,10579514.16,0.00,0.00
1786368564.91,1930.87,10580182.13,667.97,333.98
1786368566.93,1932.88,10580182.13,0.00,0.00
1786368568.94,1934.90,10580949.71,767.58,383.79
1786368571.25,1937.20,10580949.71,0.00,0.00
1786368573.27,1939.22,10580949.71,0.00,0.00
1786368575.29,1941.24,10581449.22,499.51,249.76
1786368577.30,1943.25,10581449.22,0.00,0.00
1786368579.31,1945.27,10581585.94,136.72,68.36
1786368581.33,1947.28,10582098.14,512.21,256.10
1786368583.34,1949.30,10582098.63,0.49,0.24
1786368585.36,1951.31,10582592.29,493.65,246.83
1786368587.37,1953.33,10582592.29,0.00,0.00
1786368589.39,1955.34,10582960.94,368.65,184.33
1786368591.40,1957.36,10582961.43,0.49,0.24
1786368593.43,1959.38,10582961.43,0.00,0.00
1786368595.46,1961.41,10583646.48,685.06,342.53
1786368597.47,1963.42,10583646.97,0.49,0.24
1786368599.49,1965.44,10583783.69,136.72,68.36
1786368601.50,1967.46,10583783.69,0.00,0.00
1786368603.54,1969.50,10583783.69,0.00,0.00
1786368605.57,1971.52,10584375.00,591.31,295.65
1786368607.58,1973.54,10584375.00,0.00,0.00
1786368609.60,1975.55,10584765.14,390.14,195.07
1786368611.62,1977.57,10584765.14,0.00,0.00
1786368613.67,1979.62,10584765.14,0.00,0.00
1786368615.68,1981.63,10584931.64,166.50,83.25
1786368617.70,1983.66,10584931.64,0.00,0.00
1786368619.72,1985.67,10585289.55,357.91,178.96
1786368621.73,1987.69,10585289.55,0.00,0.00
1786368623.75,1989.70,10585290.04,0.49,0.24
1786368625.76,1991.72,10585659.67,369.63,184.81
1786368627.78,1993.73,10586094.24,434.57,217.29
1786368629.79,1995.75,10586276.37,182.13,91.06
1786368631.81,1997.76,10586276.37,0.00,0.00
1786368633.82,1999.78,10586276.37,0.00,0.00
1786368635.85,2001.80,10586771.48,495.12,247.56
1786368637.86,2003.82,10586771.48,0.00,0.00
1786368639.88,2005.83,10587595.70,824.22,412.11
1786368641.90,2007.85,10587595.70,0.00,0.00
1786368643.91,2009.87,10587596.19,0.49,0.24
1786368645.93,2011.88,10587882.32,286.13,143.07
1786368647.95,2013.90,10587882.32,0.00,0.00
1786368649.96,2015.91,10588206.05,323.73,161.87
1786368651.98,2017.93,10588206.05,0.00,0.00
1786368653.99,2019.94,10588206.54,0.49,0.24
1786368656.01,2021.96,10588531.74,325.20,162.60
1786368658.02,2023.98,10588531.74,0.00,0.00
1786368660.04,2025.99,10589008.30,476.56,238.28
1786368662.12,2028.07,10589008.79,0.49,0.24
1786368664.24,2030.19,10589384.77,375.98,187.99
1786368666.25,2032.21,10589479.00,94.24,47.12
1786368668.26,2034.22,10589479.98,0.98,0.49
1786368670.27,2036.23,10589680.66,200.68,100.34
1786368672.29,2038.24,10589680.66,0.00,0.00
1786368674.36,2040.31,10590334.47,653.81,326.90
1786368676.37,2042.32,10590352.54,18.07,9.03
1786368678.38,2044.34,10590629.88,277.34,138.67
1786368680.39,2046.35,10590642.58,12.70,6.35
1786368682.41,2048.36,10590642.58,0.00,0.00
1786368684.42,2050.37,10591384.77,742.19,371.09
1786368686.44,2052.39,10591384.77,0.00,0.00
1786368688.45,2054.41,10591384.77,0.00,0.00
1786368690.47,2056.42,10592055.18,670.41,335.21
1786368692.48,2058.43,10592055.66,0.49,0.24
1786368694.50,2060.45,10592800.78,745.12,372.56
1786368696.51,2062.47,10592800.78,0.00,0.00
1786368698.53,2064.48,10593239.26,438.48,219.24
1786368700.55,2066.50,10593239.75,0.49,0.24
1786368702.57,2068.52,10593239.75,0.00,0.00
1786368704.61,2070.56,10593929.20,689.45,344.73
1786368706.62,2072.57,10593929.20,0.00,0.00
1786368708.63,2074.59,10594272.46,343.26,171.63
1786368710.65,2076.60,10594272.46,0.00,0.00
1786368712.67,2078.62,10594272.46,0.00,0.00
1786368714.69,2080.64,10594411.13,138.67,69.34
1786368716.70,2082.66,10595020.02,608.89,304.44
1786368718.72,2084.67,10595428.22,408.20,204.10
1786368720.73,2086.69,10595471.19,42.97,21.48
1786368722.75,2088.70,10595471.19,0.00,0.00
1786368724.76,2090.72,10596252.93,781.74,390.87
1786368726.78,2092.73,10596252.93,0.00,0.00
1786368728.79,2094.75,10596725.59,472.66,236.33
1786368730.81,2096.76,10596725.59,0.00,0.00
1786368732.82,2098.77,10596725.59,0.00,0.00
1786368734.84,2100.80,10596725.59,0.00,0.00
1786368736.86,2102.81,10596878.91,153.32,76.66
1786368738.87,2104.83,10597273.44,394.53,197.27
1786368740.89,2106.84,10597273.44,0.00,0.00
1786368742.90,2108.86,10597273.93,0.49,0.24
1786368744.93,2110.88,10597775.39,501.46,250.73
1786368746.94,2112.89,10597775.39,0.00,0.00
1786368748.95,2114.91,10598278.81,503.42,251.71
1786368750.97,2116.92,10598278.81,0.00,0.00
1786368752.98,2118.94,10598278.81,0.00,0.00
1786368755.01,2120.96,10598967.77,688.96,344.48
1786368757.02,2122.97,10598967.77,0.00,0.00
1786368759.04,2124.99,10599440.43,472.66,236.33
1786368761.05,2127.01,10599440.43,0.00,0.00
1786368763.07,2129.02,10599440.92,0.49,0.24
1786368765.09,2131.04,10600254.88,813.96,406.98
1786368767.10,2133.05,10600254.88,0.00,0.00
1786368769.11,2135.07,10600500.00,245.12,122.56
1786368771.13,2137.08,10600500.49,0.49,0.24
1786368773.14,2139.10,10600500.49,0.00,0.00
1786368775.17,2141.13,10601330.57,830.08,415.04
1786368777.19,2143.14,10601330.57,0.00,0.00
1786368779.21,2145.16,10601625.00,294.43,147.22
1786368781.22,2147.18,10601625.00,0.00,0.00
1786368783.24,2149.19,10601625.49,0.49,0.24
1786368785.27,2151.22,10602252.93,627.44,313.72
1786368787.29,2153.24,10602252.93,0.00,0.00
1786368789.30,2155.25,10602550.29,297.36,148.68
1786368791.32,2157.27,10602550.29,0.00,0.00
1786368793.64,2159.59,10602550.29,0.00,0.00
1786368795.66,2161.61,10603023.44,473.14,236.57
1786368797.67,2163.62,10603023.93,0.49,0.24
1786368799.68,2165.64,10603289.06,265.14,132.57
1786368801.70,2167.66,10603289.06,0.00,0.00
1786368803.72,2169.67,10603574.22,285.16,142.58
1786368805.73,2171.69,10603931.15,356.93,178.47
1786368807.74,2173.70,10603953.12,21.97,10.99
1786368809.76,2175.71,10604750.49,797.36,398.68
1786368811.77,2177.73,10604750.49,0.00,0.00
1786368813.79,2179.74,10605066.89,316.41,158.20
1786368815.80,2181.75,10605602.54,535.64,267.82
1786368817.81,2183.76,10605609.86,7.32,3.66
1786368819.83,2185.78,10606038.57,428.71,214.36
1786368821.84,2187.80,10606504.88,466.31,233.15
1786368823.86,2189.81,10606504.88,0.00,0.00
1786368825.88,2191.83,10606877.44,372.56,186.28
1786368827.90,2193.85,10606877.44,0.00,0.00
1786368829.91,2195.87,10607060.06,182.62,91.31
1786368831.92,2197.87,10607060.06,0.00,0.00
1786368833.94,2199.89,10607193.36,133.30,66.65
1786368835.95,2201.90,10607193.36,0.00,0.00
1786368837.97,2203.92,10607860.84,667.48,333.74
1786368839.99,2205.94,10608221.68,360.84,180.42
1786368842.00,2207.95,10608221.68,0.00,0.00
1786368844.09,2210.04,10608415.04,193.36,96.68
1786368846.10,2212.06,10608439.94,24.90,12.45
1786368848.12,2214.07,10609084.96,645.02,322.51
1786368850.13,2216.09,10609264.65,179.69,89.84
1786368852.15,2218.10,10609264.65,0.00,0.00
1786368854.24,2220.19,10609608.40,343.75,171.88
1786368856.25,2222.20,10609611.82,3.42,1.71
1786368858.27,2224.22,10610351.07,739.26,369.63
1786368860.28,2226.24,10610736.33,385.25,192.63
1786368862.30,2228.25,10610736.33,0.00,0.00
1786368864.36,2230.31,10610997.56,261.23,130.62
1786368866.49,2232.44,10610997.56,0.00,0.00
1786368868.51,2234.46,10611644.04,646.48,323.24
1786368870.52,2236.47,10612043.95,399.90,199.95
1786368872.53,2238.49,10612043.95,0.00,0.00
1786368874.55,2240.50,10612559.57,515.62,257.81
1786368876.56,2242.52,10612559.57,0.00,0.00
1786368878.58,2244.53,10613048.34,488.77,244.38
1786368880.60,2246.55,10613233.40,185.06,92.53
1786368882.61,2248.57,10613233.89,0.49,0.24
1786368884.63,2250.58,10613484.38,250.49,125.24
1786368886.65,2252.60,10613591.80,107.42,53.71
1786368888.66,2254.62,10613946.29,354.49,177.25
1786368890.69,2256.64,10613946.29,0.00,0.00
1786368892.70,2258.66,10613946.29,0.00,0.00
1786368894.72,2260.67,10614754.88,808.59,404.30
1786368896.74,2262.69,10614754.88,0.00,0.00
1786368898.75,2264.70,10615094.24,339.36,169.68
1786368900.77,2266.72,10615094.24,0.00,0.00
1786368902.79,2268.74,10615094.73,0.49,0.24
1786368904.80,2270.76,10615907.23,812.50,406.25
1786368906.82,2272.78,10615907.71,0.49,0.24
1786368908.84,2274.79,10615907.71,0.00,0.00
1786368910.91,2276.86,10616395.02,487.30,243.65
1786368912.93,2278.88,10616395.02,0.00,0.00
1786368914.94,2280.89,10617257.32,862.30,431.15
1786368916.96,2282.91,10617257.32,0.00,0.00
1786368918.97,2284.92,10617429.69,172.36,86.18
1786368921.35,2287.31,10617429.69,0.00,0.00
1786368923.37,2289.32,10617430.18,0.49,0.24
1786368925.40,2291.35,10617681.15,250.98,125.49
1786368927.41,2293.37,10617681.15,0.00,0.00
1786368929.43,2295.38,10617861.33,180.18,90.09
1786368931.43,2297.39,10618102.54,241.21,120.61
1786368933.45,2299.40,10618102.54,0.00,0.00
1786368935.49,2301.45,10618232.42,129.88,64.94
1786368937.51,2303.46,10618236.82,4.39,2.20
1786368939.52,2305.48,10618455.57,218.75,109.38
1786368941.55,2307.51,10618683.11,227.54,113.77
1786368943.57,2309.52,10618683.11,0.00,0.00
1786368945.58,2311.54,10619080.57,397.46,198.73
1786368947.60,2313.55,10619080.57,0.00,0.00
1786368949.61,2315.56,10619325.20,244.63,122.31
1786368951.63,2317.58,10619325.20,0.00,0.00
1786368953.64,2319.59,10619325.20,0.00,0.00
1786368955.66,2321.61,10619452.64,127.44,63.72
1786368957.67,2323.63,10619855.47,402.83,201.42
1786368959.69,2325.64,10620109.86,254.39,127.20
1786368961.70,2327.66,10620110.35,0.49,0.24
1786368963.74,2329.69,10620110.35,0.00,0.00
1786368965.75,2331.71,10620741.70,631.35,315.67
1786368967.77,2333.72,10620741.70,0.00,0.00
1786368969.78,2335.73,10621089.84,348.14,174.07
1786368971.80,2337.75,10621089.84,0.00,0.00
1786368973.81,2339.76,10621089.84,0.00,0.00
1786368975.83,2341.78,10621617.68,527.83,263.92
1786368977.84,2343.79,10621617.68,0.00,0.00
1786368979.86,2345.81,10621987.30,369.63,184.81
1786368981.88,2347.83,10621987.79,0.49,0.24
1786368983.89,2349.85,10621987.79,0.00,0.00
1786368985.91,2351.86,10622072.75,84.96,42.48
1786368987.92,2353.88,10622072.75,0.00,0.00
1786368989.94,2355.89,10622494.14,421.39,210.69
1786368991.96,2357.91,10622494.63,0.49,0.24
1786368993.98,2359.93,10622494.63,0.00,0.00
1786368995.99,2361.94,10622958.50,463.87,231.93
1786368998.01,2363.96,10622958.50,0.00,0.00
1786369000.02,2365.98,10623293.95,335.45,167.72
1786369002.21,2368.16,10623293.95,0.00,0.00
1786369004.24,2370.19,10623577.64,283.69,141.85
1786369006.26,2372.21,10623735.84,158.20,79.10
1786369008.27,2374.22,10623780.27,44.43,22.22
1786369010.29,2376.24,10624231.93,451.66,225.83
1786369012.30,2378.26,10624231.93,0.00,0.00
1786369014.32,2380.27,10624756.84,524.90,262.45
1786369016.33,2382.28,10624770.51,13.67,6.84
1786369018.35,2384.30,10625288.57,518.07,259.03
1786369020.36,2386.31,10626133.79,845.21,422.61
1786369022.37,2388.33,10626133.79,0.00,0.00
1786369024.39,2390.34,10626441.89,308.11,154.05
1786369026.44,2392.39,10626645.51,203.61,101.81
1786369028.83,2394.78,10627037.60,392.09,196.04
1786369030.84,2396.80,10627037.60,0.00,0.00
1786369032.86,2398.81,10627037.60,0.00,0.00
1786369034.88,2400.83,10627037.60,0.00,0.00
1786369036.90,2402.85,10627122.56,84.96,42.48
1786369038.91,2404.86,10627556.64,434.08,217.04
1786369040.93,2406.88,10627556.64,0.00,0.00
1786369042.94,2408.89,10627557.13,0.49,0.24
1786369044.96,2410.91,10628397.95,840.82,420.41
1786369046.97,2412.93,10628397.95,0.00,0.00
1786369048.99,2414.94,10628620.12,222.17,111.08
1786369051.00,2416.96,10628620.12,0.00,0.00
1786369053.02,2418.97,10628620.12,0.00,0.00
1786369055.05,2421.00,10628785.64,165.53,82.76
1786369057.06,2423.01,10629439.94,654.30,327.15
1786369059.07,2425.03,10629711.91,271.97,135.99
1786369061.09,2427.04,10629711.91,0.00,0.00
1786369063.10,2429.06,10629712.40,0.49,0.24
1786369065.13,2431.08,10630370.61,658.20,329.10
1786369067.15,2433.10,10630371.09,0.49,0.24
1786369069.17,2435.12,10630849.12,478.03,239.01
1786369071.19,2437.14,10630849.12,0.00,0.00
1786369073.20,2439.16,10630849.61,0.49,0.24
1786369075.22,2441.18,10631631.84,782.23,391.11
1786369077.24,2443.19,10631631.84,0.00,0.00
1786369079.25,2445.21,10632098.14,466.31,233.15
1786369081.27,2447.22,10632098.14,0.00,0.00
1786369083.28,2449.23,10632098.14,0.00,0.00
1786369085.30,2451.25,10632951.17,853.03,426.51
1786369087.32,2453.27,10632951.17,0.00,0.00
1786369089.33,2455.28,10633431.15,479.98,239.99
1786369091.34,2457.29,10633431.15,0.00,0.00
1786369093.36,2459.31,10633431.64,0.49,0.24
1786369095.37,2461.32,10634235.84,804.20,402.10
1786369097.39,2463.34,10634236.33,0.49,0.24
1786369099.40,2465.35,10634643.07,406.74,203.37
1786369101.42,2467.37,10634643.07,0.00,0.00
1786369103.43,2469.38,10634643.07,0.00,0.00
1786369105.44,2471.40,10634839.36,196.29,98.14
1786369107.46,2473.41,10635540.04,700.68,350.34
1786369109.47,2475.42,10635794.43,254.39,127.20
1786369111.49,2477.44,10635794.43,0.00,0.00
1786369113.50,2479.45,10635893.07,98.63,49.32
1786369115.51,2481.46,10635963.38,70.31,35.16
1786369117.53,2483.48,10636224.61,261.23,130.62
1786369119.54,2485.50,10636715.82,491.21,245.61
1786369121.56,2487.52,10637204.59,488.77,244.38
1786369123.58,2489.53,10637204.59,0.00,0.00
1786369125.60,2491.55,10637973.14,768.55,384.28
1786369127.61,2493.57,10637973.14,0.00,0.00
1786369129.63,2495.58,10638308.59,335.45,167.72
1786369131.64,2497.60,10638312.01,3.42,1.71
1786369133.66,2499.61,10638312.01,0.00,0.00
1786369135.68,2501.63,10638960.94,648.93,324.46
1786369137.69,2503.65,10638960.94,0.00,0.00
1786369139.71,2505.66,10639160.16,199.22,99.61
1786369141.73,2507.68,10639160.64,0.49,0.24
1786369143.94,2509.89,10639160.64,0.00,0.00
1786369145.95,2511.91,10639733.89,573.24,286.62
1786369147.97,2513.92,10640196.78,462.89,231.45
1786369149.99,2515.94,10640407.23,210.45,105.22
1786369152.00,2517.95,10640407.23,0.00,0.00
1786369154.15,2520.10,10640650.39,243.16,121.58
1786369156.16,2522.11,10640669.92,19.53,9.77
1786369158.17,2524.13,10641099.12,429.20,214.60
1786369160.19,2526.14,10641234.38,135.25,67.63
1786369162.21,2528.16,10641234.38,0.00,0.00
1786369164.24,2530.19,10641694.34,459.96,229.98
1786369166.25,2532.20,10641715.33,21.00,10.50
1786369168.26,2534.21,10642318.36,603.03,301.51
1786369170.28,2536.23,10642834.47,516.11,258.06
1786369172.29,2538.24,10642834.47,0.00,0.00
1786369174.37,2540.32,10643410.64,576.17,288.09
1786369176.38,2542.33,10643425.78,15.14,7.57
1786369178.39,2544.34,10643754.88,329.10,164.55
1786369180.41,2546.36,10643906.25,151.37,75.68
1786369182.42,2548.37,10643906.74,0.49,0.24
1786369184.48,2550.43,10644714.36,807.62,403.81
1786369186.78,2552.73,10644714.36,0.00,0.00
1786369188.79,2554.74,10645226.07,511.72,255.86
1786369190.80,2556.76,10645226.56,0.49,0.24
1786369192.82,2558.77,10645226.56,0.00,0.00
1786369194.84,2560.79,10645461.91,235.35,117.68
1786369197.18,2563.14,10645461.91,0.00,0.00
1786369199.20,2565.15,10645681.64,219.73,109.86
1786369201.21,2567.16,10645770.02,88.38,44.19
1786369203.22,2569.17,10645770.51,0.49,0.24
1786369205.24,2571.19,10646057.62,287.11,143.55
1786369207.25,2573.20,10646057.62,0.00,0.00
1786369209.26,2575.21,10646228.03,170.41,85.21
1786369211.28,2577.23,10646228.03,0.00,0.00
1786369213.29,2579.24,10646228.52,0.49,0.24
1786369215.31,2581.26,10646409.67,181.15,90.58
1786369217.32,2583.27,10646409.67,0.00,0.00
1786369219.34,2585.29,10646661.62,251.95,125.98
1786369221.34,2587.30,10646680.18,18.55,9.28
1786369223.36,2589.31,10646680.66,0.49,0.24
1786369225.38,2591.33,10646955.08,274.41,137.21
1786369227.39,2593.34,10646955.57,0.49,0.24
1786369229.41,2595.36,10647139.65,184.08,92.04
1786369231.42,2597.37,10647198.73,59.08,29.54
1786369233.43,2599.39,10647198.73,0.00,0.00
1786369235.47,2601.42,10647352.54,153.81,76.90
1786369237.48,2603.44,10647352.54,0.00,0.00
1786369239.50,2605.45,10647485.35,132.81,66.41
1786369241.52,2607.47,10647485.35,0.00,0.00
1786369243.53,2609.48,10647485.35,0.00,0.00
1786369245.56,2611.51,10648179.69,694.34,347.17
1786369247.57,2613.52,10648368.65,188.96,94.48
1786369249.59,2615.54,10648954.59,585.94,292.97
1786369251.60,2617.56,10648954.59,0.00,0.00
1786369253.62,2619.57,10648954.59,0.00,0.00
1786369255.64,2621.59,10649089.84,135.25,67.63
1786369257.66,2623.61,10649259.77,169.92,84.96
1786369259.68,2625.63,10649862.30,602.54,301.27
1786369261.70,2627.65,10649862.30,0.00,0.00
1786369263.79,2629.75,10649862.30,0.00,0.00
1786369265.82,2631.77,10649946.78,84.47,42.24
1786369267.84,2633.79,10650727.05,780.27,390.14
1786369269.85,2635.81,10650894.53,167.48,83.74
1786369271.87,2637.82,10650895.02,0.49,0.24
1786369273.89,2639.84,10650895.02,0.00,0.00
1786369275.90,2641.85,10651418.46,523.44,261.72
1786369277.92,2643.87,10651584.96,166.50,83.25
1786369279.93,2645.88,10652173.34,588.38,294.19
1786369281.94,2647.90,10652173.34,0.00,0.00
1786369283.96,2649.91,10652173.34,0.00,0.00
1786369285.97,2651.93,10652460.45,287.11,143.55
1786369287.99,2653.94,10652784.67,324.22,162.11
1786369290.00,2655.95,10653235.35,450.68,225.34
1786369292.06,2658.01,10653235.84,0.49,0.24
1786369294.07,2660.03,10653264.16,28.32,14.16
1786369296.08,2662.04,10654034.67,770.51,385.25
1786369298.10,2664.05,10654034.67,0.00,0.00
1786369300.11,2666.07,10654271.97,237.30,118.65
1786369302.13,2668.08,10654272.46,0.49,0.24
1786369304.24,2670.19,10654646.00,373.54,186.77
1786369306.26,2672.22,10654769.04,123.05,61.52
1786369308.28,2674.23,10655510.74,741.70,370.85
1786369310.29,2676.25,10655646.97,136.23,68.12
1786369312.31,2678.26,10655647.46,0.49,0.24
1786369314.34,2680.30,10656265.14,617.68,308.84
1786369316.35,2682.31,10656272.95,7.81,3.91
1786369318.37,2684.32,10656686.04,413.09,206.54
1786369320.38,2686.34,10656823.24,137.21,68.60
1786369322.40,2688.35,10656823.24,0.00,0.00
1786369324.42,2690.37,10657604.98,781.74,390.87
1786369326.44,2692.39,10657606.45,1.46,0.73
1786369328.45,2694.41,10658132.81,526.37,263.18
1786369330.47,2696.42,10658353.03,220.21,110.11
1786369332.48,2698.44,10658353.03,0.00,0.00
1786369334.51,2700.46,10658353.03,0.00,0.00
1786369336.53,2702.49,10659054.69,701.66,350.83
1786369338.54,2704.50,10659211.91,157.23,78.61
1786369340.56,2706.51,10659317.38,105.47,52.73
1786369342.58,2708.53,10659317.38,0.00,0.00
1786369344.61,2710.56,10659490.72,173.34,86.67
1786369346.62,2712.58,10660264.16,773.44,386.72
1786369348.64,2714.59,10660389.65,125.49,62.74
1786369350.65,2716.60,10660396.97,7.32,3.66
1786369352.66,2718.62,10660396.97,0.00,0.00
1786369354.69,2720.64,10660536.62,139.65,69.82
1786369356.71,2722.66,10661270.51,733.89,366.94
1786369358.72,2724.67,10661598.63,328.12,164.06
1786369360.74,2726.70,10661623.54,24.90,12.45
1786369362.76,2728.71,10661624.02,0.49,0.24
1786369364.77,2730.73,10662462.89,838.87,419.43
1786369366.79,2732.74,10662872.07,409.18,204.59
1786369368.89,2734.84,10663109.38,237.30,118.65
1786369370.92,2736.87,10663109.38,0.00,0.00
1786369372.93,2738.88,10663109.38,0.00,0.00
1786369374.96,2740.91,10663918.46,809.08,404.54
1786369376.97,2742.93,10663918.95,0.49,0.24
1786369378.99,2744.94,10664434.08,515.14,257.57
1786369381.00,2746.95,10664434.08,0.00,0.00
1786369383.02,2748.97,10664434.08,0.00,0.00
1786369385.04,2750.99,10665259.77,825.68,412.84
1786369387.06,2753.01,10665259.77,0.00,0.00
1786369389.07,2755.02,10665928.71,668.95,334.47
1786369391.08,2757.04,10665928.71,0.00,0.00
1786369393.10,2759.05,10665928.71,0.00,0.00
1786369395.12,2761.07,10666770.02,841.31,420.65
1786369397.13,2763.08,10666770.02,0.00,0.00
1786369399.15,2765.10,10667273.93,503.91,251.95
1786369401.16,2767.11,10667273.93,0.00,0.00
1786369403.18,2769.13,10667274.41,0.49,0.24
1786369405.19,2771.15,10667580.08,305.66,152.83
1786369407.22,2773.17,10668075.68,495.61,247.80
1786369409.23,2775.19,10668232.42,156.74,78.37
1786369411.25,2777.20,10668232.42,0.00,0.00
1786369413.27,2779.23,10668232.91,0.49,0.24
1786369415.30,2781.25,10668729.98,497.07,248.54
1786369417.32,2783.27,10668836.43,106.45,53.22
1786369419.33,2785.28,10669003.91,167.48,83.74
1786369421.35,2787.30,10669492.68,488.77,244.38
1786369423.36,2789.32,10669493.65,0.98,0.49
1786369425.38,2791.33,10670090.33,596.68,298.34
1786369427.39,2793.35,10670090.33,0.00,0.00
1786369429.41,2795.36,10670256.35,166.02,83.01
1786369431.43,2797.38,10670259.77,3.42,1.71
1786369433.44,2799.40,10670260.25,0.49,0.24
1786369435.46,2801.42,10670395.51,135.25,67.63
1786369437.48,2803.43,10670427.73,32.23,16.11
1786369439.50,2805.45,10670626.46,198.73,99.37
1786369441.51,2807.46,10670626.46,0.00,0.00
1786369443.52,2809.48,10670626.46,0.00,0.00
1786369445.54,2811.49,10671012.21,385.74,192.87
1786369447.55,2813.50,10671012.21,0.00,0.00
1786369449.56,2815.52,10671135.25,123.05,61.52
1786369451.58,2817.53,10671135.25,0.00,0.00
1786369453.68,2819.63,10671135.25,0.00,0.00
1786369455.71,2821.66,10671353.03,217.77,108.89
1786369457.72,2823.68,10671353.03,0.00,0.00
1786369459.74,2825.69,10671573.73,220.70,110.35
1786369461.75,2827.70,10671573.73,0.00,0.00
1786369463.80,2829.75,10671573.73,0.00,0.00
1786369465.81,2831.77,10671648.44,74.71,37.35
1786369467.83,2833.78,10671648.44,0.00,0.00
1786369469.84,2835.80,10671824.22,175.78,87.89
1786369471.86,2837.81,10671824.22,0.00,0.00
1786369473.88,2839.83,10671824.22,0.00,0.00
1786369475.89,2841.85,10671959.96,135.74,67.87
1786369477.91,2843.86,10671960.45,0.49,0.24
1786369479.92,2845.87,10672612.79,652.34,326.17
1786369481.94,2847.89,10672613.28,0.49,0.24
1786369483.95,2849.90,10672613.28,0.00,0.00
1786369485.97,2851.92,10672700.68,87.40,43.70
1786369487.98,2853.93,10673140.62,439.94,219.97
1786369490.00,2855.95,10673566.89,426.27,213.13
1786369492.05,2858.00,10673566.89,0.00,0.00
1786369494.08,2860.03,10673623.05,56.15,28.08
1786369496.10,2862.05,10673737.79,114.75,57.37
1786369498.11,2864.06,10674469.73,731.93,365.97
1786369500.12,2866.08,10674979.00,509.28,254.64
1786369502.14,2868.09,10674979.00,0.00,0.00
1786369504.24,2870.19,10675361.33,382.32,191.16
1786369506.25,2872.20,10675443.36,82.03,41.02
1786369508.26,2874.22,10676187.50,744.14,372.07
1786369510.28,2876.23,10676534.67,347.17,173.58
1786369512.29,2878.25,10676534.67,0.00,0.00
1786369514.36,2880.31,10677007.81,473.14,236.57
1786369516.37,2882.33,10677196.78,188.96,94.48
1786369518.39,2884.34,10677196.78,0.00,0.00
1786369520.40,2886.35,10677419.43,222.66,111.33
1786369522.42,2888.37,10677419.92,0.49,0.24
1786369524.43,2890.38,10677729.98,310.06,155.03
1786369526.44,2892.40,10678186.04,456.05,228.03
1786369528.45,2894.41,10678344.73,158.69,79.35
1786369530.47,2896.42,10678641.60,296.88,148.44
1786369532.48,2898.43,10678641.60,0.00,0.00
1786369534.50,2900.45,10678641.60,0.00,0.00
1786369536.54,2902.49,10678811.04,169.43,84.72
1786369538.55,2904.50,10678811.04,0.00,0.00
1786369540.57,2906.52,10678957.03,146.00,73.00
1786369542.58,2908.53,10678957.52,0.49,0.24
1786369544.59,2910.55,10679119.63,162.11,81.05
1786369546.90,2912.85,10679119.63,0.00,0.00
1786369548.91,2914.86,10679213.87,94.24,47.12
1786369550.92,2916.87,10679327.15,113.28,56.64
1786369552.94,2918.89,10679327.15,0.00,0.00
1786369554.97,2920.92,10679607.42,280.27,140.14
1786369556.99,2922.95,10679627.93,20.51,10.25
1786369559.01,2924.96,10679755.86,127.93,63.96
1786369561.02,2926.97,10679807.13,51.27,25.63
1786369563.03,2928.99,10679807.13,0.00,0.00
1786369565.05,2931.01,10679908.20,101.07,50.54
1786369567.07,2933.02,10680114.75,206.54,103.27
1786369569.10,2935.05,10680155.27,40.53,20.26
1786369571.12,2937.08,10680281.74,126.46,63.23
1786369573.14,2939.09,10680281.74,0.00,0.00
1786369575.15,2941.11,10680532.71,250.98,125.49
1786369577.17,2943.12,10681081.54,548.83,274.41
1786369579.19,2945.14,10681274.90,193.36,96.68
1786369581.20,2947.16,10681274.90,0.00,0.00
1786369583.22,2949.17,10681275.39,0.49,0.24
1786369585.25,2951.20,10681825.68,550.29,275.15
1786369587.27,2953.22,10682679.20,853.52,426.76
1786369589.28,2955.24,10682877.44,198.24,99.12
1786369591.30,2957.25,10682877.44,0.00,0.00
1786369593.31,2959.27,10682877.93,0.49,0.24
1786369595.34,2961.29,10683538.09,660.16,330.08
1786369597.35,2963.31,10684012.21,474.12,237.06
1786369599.37,2965.32,10684408.69,396.48,198.24
1786369601.39,2967.34,10684408.69,0.00,0.00
1786369603.40,2969.35,10684409.18,0.49,0.24
1786369605.42,2971.37,10684857.91,448.73,224.37
1786369607.44,2973.39,10685034.67,176.76,88.38
1786369609.46,2975.41,10685280.27,245.61,122.80
1786369611.47,2977.43,10685280.27,0.00,0.00
1786369613.50,2979.45,10685280.76,0.49,0.24
1786369615.52,2981.48,10686098.14,817.38,408.69
1786369617.54,2983.50,10686321.78,223.63,111.82
1786369619.56,2985.51,10686698.24,376.46,188.23
1786369621.57,2987.52,10686698.24,0.00,0.00
1786369623.58,2989.54,10686698.73,0.49,0.24
1786369625.60,2991.56,10686833.50,134.77,67.38
1786369627.62,2993.57,10687517.58,684.08,342.04
1786369629.64,2995.59,10687645.51,127.93,63.96
1786369631.66,2997.61,10687645.51,0.00,0.00
1786369633.67,2999.62,10687646.00,0.49,0.24
1786369635.68,3001.64,10688331.54,685.55,342.77
1786369637.70,3003.66,10688332.03,0.49,0.24
1786369639.72,3005.67,10688950.20,618.16,309.08
1786369641.73,3007.69,10688950.68,0.49,0.24
1786369643.74,3009.70,10688950.68,0.00,0.00
1786369645.76,3011.71,10689372.07,421.39,210.69
1786369647.77,3013.73,10689502.93,130.86,65.43
1786369649.79,3015.74,10689689.45,186.52,93.26
1786369651.80,3017.75,10689689.45,0.00,0.00
1786369653.89,3019.84,10689689.45,0.00,0.00
1786369655.90,3021.86,10689785.64,96.19,48.10
1786369657.92,3023.88,10689965.82,180.18,90.09
1786369659.94,3025.89,10690176.76,210.94,105.47
1786369661.96,3027.91,10690177.25,0.49,0.24
1786369663.97,3029.93,10690177.25,0.00,0.00
1786369665.99,3031.94,10690624.51,447.27,223.63
1786369668.00,3033.96,10691107.91,483.40,241.70
1786369670.02,3035.97,10691609.86,501.95,250.98
1786369672.03,3037.98,10691609.86,0.00,0.00
1786369674.22,3040.17,10691713.87,104.00,52.00
1786369676.26,3042.21,10691969.73,255.86,127.93
1786369678.27,3044.22,10692051.27,81.54,40.77
1786369680.28,3046.24,10692363.28,312.01,156.01
1786369682.30,3048.25,10692363.28,0.00,0.00
1786369684.37,3050.32,10692501.95,138.67,69.34
1786369686.38,3052.34,10693001.46,499.51,249.76
1786369688.40,3054.35,10693018.07,16.60,8.30
1786369690.42,3056.37,10693385.25,367.19,183.59
1786369692.43,3058.38,10693385.74,0.49,0.24
1786369694.46,3060.41,10694157.71,771.97,385.99
1786369696.47,3062.42,10694157.71,0.00,0.00
1786369698.48,3064.44,10694158.20,0.49,0.24
1786369700.50,3066.45,10694380.86,222.66,111.33
1786369702.51,3068.47,10694380.86,0.00,0.00
1786369704.53,3070.48,10695106.93,726.07,363.04
1786369706.54,3072.49,10695603.03,496.09,248.05
1786369708.56,3074.51,10695603.52,0.49,0.24
1786369710.57,3076.52,10695746.09,142.58,71.29
1786369712.58,3078.54,10695746.09,0.00,0.00
1786369714.60,3080.55,10696382.81,636.72,318.36
1786369716.61,3082.57,10696835.94,453.12,226.56
1786369718.63,3084.58,10696835.94,0.00,0.00
1786369720.64,3086.60,10696909.67,73.73,36.87
1786369722.66,3088.61,10697116.70,207.03,103.52
1786369724.67,3090.63,10697305.66,188.96,94.48
1786369726.69,3092.64,10697687.50,381.84,190.92
1786369728.70,3094.65,10697687.99,0.49,0.24
1786369730.71,3096.67,10697690.92,2.93,1.46
1786369732.86,3098.81,10697690.92,0.00,0.00
1786369734.88,3100.83,10697690.92,0.00,0.00
1786369736.89,3102.84,10697990.23,299.32,149.66
1786369738.90,3104.86,10698150.88,160.64,80.32
1786369740.92,3106.87,10698150.88,0.00,0.00
1786369742.93,3108.89,10698150.88,0.00,0.00
1786369744.96,3110.91,10698293.95,143.07,71.53
1786369746.97,3112.93,10698293.95,0.00,0.00
1786369748.99,3114.94,10699087.89,793.95,396.97
1786369751.01,3116.96,10699087.89,0.00,0.00
1786369753.10,3119.06,10699087.89,0.00,0.00
1786369755.12,3121.07,10699293.95,206.05,103.03
1786369757.14,3123.09,10699294.43,0.49,0.24
1786369759.15,3125.10,10699642.58,348.14,174.07
1786369761.17,3127.12,10699642.58,0.00,0.00
1786369763.18,3129.13,10699642.58,0.00,0.00
1786369765.21,3131.16,10699870.12,227.54,113.77
1786369767.22,3133.18,10699870.12,0.00,0.00
1786369769.24,3135.19,10700728.03,857.91,428.96
1786369771.25,3137.20,10700728.03,0.00,0.00
1786369773.27,3139.22,10700728.03,0.00,0.00
1786369775.29,3141.24,10700890.14,162.11,81.05
1786369777.31,3143.26,10700890.14,0.00,0.00
1786369779.32,3145.27,10701406.74,516.60,258.30
1786369781.34,3147.29,10701406.74,0.00,0.00
1786369783.35,3149.30,10701407.23,0.49,0.24
1786369785.36,3151.32,10701578.12,170.90,85.45
1786369787.38,3153.33,10701880.37,302.25,151.12
1786369789.39,3155.35,10702015.62,135.25,67.63
1786369791.41,3157.36,10702015.62,0.00,0.00
1786369793.43,3159.38,10702015.62,0.00,0.00
1786369795.45,3161.41,10702234.38,218.75,109.38
1786369797.47,3163.42,10703122.07,887.70,443.85
1786369799.48,3165.44,10703318.85,196.78,98.39
1786369801.50,3167.45,10703318.85,0.00,0.00
1786369803.52,3169.47,10703318.85,0.00,0.00
1786369805.55,3171.50,10703396.48,77.64,38.82
1786369807.56,3173.52,10703881.84,485.35,242.68
1786369809.58,3175.53,10704096.19,214.36,107.18
1786369811.59,3177.55,10704096.19,0.00,0.00
1786369813.61,3179.57,10704096.19,0.00,0.00
1786369815.63,3181.58,10704263.67,167.48,83.74
1786369817.65,3183.60,10705094.73,831.05,415.53
1786369819.66,3185.61,10705361.33,266.60,133.30
1786369821.68,3187.63,10705361.82,0.49,0.24
1786369823.69,3189.65,10705361.82,0.00,0.00
1786369825.71,3191.66,10705484.86,123.05,61.52
1786369827.72,3193.68,10705927.25,442.38,221.19
1786369829.74,3195.70,10706148.44,221.19,110.60
1786369831.76,3197.71,10706148.44,0.00,0.00
1786369833.77,3199.73,10706148.44,0.00,0.00
1786369835.80,3201.75,10706398.93,250.49,125.24
1786369837.81,3203.77,10706399.41,0.49,0.24
1786369839.83,3205.78,10706881.35,481.93,240.97
1786369841.84,3207.79,10706881.35,0.00,0.00
1786369843.85,3209.81,10706881.84,0.49,0.24
1786369845.87,3211.82,10706983.89,102.05,51.03
1786369847.88,3213.84,10707489.75,505.86,252.93
1786369849.90,3215.85,10707982.91,493.16,246.58
1786369851.91,3217.87,10707983.40,0.49,0.24
1786369853.93,3219.88,10707983.40,0.00,0.00
1786369855.94,3221.89,10708152.34,168.95,84.47
1786369857.95,3223.91,10709013.67,861.33,430.66
1786369859.97,3225.92,10709295.41,281.74,140.87
1786369861.99,3227.94,10709295.41,0.00,0.00
1786369864.05,3230.01,10709328.12,32.71,16.36
1786369866.07,3232.02,10709972.66,644.53,322.27
1786369868.08,3234.04,10710812.01,839.36,419.68
1786369870.10,3236.05,10711233.89,421.88,210.94
1786369872.19,3238.15,10711233.89,0.00,0.00
1786369874.24,3240.19,10711582.52,348.63,174.32
1786369876.26,3242.21,10711676.27,93.75,46.88
1786369878.27,3244.22,10711723.63,47.36,23.68
1786369880.28,3246.24,10712158.20,434.57,217.29
1786369882.30,3248.25,10712158.20,0.00,0.00
1786369884.36,3250.31,10712502.93,344.73,172.36
1786369886.38,3252.33,10712720.70,217.77,108.89
1786369888.39,3254.34,10712750.49,29.79,14.89
1786369890.40,3256.36,10713091.31,340.82,170.41
1786369892.42,3258.37,10713091.80,0.49,0.24
1786369894.46,3260.41,10713397.46,305.66,152.83
1786369896.47,3262.43,10713857.91,460.45,230.22
1786369898.49,3264.44,10713878.42,20.51,10.25
1786369900.50,3266.46,10714375.98,497.56,248.78
1786369902.52,3268.47,10714375.98,0.00,0.00
1786369904.53,3270.48,10714603.03,227.05,113.53
1786369906.55,3272.50,10714738.28,135.25,67.63
1786369908.57,3274.53,10714738.77,0.49,0.24
1786369910.59,3276.54,10715271.48,532.71,266.36
1786369912.60,3278.55,10715271.48,0.00,0.00
1786369914.62,3280.57,10715515.62,244.14,122.07
1786369916.65,3282.60,10715516.11,0.49,0.24
1786369918.66,3284.62,10716002.44,486.33,243.16
1786369920.68,3286.63,10716002.44,0.00,0.00
1786369922.69,3288.64,10716002.44,0.00,0.00
1786369924.73,3290.69,10716217.77,215.33,107.67
1786369926.76,3292.71,10716247.56,29.79,14.89
1786369928.77,3294.72,10716253.91,6.35,3.17
1786369930.78,3296.73,10716426.27,172.36,86.18
1786369932.79,3298.74,10716426.27,0.00,0.00
1786369934.80,3300.76,10716426.27,0.00,0.00
1786369936.84,3302.79,10716627.93,201.66,100.83
1786369938.85,3304.81,10716646.48,18.55,9.28
1786369940.87,3306.82,10717100.10,453.61,226.81
1786369942.88,3308.83,10717100.10,0.00,0.00
1786369944.89,3310.85,10717235.84,135.74,67.87
1786369946.91,3312.86,10717342.77,106.93,53.47
1786369948.91,3314.87,10717406.25,63.48,31.74
1786369950.93,3316.88,10717521.48,115.23,57.62
1786369952.95,3318.90,10717521.97,0.49,0.24
1786369954.96,3320.92,10717737.30,215.33,107.67
1786369956.98,3322.93,10718012.70,275.39,137.70
1786369958.99,3324.95,10718122.56,109.86,54.93
1786369961.06,3327.01,10718122.56,0.00,0.00
1786369963.07,3329.02,10718123.05,0.49,0.24
1786369965.09,3331.04,10718537.60,414.55,207.28
1786369967.10,3333.06,10718736.33,198.73,99.37
1786369969.12,3335.07,10719227.05,490.72,245.36
1786369971.13,3337.09,10719227.05,0.00,0.00
1786369973.15,3339.10,10719227.05,0.00,0.00
1786369975.16,3341.12,10719624.02,396.97,198.49
1786369977.18,3343.13,10720467.29,843.26,421.63
1786369979.19,3345.15,10720601.56,134.28,67.14
1786369981.21,3347.16,10720601.56,0.00,0.00
1786369983.22,3349.18,10720602.05,0.49,0.24
1786369985.24,3351.19,10720903.32,301.27,150.63
1786369987.25,3353.20,10721106.45,203.12,101.56
1786369989.26,3355.22,10721797.36,690.92,345.46
1786369991.28,3357.23,10721797.85,0.49,0.24
1786369993.29,3359.25,10721797.85,0.00,0.00
1786369995.31,3361.27,10722128.91,331.05,165.53
1786369997.33,3363.28,10722129.39,0.49,0.24
1786369999.35,3365.30,10722914.55,785.16,392.58
1786370001.37,3367.32,10722914.55,0.00,0.00
1786370003.38,3369.33,10722914.55,0.00,0.00
1786370005.39,3371.35,10723407.71,493.16,246.58
1786370007.41,3373.37,10723581.05,173.34,86.67
1786370009.43,3375.38,10723779.79,198.73,99.37
1786370011.44,3377.40,10723779.79,0.00,0.00
1786370013.46,3379.41,10723779.79,0.00,0.00
1786370015.47,3381.43,10724163.09,383.30,191.65
1786370017.49,3383.44,10724406.25,243.16,121.58
1786370019.51,3385.46,10724748.54,342.29,171.14
1786370021.52,3387.47,10725288.57,540.04,270.02
1786370023.54,3389.49,10725289.06,0.49,0.24
1786370025.55,3391.51,10725596.68,307.62,153.81
1786370027.57,3393.52,10725770.51,173.83,86.91
1786370029.58,3395.53,10726214.84,444.34,222.17
1786370031.59,3397.55,10726217.77,2.93,1.46
1786370033.73,3399.68,10726217.77,0.00,0.00
1786370035.74,3401.70,10726755.37,537.60,268.80
1786370037.76,3403.71,10726755.37,0.00,0.00
1786370039.77,3405.73,10727495.61,740.23,370.12
1786370041.79,3407.74,10727495.61,0.00,0.00
1786370043.83,3409.78,10727495.61,0.00,0.00
1786370045.85,3411.80,10727600.10,104.49,52.25
1786370047.86,3413.82,10727974.12,374.02,187.01
1786370049.88,3415.83,10728602.54,628.42,314.21
1786370051.90,3417.85,10728602.54,0.00,0.00
1786370053.91,3419.87,10728602.54,0.00,0.00
1786370055.93,3421.88,10728692.87,90.33,45.17
1786370057.94,3423.89,10728853.52,160.64,80.32
1786370059.95,3425.91,10729059.08,205.57,102.78
1786370061.97,3427.93,10729059.08,0.00,0.00
1786370063.99,3429.94,10729059.08,0.00,0.00
1786370066.00,3431.95,10729241.70,182.62,91.31
1786370068.02,3433.97,10729924.80,683.11,341.55
1786370070.03,3435.99,10730273.93,349.12,174.56
1786370072.16,3438.11,10730274.41,0.49,0.24
1786370074.24,3440.19,10730662.60,388.18,194.09
1786370076.25,3442.20,10730670.90,8.30,4.15
1786370078.26,3444.21,10731054.20,383.30,191.65
1786370080.28,3446.23,10731127.44,73.24,36.62
1786370082.29,3448.24,10731127.93,0.49,0.24
1786370084.30,3450.26,10731197.27,69.34,34.67
1786370086.32,3452.28,10731260.25,62.99,31.49
1786370088.34,3454.29,10731462.40,202.15,101.07
1786370090.35,3456.31,10731720.21,257.81,128.91
1786370092.37,3458.32,10731720.21,0.00,0.00
1786370094.38,3460.33,10731796.88,76.66,38.33
1786370096.39,3462.35,10731988.77,191.89,95.95
1786370098.41,3464.36,10732140.14,151.37,75.68
1786370100.43,3466.38,10732280.27,140.14,70.07
1786370102.44,3468.39,10732280.76,0.49,0.24
1786370104.45,3470.41,10732369.63,88.87,44.43
1786370106.49,3472.44,10732584.96,215.33,107.67
1786370108.50,3474.46,10732585.45,0.49,0.24
1786370110.52,3476.47,10732759.77,174.32,87.16
1786370112.54,3478.49,10732760.25,0.49,0.24
1786370114.55,3480.50,10732878.42,118.16,59.08
1786370116.58,3482.53,10732928.71,50.29,25.15
1786370118.59,3484.55,10733264.16,335.45,167.72
1786370120.61,3486.56,10733444.34,180.18,90.09
1786370122.62,3488.57,10733504.39,60.06,30.03
1786370124.64,3490.59,10733687.99,183.59,91.80
1786370126.65,3492.60,10733916.99,229.00,114.50
1786370128.67,3494.62,10733916.99,0.00,0.00
1786370130.68,3496.64,10734084.96,167.97,83.98
1786370132.70,3498.65,10734084.96,0.00,0.00
1786370134.72,3500.67,10734084.96,0.00,0.00
1786370136.76,3502.71,10734394.04,309.08,154.54
1786370138.77,3504.72,10734394.04,0.00,0.00
1786370140.78,3506.74,10734583.50,189.45,94.73
1786370142.80,3508.76,10734583.98,0.49,0.24
1786370144.82,3510.77,10734752.93,168.95,84.47
1786370146.84,3512.79,10734852.05,99.12,49.56
1786370148.85,3514.80,10734852.05,0.00,0.00
1786370150.88,3516.83,10734987.79,135.74,67.87
1786370152.90,3518.85,10734987.79,0.00,0.00
1786370154.92,3520.87,10735172.36,184.57,92.29
1786370156.94,3522.89,10735976.07,803.71,401.86
1786370158.95,3524.91,10735976.07,0.00,0.00
1786370160.97,3526.92,10736356.93,380.86,190.43
1786370162.99,3528.94,10736356.93,0.00,0.00
1786370165.00,3530.95,10736604.49,247.56,123.78
1786370167.03,3532.98,10737356.45,751.95,375.98
1786370169.04,3535.00,10737356.93,0.49,0.24
1786370171.06,3537.01,10737432.13,75.20,37.60
1786370173.07,3539.02,10737432.62,0.49,0.24
1786370175.09,3541.05,10737975.59,542.97,271.48
1786370177.11,3543.07,10738437.50,461.91,230.96
1786370179.13,3545.08,10738437.99,0.49,0.24
1786370181.14,3547.10,10738518.55,80.57,40.28
1786370183.16,3549.11,10738518.55,0.00,0.00
1786370185.18,3551.13,10738691.41,172.85,86.43
1786370187.20,3553.15,10739346.19,654.79,327.39
1786370189.21,3555.16,10739346.19,0.00,0.00
1786370191.22,3557.17,10739413.57,67.38,33.69
1786370193.24,3559.19,10739414.06,0.49,0.24
1786370195.25,3561.20,10739598.63,184.57,92.29
1786370197.27,3563.22,10739802.73,204.10,102.05
1786370199.28,3565.23,10739946.29,143.55,71.78
1786370201.29,3567.24,10739999.51,53.22,26.61
1786370203.30,3569.26,10740000.00,0.49,0.24
1786370205.33,3571.28,10740137.21,137.21,68.60
1786370207.34,3573.30,10740903.32,766.11,383.06
1786370209.36,3575.31,10740903.32,0.00,0.00
1786370211.37,3577.32,10741007.32,104.00,52.00
1786370213.39,3579.34,10741007.81,0.49,0.24
1786370215.40,3581.35,10741143.55,135.74,67.87
1786370217.42,3583.37,10741854.49,710.94,355.47
1786370219.43,3585.38,10741980.96,126.46,63.23
1786370221.66,3587.61,10741980.96,0.00,0.00
1786370223.68,3589.63,10741980.96,0.00,0.00
1786370225.69,3591.64,10742116.21,135.25,67.63
1786370227.70,3593.66,10742873.05,756.84,378.42
1786370229.72,3595.67,10743008.30,135.25,67.63
1786370231.78,3597.73,10743008.30,0.00,0.00
1786370233.79,3599.74,10743008.30,0.00,0.00
1786370235.81,3601.76,10743803.22,794.92,397.46
1786370237.82,3603.77,10743803.22,0.00,0.00
1786370239.83,3605.79,10744166.50,363.28,181.64
1786370241.85,3607.80,10744166.50,0.00,0.00
1786370243.87,3609.82,10744166.99,0.49,0.24
1786370245.90,3611.85,10744334.96,167.97,83.98
1786370247.91,3613.87,10744655.76,320.80,160.40
1786370249.93,3615.88,10745050.29,394.53,197.27
1786370251.94,3617.90,10745050.29,0.00,0.00
1786370253.96,3619.91,10745050.78,0.49,0.24
1786370255.98,3621.93,10745187.50,136.72,68.36
1786370258.00,3623.95,10745502.93,315.43,157.71
1786370260.01,3625.96,10745670.90,167.97,83.98
1786370262.10,3628.05,10745670.90,0.00,0.00
1786370264.12,3630.07,10745671.39,0.49,0.24
1786370266.13,3632.08,10746136.72,465.33,232.67
1786370268.15,3634.10,10746467.29,330.57,165.28
1786370270.16,3636.12,10746766.11,298.83,149.41
1786370272.18,3638.13,10746766.11,0.00,0.00
1786370274.24,3640.19,10746766.11,0.00,0.00
1786370276.27,3642.22,10746851.07,84.96,42.48
1786370278.28,3644.23,10746986.82,135.74,67.87
1786370280.30,3646.25,10747478.03,491.21,245.61
1786370282.31,3648.26,10747478.03,0.00,0.00
1786370284.36,3650.32,10747478.03,0.00,0.00
1786370286.38,3652.33,10747575.20,97.17,48.58
1786370288.39,3654.35,10748057.62,482.42,241.21
1786370290.41,3656.36,10748232.91,175.29,87.65
1786370292.43,3658.38,10748232.91,0.00,0.00
1786370294.44,3660.39,10748232.91,0.00,0.00
1786370296.46,3662.41,10748461.91,229.00,114.50
1786370298.47,3664.42,10748896.00,434.08,217.04
1786370300.49,3666.44,10748896.00,0.00,0.00
1786370302.50,3668.45,10748896.00,0.00,0.00
1786370304.52,3670.48,10749234.38,338.38,169.19
1786370306.54,3672.49,10749660.16,425.78,212.89
1786370308.55,3674.51,10749916.99,256.84,128.42
1786370310.57,3676.52,10750192.38,275.39,137.70
1786370312.59,3678.54,10750192.38,0.00,0.00
1786370314.60,3680.55,10750647.95,455.57,227.78
1786370316.62,3682.57,10751085.45,437.50,218.75
1786370318.63,3684.59,10751312.50,227.05,113.53
1786370320.65,3686.60,10751688.96,376.46,188.23
1786370322.66,3688.61,10751689.45,0.49,0.24
1786370324.81,3690.76,10751888.67,199.22,99.61
1786370326.88,3692.83,10752381.35,492.68,246.34
1786370328.89,3694.84,10752399.90,18.55,9.28
1786370330.90,3696.86,10752604.49,204.59,102.29
1786370332.91,3698.87,10752604.49,0.00,0.00
1786370334.93,3700.88,10752604.49,0.00,0.00
1786370336.96,3702.91,10752987.30,382.81,191.41
1786370338.97,3704.92,10753397.46,410.16,205.08
1786370340.98,3706.94,10753397.95,0.49,0.24
1786370343.00,3708.95,10753397.95,0.00,0.00
1786370345.01,3710.97,10754116.21,718.26,359.13
1786370347.03,3712.98,10754116.21,0.00,0.00
1786370349.05,3715.00,10754321.78,205.57,102.78
1786370351.06,3717.01,10754321.78,0.00,0.00
1786370353.08,3719.04,10754321.78,0.00,0.00
1786370355.10,3721.05,10754805.18,483.40,241.70
1786370357.13,3723.08,10754805.66,0.49,0.24
1786370359.15,3725.10,10755007.81,202.15,101.07
1786370361.17,3727.12,10755007.81,0.00,0.00
1786370363.18,3729.13,10755007.81,0.00,0.00
1786370365.21,3731.16,10755793.95,786.13,393.07
1786370367.23,3733.18,10755794.43,0.49,0.24
1786370369.24,3735.19,10756124.02,329.59,164.79
1786370371.26,3737.21,10756124.02,0.00,0.00
1786370373.27,3739.23,10756124.02,0.00,0.00
1786370375.31,3741.26,10756912.11,788.09,394.04
1786370377.32,3743.28,10756912.11,0.00,0.00
1786370379.34,3745.29,10757077.64,165.53,82.76
1786370381.35,3747.31,10757077.64,0.00,0.00
1786370383.39,3749.34,10757078.12,0.49,0.24
1786370385.40,3751.35,10757370.12,291.99,146.00
1786370387.41,3753.37,10758075.68,705.57,352.78
1786370389.44,3755.39,10758075.68,0.00,0.00
1786370391.45,3757.41,10758160.16,84.47,42.24
1786370393.47,3759.43,10758160.16,0.00,0.00
1786370395.49,3761.45,10758352.05,191.89,95.95
1786370397.51,3763.46,10758801.76,449.71,224.85
1786370399.52,3765.48,10758801.76,0.00,0.00
1786370401.54,3767.49,10759042.97,241.21,120.61
1786370403.56,3769.51,10759042.97,0.00,0.00
1786370405.58,3771.54,10759295.41,252.44,126.22
1786370407.60,3773.56,10759994.14,698.73,349.37
1786370409.62,3775.57,10760242.68,248.54,124.27
1786370411.65,3777.60,10760323.24,80.57,40.28
1786370413.67,3779.62,10760323.24,0.00,0.00
1786370415.69,3781.64,10760642.09,318.85,159.42
1786370417.71,3783.66,10761308.59,666.50,333.25
1786370419.72,3785.68,10761447.75,139.16,69.58
1786370421.74,3787.69,10761448.24,0.49,0.24
1786370423.84,3789.79,10761448.24,0.00,0.00
1786370425.85,3791.80,10761549.80,101.56,50.78
1786370427.87,3793.82,10761719.24,169.43,84.72
1786370429.88,3795.84,10761827.15,107.91,53.96
1786370431.90,3797.85,10761827.64,0.49,0.24
1786370433.91,3799.86,10761827.64,0.00,0.00
1786370435.93,3801.88,10761997.56,169.92,84.96
1786370437.95,3803.90,10761997.56,0.00,0.00
1786370439.96,3805.91,10762750.98,753.42,376.71
1786370441.98,3807.93,10762750.98,0.00,0.00
1786370444.07,3810.02,10762751.46,0.49,0.24
1786370446.08,3812.03,10762933.11,181.64,90.82
1786370448.10,3814.05,10763792.48,859.38,429.69
1786370450.11,3816.07,10764000.00,207.52,103.76
1786370452.13,3818.08,10764000.00,0.00,0.00
1786370454.24,3820.19,10764000.00,0.00,0.00
1786370456.25,3822.20,10764074.71,74.71,37.35
1786370458.27,3824.22,10764396.97,322.27,161.13
1786370460.28,3826.23,10764835.94,438.96,219.48
1786370462.30,3828.25,10764835.94,0.00,0.00
1786370464.31,3830.27,10764835.94,0.00,0.00
1786370466.33,3832.28,10764906.74,70.80,35.40
1786370468.34,3834.30,10765347.17,440.43,220.21
1786370470.36,3836.31,10765664.06,316.89,158.45
1786370472.37,3838.33,10765664.55,0.49,0.24
1786370474.39,3840.34,10765664.55,0.00,0.00
1786370476.41,3842.36,10765802.25,137.70,68.85
1786370478.42,3844.38,10766451.17,648.93,324.46
1786370480.44,3846.39,10766758.30,307.13,153.56
1786370482.45,3848.41,10766758.30,0.00,0.00
1786370484.47,3850.42,10766758.79,0.49,0.24
1786370486.48,3852.43,10767018.55,259.77,129.88
1786370488.50,3854.45,10767018.55,0.00,0.00
1786370490.51,3856.47,10767408.69,390.14,195.07
1786370492.53,3858.48,10767408.69,0.00,0.00
1786370494.54,3860.49,10767505.37,96.68,48.34
1786370496.55,3862.51,10767544.92,39.55,19.78
1786370498.57,3864.52,10767751.95,207.03,103.52
1786370500.59,3866.54,10768047.85,295.90,147.95
1786370502.60,3868.56,10768048.34,0.49,0.24
1786370504.73,3870.68,10768332.03,283.69,141.85
1786370507.08,3873.04,10768979.00,646.97,323.49
1786370509.09,3875.05,10768998.05,19.04,9.52
1786370511.11,3877.06,10769357.42,359.38,179.69
1786370513.12,3879.08,10769357.42,0.00,0.00
1786370515.14,3881.10,10769728.03,370.61,185.30
1786370517.16,3883.11,10770488.77,760.74,380.37
1786370519.49,3885.44,10770488.77,0.00,0.00
1786370521.50,3887.46,10770591.80,103.03,51.51
1786370523.52,3889.48,10770591.80,0.00,0.00
1786370525.54,3891.49,10770892.09,300.29,150.15
1786370527.55,3893.51,10771025.88,133.79,66.89
1786370529.56,3895.52,10771140.14,114.26,57.13
1786370531.57,3897.53,10771226.56,86.43,43.21
1786370533.59,3899.54,10771226.56,0.00,0.00
1786370535.62,3901.57,10772059.08,832.52,416.26
1786370537.63,3903.59,10772438.48,379.39,189.70
1786370539.64,3905.60,10772449.22,10.74,5.37
1786370541.66,3907.61,10772532.23,83.01,41.50
1786370543.67,3909.63,10772532.23,0.00,0.00
1786370545.69,3911.64,10772880.86,348.63,174.32
1786370547.70,3913.66,10773411.62,530.76,265.38
1786370549.72,3915.67,10773632.81,221.19,110.60
1786370551.78,3917.73,10773632.81,0.00,0.00
1786370553.80,3919.75,10773633.30,0.49,0.24
1786370555.82,3921.78,10774043.46,410.16,205.08
1786370557.85,3923.80,10774417.97,374.51,187.26
1786370559.86,3925.82,10774672.36,254.39,127.20
1786370561.88,3927.83,10774672.36,0.00,0.00
1786370563.90,3929.85,10774672.85,0.49,0.24
1786370565.92,3931.87,10775136.23,463.38,231.69
1786370567.94,3933.89,10775536.13,399.90,199.95
1786370569.95,3935.91,10775807.62,271.48,135.74
1786370571.97,3937.93,10775807.62,0.00,0.00
1786370573.99,3939.94,10775807.62,0.00,0.00
1786370576.01,3941.96,10775908.20,100.59,50.29
1786370578.03,3943.98,10776041.02,132.81,66.41
1786370580.04,3946.00,10776458.98,417.97,208.98
1786370582.15,3948.10,10776458.98,0.00,0.00
1786370584.24,3950.19,10776458.98,0.00,0.00
1786370586.25,3952.21,10776559.57,100.59,50.29
1786370588.27,3954.22,10776966.80,407.23,203.61
1786370590.29,3956.24,10777194.34,227.54,113.77
1786370592.30,3958.25,10777194.34,0.00,0.00
1786370594.31,3960.27,10777194.34,0.00,0.00
1786370596.33,3962.28,10777362.30,167.97,83.98
1786370598.36,3964.31,10777362.79,0.49,0.24
1786370600.37,3966.32,10777842.77,479.98,239.99
1786370602.39,3968.34,10778392.58,549.80,274.90
1786370604.40,3970.35,10778393.07,0.49,0.24
1786370606.42,3972.37,10778605.47,212.40,106.20
1786370608.44,3974.39,10778605.96,0.49,0.24
1786370610.46,3976.42,10778995.61,389.65,194.82
1786370612.48,3978.43,10779494.63,499.02,249.51
1786370614.50,3980.45,10779494.63,0.00,0.00
1786370616.52,3982.47,10779566.89,72.27,36.13
1786370618.54,3984.49,10780042.48,475.59,237.79
1786370620.55,3986.51,10780237.79,195.31,97.66
1786370622.57,3988.52,10780450.20,212.40,106.20
1786370624.58,3990.54,10780544.92,94.73,47.36
1786370626.60,3992.56,10780579.59,34.67,17.33
1786370628.63,3994.58,10780847.66,268.07,134.03
1786370630.64,3996.60,10781251.46,403.81,201.90
1786370632.66,3998.62,10781254.39,2.93,1.46
1786370634.68,4000.63,10781254.39,0.00,0.00
1786370636.70,4002.65,10781342.29,87.89,43.95
1786370638.72,4004.67,10781530.27,187.99,93.99
1786370640.73,4006.69,10781703.61,173.34,86.67
1786370642.75,4008.70,10781703.61,0.00,0.00
1786370644.76,4010.71,10781794.43,90.82,45.41
1786370646.77,4012.73,10781875.98,81.54,40.77
1786370648.79,4014.74,10782665.04,789.06,394.53
1786370650.80,4016.76,10783250.49,585.45,292.72
1786370652.82,4018.77,10783250.49,0.00,0.00
1786370654.91,4020.86,10783476.56,226.07,113.04
1786370656.93,4022.88,10783717.29,240.72,120.36
1786370658.94,4024.89,10783729.98,12.70,6.35
1786370660.95,4026.90,10784061.52,331.54,165.77
1786370662.96,4028.92,10784061.52,0.00,0.00
1786370665.02,4030.98,10784342.29,280.76,140.38
1786370667.04,4032.99,10784671.88,329.59,164.79
1786370669.05,4035.00,10784697.27,25.39,12.70
1786370671.06,4037.02,10784992.68,295.41,147.71
1786370673.08,4039.03,10784992.68,0.00,0.00
1786370675.16,4041.11,10785154.30,161.62,80.81
1786370677.17,4043.12,10785791.50,637.21,318.60
1786370679.18,4045.13,10785799.32,7.81,3.91
1786370681.20,4047.15,10786030.76,231.45,115.72
1786370683.21,4049.16,10786031.25,0.49,0.24
1786370685.22,4051.18,10786290.04,258.79,129.39
1786370687.24,4053.19,10786356.93,66.89,33.45
1786370689.26,4055.21,10786422.85,65.92,32.96
1786370691.27,4057.23,10786521.00,98.14,49.07
1786370693.29,4059.24,10786521.00,0.00,0.00
1786370695.30,4061.26,10786620.61,99.61,49.80
1786370697.32,4063.27,10786730.47,109.86,54.93
1786370699.33,4065.28,10786796.39,65.92,32.96
1786370701.34,4067.30,10786928.22,131.84,65.92
1786370703.36,4069.31,10786928.22,0.00,0.00
1786370705.38,4071.33,10787165.04,236.82,118.41
1786370707.39,4073.34,10787308.11,143.07,71.53
1786370709.40,4075.35,10787308.11,0.00,0.00
1786370711.42,4077.37,10787675.78,367.68,183.84
1786370713.44,4079.39,10787676.27,0.49,0.24
1786370715.45,4081.40,10787914.06,237.79,118.90
1786370717.66,4083.62,10787966.31,52.25,26.12
1786370719.67,4085.63,10788051.76,85.45,42.72
1786370721.69,4087.64,10788379.88,328.12,164.06
1786370723.70,4089.65,10788380.37,0.49,0.24
1786370725.72,4091.67,10788698.24,317.87,158.94
1786370727.73,4093.68,10788972.66,274.41,137.21
1786370729.75,4095.70,10789109.86,137.21,68.60
1786370731.76,4097.71,10789109.86,0.00,0.00
1786370733.77,4099.73,10789109.86,0.00,0.00
1786370735.80,4101.75,10789802.73,692.87,346.44
1786370737.81,4103.76,10789802.73,0.00,0.00
1786370739.83,4105.78,10789968.26,165.53,82.76
1786370741.84,4107.79,10789968.75,0.49,0.24
1786370743.85,4109.80,10789969.24,0.49,0.24
1786370745.88,4111.83,10790563.48,594.24,297.12
1786370747.90,4113.85,10791249.02,685.55,342.77
1786370749.92,4115.87,10791483.40,234.38,117.19
1786370751.97,4117.92,10791483.40,0.00,0.00
1786370753.98,4119.93,10791483.40,0.00,0.00
1786370756.00,4121.95,10791804.20,320.80,160.40
1786370758.01,4123.96,10792619.63,815.43,407.71
1786370760.03,4125.98,10792869.63,250.00,125.00
1786370762.10,4128.05,10792869.63,0.00,0.00
1786370764.11,4130.06,10792870.12,0.49,0.24
1786370766.25,4132.20,10793003.91,133.79,66.89
1786370768.26,4134.21,10793382.81,378.91,189.45
1786370770.28,4136.24,10793518.07,135.25,67.63
1786370772.30,4138.25,10793518.07,0.00,0.00
1786370774.37,4140.32,10793518.07,0.00,0.00
1786370776.39,4142.34,10793719.73,201.66,100.83
1786370778.40,4144.36,10793918.95,199.22,99.61
1786370780.42,4146.37,10793918.95,0.00,0.00
1786370782.43,4148.39,10793919.43,0.49,0.24
1786370784.50,4150.45,10793919.43,0.00,0.00
1786370786.52,4152.47,10794197.27,277.83,138.92
1786370788.53,4154.48,10794197.27,0.00,0.00
1786370790.55,4156.50,10794452.15,254.88,127.44
1786370792.56,4158.51,10794604.49,152.34,76.17
1786370794.57,4160.52,10794604.98,0.49,0.24
1786370796.59,4162.54,10794987.79,382.81,191.41
1786370798.60,4164.56,10794987.79,0.00,0.00
1786370800.62,4166.57,10795268.55,280.76,140.38
1786370802.63,4168.58,10795284.67,16.11,8.06
1786370804.64,4170.59,10795284.67,0.00,0.00
1786370806.74,4172.69,10795377.93,93.26,46.63
1786370808.76,4174.71,10795567.87,189.94,94.97
1786370810.77,4176.73,10796054.69,486.82,243.41
1786370812.79,4178.75,10796054.69,0.00,0.00
1786370814.82,4180.77,10796455.08,400.39,200.20
1786370816.83,4182.79,10796464.84,9.77,4.88
1786370818.85,4184.80,10796597.66,132.81,66.41
1786370820.87,4186.83,10797077.64,479.98,239.99
1786370822.89,4188.85,10797077.64,0.00,0.00
1786370824.94,4190.89,10797215.33,137.70,68.85
1786370826.96,4192.91,10797644.04,428.71,214.36
1786370829.34,4195.30,10797644.04,0.00,0.00
1786370831.36,4197.31,10798327.64,683.59,341.80
1786370833.37,4199.33,10798328.12,0.49,0.24
1786370835.39,4201.34,10798914.55,586.43,293.21
1786370837.40,4203.36,10799035.64,121.09,60.55
1786370839.41,4205.37,10799049.80,14.16,7.08
1786370841.43,4207.39,10799249.51,199.71,99.85
1786370843.45,4209.40,10799249.51,0.00,0.00
1786370845.47,4211.43,10799805.66,556.15,278.08
1786370847.49,4213.44,10799805.66,0.00,0.00
1786370849.51,4215.46,10799805.66,0.00,0.00
1786370851.53,4217.48,10799953.12,147.46,73.73
1786370853.54,4219.49,10799953.12,0.00,0.00
1786370855.55,4221.51,10800318.36,365.23,182.62
1786370857.57,4223.53,10800512.21,193.85,96.92
1786370859.59,4225.54,10800512.21,0.00,0.00
1786370861.61,4227.56,10800750.98,238.77,119.38
1786370863.62,4229.57,10800751.46,0.49,0.24
1786370865.64,4231.59,10801397.95,646.48,323.24
1786370867.65,4233.61,10801556.15,158.20,79.10
1786370869.67,4235.62,10801686.04,129.88,64.94
1786370871.68,4237.63,10801727.54,41.50,20.75
1786370873.69,4239.65,10801727.54,0.00,0.00
1786370875.72,4241.67,10802318.36,590.82,295.41
1786370877.73,4243.68,10803013.67,695.31,347.66
1786370879.75,4245.70,10803223.63,209.96,104.98
1786370881.76,4247.71,10803230.96,7.32,3.66
1786370883.77,4249.73,10803231.45,0.49,0.24
1786370885.80,4251.75,10803869.63,638.18,319.09
1786370887.82,4253.77,10804371.09,501.46,250.73
1786370889.83,4255.78,10804564.45,193.36,96.68
1786370891.85,4257.80,10804564.45,0.00,0.00
1786370893.86,4259.81,10804564.94,0.49,0.24
1786370895.89,4261.84,10805238.28,673.34,336.67
1786370897.90,4263.85,10805238.28,0.00,0.00
1786370899.96,4265.92,10805875.00,636.72,318.36
1786370901.98,4267.93,10805885.25,10.25,5.13
1786370903.99,4269.94,10806387.70,502.44,251.22
1786370906.01,4271.96,10806743.16,355.47,177.73
1786370908.02,4273.97,10807159.67,416.50,208.25
1786370910.03,4275.99,10807508.30,348.63,174.32
1786370912.20,4278.16,10807645.51,137.21,68.60
1786370914.28,4280.23,10807645.51,0.00,0.00
1786370916.29,4282.24,10808180.66,535.16,267.58
1786370918.30,4284.26,10808180.66,0.00,0.00
1786370920.32,4286.27,10808368.65,187.99,93.99
1786370922.61,4288.56,10808369.14,0.49,0.24
1786370924.63,4290.58,10808369.14,0.00,0.00
1786370926.64,4292.59,10808576.17,207.03,103.52
1786370928.66,4294.61,10808690.43,114.26,57.13
1786370930.67,4296.63,10808860.84,170.41,85.21
1786370932.69,4298.64,10808889.65,28.81,14.40
1786370934.71,4300.66,10808889.65,0.00,0.00
1786370936.72,4302.67,10809108.89,219.24,109.62
1786370938.74,4304.69,10809108.89,0.00,0.00
1786370940.75,4306.71,10809369.14,260.25,130.13
1786370942.77,4308.72,10809369.14,0.00,0.00
1786370944.78,4310.73,10809379.39,10.25,5.13
1786370946.79,4312.74,10809524.90,145.51,72.75
1786370948.80,4314.76,10809609.38,84.47,42.24
1786370950.82,4316.77,10809698.24,88.87,44.43
1786370952.83,4318.79,10809698.24,0.00,0.00
1786370954.84,4320.80,10809698.24,0.00,0.00
1786370956.86,4322.81,10809879.88,181.64,90.82
1786370958.87,4324.83,10810103.52,223.63,111.82
1786370960.89,4326.84,10810103.52,0.00,0.00
1786370962.90,4328.86,10810103.52,0.00,0.00
1786370964.93,4330.88,10810410.16,306.64,153.32
1786370966.94,4332.89,10810415.53,5.37,2.69
1786370968.96,4334.91,10810415.53,0.00,0.00
1786370970.97,4336.92,10811011.23,595.70,297.85
1786370972.98,4338.94,10811011.23,0.00,0.00
1786370975.05,4341.00,10811516.60,505.37,252.69
1786370977.25,4343.21,10811875.98,359.38,179.69
1786370979.27,4345.22,10811884.77,8.79,4.39
1786370981.28,4347.23,10812419.43,534.67,267.33
1786370983.30,4349.25,10812419.92,0.49,0.24
1786370985.31,4351.27,10813042.48,622.56,311.28
1786370987.33,4353.28,10813513.18,470.70,235.35
1786370989.66,4355.61,10813513.18,0.00,0.00
1786370991.67,4357.63,10813589.36,76.17,38.09
1786370993.69,4359.64,10813589.36,0.00,0.00
1786370995.71,4361.66,10813896.97,307.62,153.81
1786370997.72,4363.67,10814154.79,257.81,128.91
1786370999.73,4365.69,10814191.89,37.11,18.55
1786371001.75,4367.70,10814327.64,135.74,67.87
1786371003.76,4369.71,10814327.64,0.00,0.00
1786371005.78,4371.74,10814990.23,662.60,331.30
1786371007.80,4373.75,10815197.75,207.52,103.76
1786371009.81,4375.76,10815431.15,233.40,116.70
1786371011.82,4377.77,10815464.36,33.20,16.60
1786371013.84,4379.79,10815464.36,0.00,0.00
1786371015.85,4381.80,10815776.86,312.50,156.25
1786371017.87,4383.82,10816237.30,460.45,230.22
1786371019.88,4385.83,10816630.37,393.07,196.53
1786371021.89,4387.85,10816649.41,19.04,9.52
1786371023.91,4389.86,10816649.41,0.00,0.00
1786371025.92,4391.88,10816712.40,62.99,31.49
1786371027.94,4393.89,10816910.16,197.75,98.88
1786371029.96,4395.91,10817076.17,166.02,83.01
1786371031.97,4397.93,10817076.17,0.00,0.00
1786371034.00,4399.95,10817076.17,0.00,0.00
1786371036.03,4401.98,10817241.70,165.53,82.76
1786371038.04,4403.99,10817241.70,0.00,0.00
1786371040.05,4406.01,10817838.87,597.17,298.58
1786371042.12,4408.07,10817839.36,0.49,0.24
1786371044.13,4410.08,10817839.36,0.00,0.00
1786371046.16,4412.11,10818368.65,529.30,264.65
1786371048.17,4414.13,10818540.04,171.39,85.69
1786371050.19,4416.14,10818852.05,312.01,156.01
1786371052.20,4418.16,10818852.05,0.00,0.00
1786371054.22,4420.17,10818852.05,0.00,0.00
1786371056.23,4422.19,10819599.12,747.07,373.54
1786371058.25,4424.21,10820020.51,421.39,210.69
1786371060.27,4426.22,10820157.23,136.72,68.36
1786371062.29,4428.24,10820157.23,0.00,0.00
1786371064.36,4430.32,10820157.71,0.49,0.24
1786371066.38,4432.33,10820542.97,385.25,192.63
1786371068.40,4434.35,10820885.74,342.77,171.39
1786371070.41,4436.36,10821186.04,300.29,150.15
1786371072.43,4438.38,10821186.04,0.00,0.00
1786371074.45,4440.40,10821186.52,0.49,0.24
1786371076.47,4442.42,10821663.09,476.56,238.28
1786371078.48,4444.43,10822081.54,418.46,209.23
1786371080.50,4446.45,10822401.86,320.31,160.16
1786371082.51,4448.46,10822401.86,0.00,0.00
1786371084.52,4450.48,10822402.34,0.49,0.24
1786371086.54,4452.49,10822761.72,359.38,179.69
1786371088.55,4454.51,10822761.72,0.00,0.00
1786371090.57,4456.52,10822998.54,236.82,118.41
1786371092.58,4458.53,10822998.54,0.00,0.00
1786371094.60,4460.55,10822999.02,0.49,0.24
1786371096.62,4462.58,10823152.34,153.32,76.66
1786371098.64,4464.60,10823648.93,496.58,248.29
1786371100.66,4466.62,10823824.71,175.78,87.89
1786371102.68,4468.63,10823825.20,0.49,0.24
1786371104.70,4470.65,10823825.20,0.00,0.00
1786371106.73,4472.68,10824138.67,313.48,156.74
1786371108.74,4474.69,10824495.12,356.45,178.22
1786371110.76,4476.71,10824708.01,212.89,106.45
1786371112.77,4478.72,10824708.01,0.00,0.00
1786371114.78,4480.73,10824792.97,84.96,42.48
1786371116.79,4482.75,10824879.88,86.91,43.46
1786371118.81,4484.76,10825436.52,556.64,278.32
1786371120.82,4486.78,10826121.09,684.57,342.29
1786371122.84,4488.79,10826121.58,0.49,0.24
1786371124.92,4490.87,10826526.37,404.79,202.39
1786371126.93,4492.88,10826550.29,23.93,11.96
1786371128.95,4494.90,10826937.50,387.21,193.60
1786371130.97,4496.92,10827076.17,138.67,69.34
1786371132.98,4498.93,10827076.17,0.00,0.00
1786371135.05,4501.00,10827145.51,69.34,34.67
1786371137.06,4503.01,10827216.80,71.29,35.64
1786371139.07,4505.02,10827987.79,771.00,385.50
1786371141.08,4507.04,10828241.21,253.42,126.71
1786371143.10,4509.05,10828241.21,0.00,0.00
1786371145.17,4511.12,10828703.61,462.40,231.20
1786371147.18,4513.14,10828911.13,207.52,103.76
1786371149.20,4515.15,10828911.13,0.00,0.00
1786371151.22,4517.17,10829682.62,771.48,385.74
1786371153.23,4519.18,10829682.62,0.00,0.00
1786371155.24,4521.20,10830199.22,516.60,258.30
1786371157.26,4523.21,10830416.02,216.80,108.40
1786371159.27,4525.22,10830815.92,399.90,199.95
1786371161.28,4527.23,10830815.92,0.00,0.00
1786371163.30,4529.25,10830816.41,0.49,0.24
1786371165.31,4531.27,10830971.68,155.27,77.64
1786371167.32,4533.27,10831027.83,56.15,28.08
1786371169.34,4535.29,10831331.54,303.71,151.86
1786371171.36,4537.31,10831331.54,0.00,0.00
1786371173.37,4539.33,10831331.54,0.00,0.00
1786371175.39,4541.35,10831521.00,189.45,94.73
1786371177.43,4543.38,10831544.43,23.44,11.72
1786371179.44,4545.40,10831692.38,147.95,73.97
1786371181.46,4547.42,10831692.38,0.00,0.00
1786371183.48,4549.43,10831692.87,0.49,0.24
1786371185.50,4551.45,10831893.07,200.20,100.10
1786371187.50,4553.46,10832059.08,166.02,83.01
1786371189.53,4555.48,10832059.08,0.00,0.00
1786371191.54,4557.49,10832266.11,207.03,103.52
1786371193.56,4559.51,10832266.11,0.00,0.00
1786371195.58,4561.53,10832397.95,131.84,65.92
1786371197.59,4563.55,10832397.95,0.00,0.00
1786371199.61,4565.56,10832397.95,0.00,0.00
1786371201.62,4567.58,10832602.05,204.10,102.05
1786371203.64,4569.59,10833445.80,843.75,421.88
1786371205.65,4571.61,10833548.83,103.03,51.51
1786371207.67,4573.62,10833548.83,0.00,0.00
1786371209.68,4575.64,10833548.83,0.00,0.00
1786371211.71,4577.66,10833625.49,76.66,38.33
1786371213.72,4579.67,10834084.96,459.47,229.74
1786371215.73,4581.69,10834199.71,114.75,57.37
1786371217.75,4583.70,10834441.41,241.70,120.85
1786371219.76,4585.72,10834441.41,0.00,0.00
1786371221.78,4587.73,10834532.71,91.31,45.65
1786371223.79,4589.75,10834533.20,0.49,0.24
1786371225.81,4591.76,10835178.22,645.02,322.51
1786371227.82,4593.78,10835595.70,417.48,208.74
1786371229.83,4595.79,10835687.50,91.80,45.90
1786371231.85,4597.80,10835735.35,47.85,23.93
1786371233.86,4599.81,10835875.49,140.14,70.07
1786371235.87,4601.83,10835875.98,0.49,0.24
1786371237.89,4603.84,10836472.66,596.68,298.34
1786371239.90,4605.85,10836747.07,274.41,137.21
1786371241.92,4607.87,10836747.56,0.49,0.24
1786371243.93,4609.88,10836747.56,0.00,0.00
1786371245.94,4611.89,10836780.27,32.71,16.36
1786371247.95,4613.91,10837284.18,503.91,251.95
1786371249.97,4615.92,10837793.46,509.28,254.64
1786371251.98,4617.94,10837793.46,0.00,0.00
1786371254.00,4619.95,10837793.95,0.49,0.24
1786371256.10,4622.05,10838185.55,391.60,195.80
1786371258.11,4624.06,10838224.12,38.57,19.29
1786371260.13,4626.08,10838361.33,137.21,68.60
1786371262.14,4628.09,10838361.33,0.00,0.00
1786371264.24,4630.19,10838361.33,0.00,0.00
1786371266.34,4632.30,10838978.03,616.70,308.35
1786371268.36,4634.31,10839185.55,207.52,103.76
1786371270.37,4636.32,10839193.85,8.30,4.15
1786371272.39,4638.34,10839193.85,0.00,0.00
1786371274.48,4640.43,10839194.34,0.49,0.24
1786371276.49,4642.45,10839718.75,524.41,262.21
1786371278.51,4644.46,10840123.05,404.30,202.15
1786371280.69,4646.64,10840123.05,0.00,0.00
1786371282.70,4648.66,10840123.05,0.00,0.00
1786371284.72,4650.67,10840123.54,0.49,0.24
1786371286.74,4652.69,10840312.50,188.96,94.48
1786371288.76,4654.71,10840496.58,184.08,92.04
1786371290.77,4656.73,10840496.58,0.00,0.00
1786371292.80,4658.75,10840497.07,0.49,0.24
1786371294.82,4660.77,10840497.07,0.00,0.00
1786371296.83,4662.79,10840593.75,96.68,48.34
1786371298.85,4664.80,10840932.62,338.87,169.43
1786371300.87,4666.82,10841385.25,452.64,226.32
1786371302.88,4668.84,10841385.25,0.00,0.00
1786371304.90,4670.85,10841385.74,0.49,0.24
1786371306.92,4672.87,10841455.57,69.82,34.91
1786371308.93,4674.89,10841684.08,228.52,114.26
1786371310.95,4676.90,10841971.19,287.11,143.55
1786371312.96,4678.92,10841971.19,0.00,0.00
1786371314.98,4680.93,10841971.19,0.00,0.00
1786371316.99,4682.94,10842135.25,164.06,82.03
1786371319.01,4684.96,10842648.93,513.67,256.84
1786371321.02,4686.98,10842649.41,0.49,0.24
1786371323.03,4688.99,10842649.41,0.00,0.00
1786371325.05,4691.00,10843121.58,472.17,236.08
1786371327.06,4693.02,10843705.57,583.98,291.99
1786371329.08,4695.03,10844133.30,427.73,213.87
1786371331.34,4697.29,10844133.30,0.00,0.00
1786371333.36,4699.31,10844133.30,0.00,0.00
1786371335.40,4701.35,10844663.09,529.79,264.89
1786371337.41,4703.37,10844663.09,0.00,0.00
1786371339.43,4705.38,10844799.32,136.23,68.12
1786371341.56,4707.52,10844799.32,0.00,0.00
1786371343.58,4709.53,10844799.80,0.49,0.24
1786371345.60,4711.56,10844937.50,137.70,68.85
1786371347.62,4713.57,10845291.50,354.00,177.00
1786371349.63,4715.59,10845291.99,0.49,0.24
1786371351.65,4717.60,10845657.23,365.23,182.62
1786371353.66,4719.62,10845657.23,0.00,0.00
1786371355.68,4721.63,10846054.20,396.97,198.49
1786371357.69,4723.65,10846483.40,429.20,214.60
1786371359.71,4725.66,10846483.40,0.00,0.00
1786371361.72,4727.68,10846483.40,0.00,0.00
1786371363.74,4729.69,10846483.89,0.49,0.24
1786371365.76,4731.71,10846944.82,460.94,230.47
1786371367.77,4733.73,10847306.64,361.82,180.91
1786371369.79,4735.74,10847306.64,0.00,0.00
1786371371.80,4737.76,10847306.64,0.00,0.00
1786371373.82,4739.77,10847306.64,0.00,0.00
1786371375.83,4741.78,10848025.88,719.24,359.62
1786371377.84,4743.80,10848165.53,139.65,69.82
1786371379.86,4745.81,10848165.53,0.00,0.00
1786371381.87,4747.82,10848165.53,0.00,0.00
1786371383.88,4749.84,10848166.02,0.49,0.24
1786371385.90,4751.85,10848680.18,514.16,257.08
1786371387.91,4753.87,10849166.50,486.33,243.16
1786371389.93,4755.88,10849166.50,0.00,0.00
1786371391.94,4757.90,10849166.50,0.00,0.00
1786371393.96,4759.91,10849166.50,0.00,0.00
1786371395.97,4761.93,10849617.68,451.17,225.59
1786371397.99,4763.94,10850090.82,473.14,236.57
1786371400.00,4765.96,10850090.82,0.00,0.00
1786371402.18,4768.14,10850090.82,0.00,0.00
1786371404.24,4770.19,10850091.31,0.49,0.24
1786371406.26,4772.21,10850613.77,522.46,261.23
1786371408.27,4774.22,10851028.81,415.04,207.52
1786371410.28,4776.24,10851028.81,0.00,0.00
1786371412.30,4778.25,10851028.81,0.00,0.00
1786371414.39,4780.34,10851028.81,0.00,0.00
1786371416.41,4782.36,10851567.87,539.06,269.53
1786371418.42,4784.37,10852010.74,442.87,221.44
1786371420.43,4786.39,10852010.74,0.00,0.00
1786371422.45,4788.40,10852010.74,0.00,0.00
1786371424.51,4790.46,10852011.23,0.49,0.24
1786371426.52,4792.48,10852532.71,521.48,260.74
1786371428.54,4794.49,10853008.30,475.59,237.79
1786371430.55,4796.51,10853008.30,0.00,0.00
1786371432.57,4798.52,10853008.30,0.00,0.00
1786371434.70,4800.65,10853008.30,0.00,0.00
1786371436.72,4802.67,10853289.06,280.76,140.38
1786371438.73,4804.69,10853707.03,417.97,208.98
1786371440.75,4806.70,10853707.03,0.00,0.00
1786371442.76,4808.72,10853707.03,0.00,0.00
1786371444.78,4810.73,10853707.52,0.49,0.24
1786371446.80,4812.75,10853973.63,266.11,133.06
1786371448.81,4814.77,10853973.63,0.00,0.00
1786371450.82,4816.78,10853973.63,0.00,0.00
1786371452.85,4818.80,10853973.63,0.00,0.00
1786371454.86,4820.82,10853973.63,0.00,0.00
1786371456.89,4822.85,10854044.43,70.80,35.40
1786371458.91,4824.86,10854532.71,488.28,244.14
1786371460.93,4826.88,10854532.71,0.00,0.00
1786371462.94,4828.89,10854532.71,0.00,0.00
1786371464.99,4830.95,10854533.20,0.49,0.24
1786371467.01,4832.96,10854736.82,203.61,101.81
1786371469.02,4834.98,10855145.51,408.69,204.35
1786371471.04,4836.99,10855145.51,0.00,0.00
1786371473.05,4839.01,10855145.51,0.00,0.00
1786371475.07,4841.02,10855145.51,0.00,0.00
1786371477.08,4843.03,10855489.26,343.75,171.88
1786371479.09,4845.05,10855957.52,468.26,234.13
1786371481.11,4847.06,10855957.52,0.00,0.00
1786371483.12,4849.08,10855957.52,0.00,0.00
1786371485.14,4851.09,10855957.52,0.00,0.00
1786371487.16,4853.11,10856090.33,132.81,66.41
1786371489.17,4855.12,10856567.87,477.54,238.77
1786371491.19,4857.14,10856567.87,0.00,0.00
1786371493.20,4859.16,10856567.87,0.00,0.00
1786371495.21,4861.17,10856582.03,14.16,7.08
1786371497.23,4863.18,10856911.13,329.10,164.55
1786371499.24,4865.19,10857879.39,968.26,484.13
1786371501.26,4867.21,10857879.39,0.00,0.00
1786371503.27,4869.22,10858208.01,328.61,164.31
1786371505.28,4871.24,10858407.71,199.71,99.85
1786371507.29,4873.25,10858428.22,20.51,10.25
1786371509.31,4875.26,10858629.39,201.17,100.59
1786371511.32,4877.28,10858629.39,0.00,0.00
1786371513.34,4879.30,10858801.27,171.88,85.94
1786371515.36,4881.31,10859044.43,243.16,121.58
1786371517.37,4883.32,10859102.54,58.11,29.05
1786371519.39,4885.34,10859428.71,326.17,163.09
1786371521.40,4887.35,10859743.65,314.94,157.47
1786371523.42,4889.37,10859744.14,0.49,0.24
1786371525.43,4891.38,10860046.88,302.73,151.37
1786371527.44,4893.40,10860155.76,108.89,54.44
1786371529.46,4895.41,10860248.05,92.29,46.14
1786371531.47,4897.42,10860553.71,305.66,152.83
1786371533.50,4899.45,10860557.13,3.42,1.71
1786371535.67,4901.63,10860557.13,0.00,0.00
1786371537.69,4903.64,10860702.64,145.51,72.75
1786371539.70,4905.66,10861404.30,701.66,350.83
1786371541.72,4907.67,10861404.30,0.00,0.00
1786371543.73,4909.68,10861404.30,0.00,0.00
1786371545.75,4911.70,10861704.59,300.29,150.15
1786371547.76,4913.71,10861804.69,100.10,50.05
1786371549.77,4915.73,10861913.57,108.89,54.44
1786371551.79,4917.74,10861913.57,0.00,0.00
1786371553.81,4919.76,10861914.06,0.49,0.24
1786371555.86,4921.82,10862450.68,536.62,268.31
1786371557.87,4923.83,10862514.16,63.48,31.74
1786371559.89,4925.84,10863109.38,595.21,297.61
1786371561.90,4927.86,10863109.38,0.00,0.00
1786371563.92,4929.87,10863109.38,0.00,0.00
1786371565.96,4931.92,10863423.83,314.45,157.23
1786371567.98,4933.93,10863423.83,0.00,0.00
1786371569.99,4935.95,10863423.83,0.00,0.00
1786371572.10,4938.05,10863423.83,0.00,0.00
1786371574.22,4940.18,10863423.83,0.00,0.00
1786371576.27,4942.23,10863567.87,144.04,72.02
1786371578.29,4944.24,10864434.57,866.70,433.35
1786371580.30,4946.25,10864434.57,0.00,0.00
1786371582.31,4948.27,10864434.57,0.00,0.00
1786371584.36,4950.31,10864435.06,0.49,0.24
1786371586.37,4952.33,10864900.88,465.82,232.91
1786371588.39,4954.34,10865797.85,896.97,448.49
1786371590.40,4956.36,10865797.85,0.00,0.00
1786371592.42,4958.37,10865797.85,0.00,0.00
1786371594.46,4960.41,10865797.85,0.00,0.00
1786371596.48,4962.43,10866501.46,703.61,351.81
1786371598.49,4964.44,10866748.05,246.58,123.29
1786371600.50,4966.46,10866748.05,0.00,0.00
1786371602.52,4968.47,10866748.05,0.00,0.00
1786371604.55,4970.50,10866748.05,0.00,0.00
1786371606.56,4972.52,10867159.18,411.13,205.57
1786371608.58,4974.53,10867656.74,497.56,248.78
1786371610.59,4976.54,10867656.74,0.00,0.00
1786371612.60,4978.56,10867656.74,0.00,0.00
1786371614.63,4980.58,10867656.74,0.00,0.00
1786371616.64,4982.60,10867978.52,321.78,160.89
1786371618.66,4984.61,10868375.98,397.46,198.73
1786371620.67,4986.63,10868376.46,0.49,0.24
1786371622.69,4988.64,10868376.46,0.00,0.00
1786371624.70,4990.66,10869061.52,685.06,342.53
1786371626.72,4992.67,10869566.89,505.37,252.69
1786371628.74,4994.69,10869583.01,16.11,8.06
1786371630.75,4996.71,10869654.30,71.29,35.64
1786371632.77,4998.72,10869654.30,0.00,0.00
1786371634.79,5000.74,10869654.30,0.00,0.00
1786371636.80,5002.76,10870050.29,396.00,198.00
1786371638.81,5004.77,10870181.64,131.35,65.67
1786371641.15,5007.11,10870181.64,0.00,0.00
1786371643.17,5009.12,10870181.64,0.00,0.00
1786371645.20,5011.15,10870182.13,0.49,0.24
1786371647.21,5013.16,10870502.93,320.80,160.40
1786371649.22,5015.18,10870914.55,411.62,205.81
1786371651.24,5017.19,10870914.55,0.00,0.00
1786371653.25,5019.21,10870914.55,0.00,0.00
1786371655.28,5021.23,10870914.55,0.00,0.00
1786371657.29,5023.25,10871181.15,266.60,133.30
1786371659.31,5025.26,10871913.09,731.93,365.97
1786371661.33,5027.28,10871913.09,0.00,0.00
1786371663.34,5029.29,10871913.09,0.00,0.00
1786371665.35,5031.31,10871913.09,0.00,0.00
1786371667.37,5033.32,10872051.27,138.18,69.09
1786371669.38,5035.34,10872832.03,780.76,390.38
1786371671.40,5037.35,10872832.03,0.00,0.00
1786371673.41,5039.36,10872832.03,0.00,0.00
1786371675.42,5041.38,10872832.52,0.49,0.24
1786371677.44,5043.39,10873478.52,646.00,323.00
1786371679.45,5045.40,10873755.86,277.34,138.67
1786371681.46,5047.42,10873755.86,0.00,0.00
1786371683.48,5049.43,10873755.86,0.00,0.00
1786371685.49,5051.44,10873776.86,21.00,10.50
1786371687.50,5053.45,10873958.98,182.13,91.06
1786371689.52,5055.47,10873958.98,0.00,0.00
1786371691.53,5057.48,10873958.98,0.00,0.00
1786371693.56,5059.51,10873958.98,0.00,0.00
1786371695.58,5061.53,10874125.98,166.99,83.50
1786371697.59,5063.54,10874164.06,38.09,19.04
1786371699.60,5065.56,10874294.43,130.37,65.19
1786371701.62,5067.57,10874294.43,0.00,0.00
1786371703.63,5069.58,10874294.92,0.49,0.24
1786371705.67,5071.62,10874569.82,274.90,137.45
1786371707.69,5073.64,10874926.76,356.93,178.47
1786371709.70,5075.65,10875763.67,836.91,418.46
1786371711.72,5077.67,10875763.67,0.00,0.00
1786371713.73,5079.69,10875764.16,0.49,0.24
1786371715.75,5081.70,10875900.88,136.72,68.36
1786371717.76,5083.72,10876198.24,297.36,148.68
1786371719.77,5085.73,10876264.16,65.92,32.96
1786371721.79,5087.74,10876264.16,0.00,0.00
1786371723.80,5089.75,10876264.16,0.00,0.00
1786371725.81,5091.77,10876437.01,172.85,86.43
1786371727.83,5093.78,10876892.58,455.57,227.78
1786371729.84,5095.79,10876922.85,30.27,15.14
1786371731.85,5097.81,10876922.85,0.00,0.00
1786371733.87,5099.82,10876923.34,0.49,0.24
1786371735.89,5101.84,10877200.20,276.86,138.43
1786371737.90,5103.85,10877610.35,410.16,205.08
1786371739.91,5105.87,10878304.20,693.85,346.92
1786371741.93,5107.88,10878304.20,0.00,0.00
1786371743.95,5109.90,10878304.69,0.49,0.24
1786371745.96,5111.92,10878448.24,143.55,71.78
1786371747.97,5113.93,10879106.93,658.69,329.35
1786371749.99,5115.94,10879170.41,63.48,31.74
1786371752.01,5117.96,10879170.90,0.49,0.24
1786371754.03,5119.98,10879170.90,0.00,0.00
1786371756.04,5122.00,10879377.93,207.03,103.52
1786371758.06,5124.01,10880225.10,847.17,423.58
1786371760.07,5126.03,10880239.75,14.65,7.32
1786371762.08,5128.04,10880239.75,0.00,0.00
1786371764.09,5130.05,10880240.23,0.49,0.24
1786371766.11,5132.06,10880444.82,204.59,102.29
1786371768.12,5134.07,10881205.57,760.74,380.37
1786371770.13,5136.09,10881205.57,0.00,0.00
1786371772.24,5138.19,10881205.57,0.00,0.00
1786371774.35,5140.30,10881206.05,0.49,0.24
1786371776.36,5142.32,10881881.35,675.29,337.65
1786371778.38,5144.33,10882268.55,387.21,193.60
1786371780.39,5146.34,10882268.55,0.00,0.00
1786371782.40,5148.36,10882268.55,0.00,0.00
1786371784.48,5150.43,10882268.55,0.00,0.00
1786371786.49,5152.44,10882502.93,234.38,117.19
1786371788.51,5154.46,10883211.91,708.98,354.49
1786371790.52,5156.47,10883211.91,0.00,0.00
1786371792.53,5158.48,10883211.91,0.00,0.00
1786371794.56,5160.51,10883212.40,0.49,0.24
1786371796.57,5162.53,10883378.42,166.02,83.01
1786371798.59,5164.55,10884112.30,733.89,366.94
1786371800.61,5166.56,10884112.30,0.00,0.00
1786371802.63,5168.58,10884622.56,510.25,255.13
1786371804.64,5170.60,10884623.05,0.49,0.24
1786371806.66,5172.61,10884922.85,299.80,149.90
1786371808.67,5174.63,10884923.34,0.49,0.24
1786371810.72,5176.67,10884923.34,0.00,0.00
1786371812.75,5178.70,10885191.41,268.07,134.03
1786371814.76,5180.72,10885191.41,0.00,0.00
1786371816.78,5182.73,10885332.03,140.62,70.31
1786371818.79,5184.74,10885470.21,138.18,69.09
1786371820.80,5186.76,10885709.47,239.26,119.63
1786371822.82,5188.77,10885709.47,0.00,0.00
1786371824.83,5190.79,10885709.96,0.49,0.24
1786371826.85,5192.80,10885849.12,139.16,69.58
1786371828.87,5194.82,10886654.79,805.66,402.83
1786371830.88,5196.84,10886812.99,158.20,79.10
1786371832.90,5198.85,10886816.41,3.42,1.71
1786371834.91,5200.86,10886816.41,0.00,0.00
1786371836.92,5202.87,10887059.08,242.68,121.34
1786371838.94,5204.89,10887330.57,271.48,135.74
1786371840.95,5206.90,10887515.62,185.06,92.53
1786371842.97,5208.92,10887515.62,0.00,0.00
1786371844.98,5210.93,10887672.85,157.23,78.61
1786371846.99,5212.94,10887684.08,11.23,5.62
1786371849.00,5214.96,10888486.33,802.25,401.12
1786371851.02,5216.97,10888762.70,276.37,138.18
1786371853.03,5218.98,10888762.70,0.00,0.00
1786371855.13,5221.09,10889119.63,356.93,178.47
1786371857.15,5223.10,10889143.07,23.44,11.72
1786371859.17,5225.12,10889453.12,310.06,155.03
1786371861.18,5227.14,10889743.16,290.04,145.02
1786371863.20,5229.15,10889743.16,0.00,0.00
1786371865.26,5231.22,10890377.44,634.28,317.14
1786371867.29,5233.24,10890391.60,14.16,7.08
1786371869.30,5235.26,10890746.58,354.98,177.49
1786371871.32,5237.27,10891201.17,454.59,227.29
1786371873.33,5239.29,10891201.17,0.00,0.00
1786371875.38,5241.34,10891593.26,392.09,196.04
1786371877.40,5243.35,10892064.94,471.68,235.84
1786371879.41,5245.36,10892086.91,21.97,10.99
1786371881.42,5247.38,10892599.61,512.70,256.35
1786371883.44,5249.39,10892600.10,0.49,0.24
1786371885.45,5251.41,10892600.10,0.00,0.00
1786371887.48,5253.43,10892771.97,171.88,85.94
1786371889.49,5255.44,10893221.19,449.22,224.61
1786371891.50,5257.46,10893221.19,0.00,0.00
1786371893.52,5259.47,10893221.19,0.00,0.00
1786371895.54,5261.49,10893221.19,0.00,0.00
1786371897.55,5263.51,10893703.12,481.93,240.97
1786371899.57,5265.52,10893953.12,250.00,125.00
1786371901.59,5267.54,10893953.12,0.00,0.00
1786371903.60,5269.55,10893953.12,0.00,0.00
1786371905.63,5271.58,10893953.12,0.00,0.00
1786371907.64,5273.59,10894187.99,234.86,117.43
1786371909.65,5275.61,10894568.85,380.86,190.43
1786371911.67,5277.62,10894568.85,0.00,0.00
1786371913.68,5279.64,10894568.85,0.00,0.00
1786371915.71,5281.66,10894569.34,0.49,0.24
1786371917.72,5283.67,10895063.96,494.63,247.31
1786371919.74,5285.69,10895550.78,486.82,243.41
1786371921.75,5287.70,10895551.27,0.49,0.24
1786371923.76,5289.71,10895551.27,0.00,0.00
1786371925.78,5291.74,10895669.43,118.16,59.08
1786371927.80,5293.75,10895873.05,203.61,101.81
1786371929.81,5295.76,10896008.30,135.25,67.63
1786371931.82,5297.78,10896008.30,0.00,0.00
1786371933.83,5299.79,10896008.30,0.00,0.00
1786371935.85,5301.80,10896810.06,801.76,400.88
1786371937.87,5303.82,10896810.55,0.49,0.24
1786371939.88,5305.83,10897604.49,793.95,396.97
1786371941.89,5307.85,10897604.98,0.49,0.24
1786371943.98,5309.93,10897604.98,0.00,0.00
1786371946.06,5312.01,10897872.07,267.09,133.54
1786371948.07,5314.02,10898131.84,259.77,129.88
1786371950.08,5316.04,10898169.92,38.09,19.04
1786371952.16,5318.12,10898169.92,0.00,0.00
1786371954.18,5320.13,10898169.92,0.00,0.00
1786371956.30,5322.25,10898975.10,805.18,402.59
1786371958.31,5324.26,10898992.19,17.09,8.54
1786371960.32,5326.28,10899125.98,133.79,66.89
1786371962.34,5328.29,10899125.98,0.00,0.00
1786371964.36,5330.31,10899125.98,0.00,0.00
1786371966.38,5332.33,10899937.99,812.01,406.01
1786371968.39,5334.34,10900140.14,202.15,101.07
1786371970.41,5336.36,10900140.14,0.00,0.00
1786371972.42,5338.37,10900140.14,0.00,0.00
1786371974.45,5340.40,10900140.62,0.49,0.24
1786371976.46,5342.41,10900679.20,538.57,269.29
1786371978.48,5344.43,10901427.25,748.05,374.02
1786371980.49,5346.45,10901427.25,0.00,0.00
1786371982.51,5348.46,10901427.73,0.49,0.24
1786371984.53,5350.48,10901427.73,0.00,0.00
1786371986.55,5352.50,10902190.92,763.18,381.59
1786371988.56,5354.51,10902577.15,386.23,193.12
1786371990.57,5356.53,10902577.64,0.49,0.24
1786371992.59,5358.54,10902577.64,0.00,0.00
1786371994.61,5360.56,10902577.64,0.00,0.00
1786371996.62,5362.57,10903423.34,845.70,422.85
1786371998.64,5364.59,10903658.20,234.86,117.43
1786372000.65,5366.60,10903658.69,0.49,0.24
1786372002.66,5368.62,10903658.69,0.00,0.00
1786372004.69,5370.64,10903658.69,0.00,0.00
1786372006.71,5372.66,10904325.68,666.99,333.50
1786372008.73,5374.68,10904749.02,423.34,211.67
1786372010.74,5376.69,10904749.02,0.00,0.00
1786372012.76,5378.71,10904749.51,0.49,0.24
1786372014.78,5380.73,10904749.51,0.00,0.00
1786372016.80,5382.75,10905130.86,381.35,190.67
1786372018.82,5384.77,10905972.66,841.80,420.90
1786372020.84,5386.79,10905972.66,0.00,0.00
1786372022.85,5388.81,10905972.66,0.00,0.00
1786372024.88,5390.83,10905972.66,0.00,0.00
1786372026.89,5392.85,10906243.65,271.00,135.50
1786372028.91,5394.86,10906380.37,136.72,68.36
1786372030.92,5396.88,10906380.37,0.00,0.00
1786372032.94,5398.89,10906380.37,0.00,0.00
1786372034.95,5400.91,10906380.86,0.49,0.24
1786372036.97,5402.92,10907034.18,653.32,326.66
1786372038.98,5404.94,10907365.72,331.54,165.77
1786372041.00,5406.95,10907365.72,0.00,0.00
1786372043.02,5408.97,10907365.72,0.00,0.00
1786372045.03,5410.99,10907365.72,0.00,0.00
1786372047.05,5413.00,10907470.70,104.98,52.49
1786372049.06,5415.02,10907936.52,465.82,232.91
1786372051.08,5417.03,10907936.52,0.00,0.00
1786372053.09,5419.05,10907937.01,0.49,0.24
1786372055.11,5421.06,10907937.01,0.00,0.00
1786372057.12,5423.08,10908809.08,872.07,436.04
1786372059.14,5425.09,10909097.17,288.09,144.04
1786372061.15,5427.10,10909097.17,0.00,0.00
1786372063.17,5429.12,10909097.17,0.00,0.00
1786372065.19,5431.15,10909097.17,0.00,0.00
1786372067.21,5433.16,10909936.04,838.87,419.43
1786372069.22,5435.18,10910160.64,224.61,112.30
1786372071.24,5437.19,10910160.64,0.00,0.00
1786372073.25,5439.20,10910160.64,0.00,0.00
1786372075.28,5441.23,10910160.64,0.00,0.00
1786372077.29,5443.24,10910297.36,136.72,68.36
1786372079.30,5445.26,10910946.29,648.93,324.46
1786372081.32,5447.27,10910946.29,0.00,0.00
1786372083.33,5449.29,10910946.29,0.00,0.00
1786372085.36,5451.31,10910946.78,0.49,0.24
1786372087.38,5453.33,10911712.40,765.62,382.81
1786372089.39,5455.34,10912179.20,466.80,233.40
1786372091.41,5457.36,10912179.20,0.00,0.00
1786372093.42,5459.38,10912179.20,0.00,0.00
1786372095.44,5461.40,10912179.20,0.00,0.00
1786372097.46,5463.41,10912665.53,486.33,243.16
1786372099.48,5465.43,10913310.55,645.02,322.51
1786372101.49,5467.45,10913310.55,0.00,0.00
1786372103.51,5469.46,10913651.37,340.82,170.41
1786372105.52,5471.48,10913651.37,0.00,0.00
1786372107.54,5473.50,10913820.31,168.95,84.47
1786372109.56,5475.51,10914590.82,770.51,385.25
1786372111.57,5477.53,10914590.82,0.00,0.00
1786372113.59,5479.54,10915072.27,481.45,240.72
1786372115.61,5481.56,10915072.27,0.00,0.00
1786372117.62,5483.57,10915615.23,542.97,271.48
1786372119.63,5485.59,10916104.98,489.75,244.87
1786372121.65,5487.60,10916296.88,191.89,95.95
1786372123.67,5489.62,10916296.88,0.00,0.00
1786372125.68,5491.64,10916297.36,0.49,0.24
1786372127.70,5493.65,10916573.24,275.88,137.94
1786372129.71,5495.67,10917070.80,497.56,248.78
1786372131.73,5497.68,10917176.27,105.47,52.73
1786372133.74,5499.69,10917179.69,3.42,1.71
1786372135.75,5501.71,10917179.69,0.00,0.00
1786372137.77,5503.72,10917261.23,81.54,40.77
1786372139.78,5505.74,10917348.63,87.40,43.70
1786372141.80,5507.75,10917348.63,0.00,0.00
1786372143.81,5509.77,10917348.63,0.00,0.00
1786372145.83,5511.78,10917469.24,120.61,60.30
1786372147.84,5513.79,10917520.02,50.78,25.39
1786372149.85,5515.81,10917754.88,234.86,117.43
1786372151.87,5517.82,10917754.88,0.00,0.00
1786372153.89,5519.84,10917755.37,0.49,0.24
1786372155.98,5521.94,10918031.25,275.88,137.94
1786372158.34,5524.29,10918640.62,609.38,304.69
1786372160.54,5526.50,10918641.11,0.49,0.24
1786372162.56,5528.51,10918641.11,0.00,0.00
1786372164.59,5530.54,10918641.11,0.00,0.00
1786372166.61,5532.56,10918960.45,319.34,159.67
1786372168.62,5534.57,10919107.42,146.97,73.49
1786372170.63,5536.58,10919130.37,22.95,11.47
1786372172.64,5538.59,10919130.37,0.00,0.00
1786372174.67,5540.62,10919130.37,0.00,0.00
1786372176.69,5542.64,10919488.77,358.40,179.20
1786372178.70,5544.65,10920179.69,690.92,345.46
1786372180.72,5546.67,10920179.69,0.00,0.00
1786372182.73,5548.69,10920179.69,0.00,0.00
1786372184.76,5550.71,10920180.18,0.49,0.24
1786372186.77,5552.73,10921017.09,836.91,418.46
1786372188.79,5554.75,10921213.38,196.29,98.14
1786372190.81,5556.76,10921213.87,0.49,0.24
1786372192.83,5558.78,10921213.87,0.00,0.00
1786372194.85,5560.80,10922056.64,842.77,421.39
1786372196.87,5562.82,10922304.69,248.05,124.02
1786372198.88,5564.83,10922761.23,456.54,228.27
1786372200.90,5566.85,10922761.23,0.00,0.00
1786372202.91,5568.87,10922761.23,0.00,0.00
1786372204.94,5570.89,10923421.88,660.64,330.32
1786372206.95,5572.91,10923907.23,485.35,242.68
1786372208.97,5574.92,10924149.41,242.19,121.09
1786372210.98,5576.94,10924149.41,0.00,0.00
1786372213.00,5578.95,10924149.41,0.00,0.00
1786372215.03,5580.98,10924421.88,272.46,136.23
1786372217.04,5582.99,10924776.86,354.98,177.49
1786372219.05,5585.01,10924915.04,138.18,69.09
1786372221.07,5587.02,10924915.53,0.49,0.24
1786372223.18,5589.13,10924915.53,0.00,0.00
1786372225.21,5591.16,10925644.04,728.52,364.26
1786372227.22,5593.18,10926122.56,478.52,239.26
1786372229.24,5595.19,10926325.68,203.12,101.56
1786372231.25,5597.21,10926325.68,0.00,0.00
1786372233.26,5599.22,10926325.68,0.00,0.00
1786372235.34,5601.29,10926464.36,138.67,69.34
1786372237.36,5603.31,10926464.36,0.00,0.00
1786372239.37,5605.32,10926921.88,457.52,228.76
1786372241.38,5607.34,10926921.88,0.00,0.00
1786372243.40,5609.35,10926922.36,0.49,0.24
1786372245.41,5611.37,10927288.09,365.72,182.86
1786372247.43,5613.38,10928028.32,740.23,370.12
1786372249.44,5615.40,10928433.59,405.27,202.64
1786372251.46,5617.41,10928433.59,0.00,0.00
1786372253.47,5619.43,10928433.59,0.00,0.00
1786372255.50,5621.45,10929097.17,663.57,331.79
1786372257.51,5623.47,10929482.91,385.74,192.87
1786372259.53,5625.48,10929620.61,137.70,68.85
1786372261.55,5627.50,10929620.61,0.00,0.00
1786372263.56,5629.52,10929620.61,0.00,0.00
1786372265.59,5631.54,10930178.22,557.62,278.81
1786372267.60,5633.56,10930657.71,479.49,239.75
1786372269.62,5635.58,10931084.47,426.76,213.38
1786372271.64,5637.59,10931084.47,0.00,0.00
1786372273.66,5639.61,10931084.47,0.00,0.00
1786372275.67,5641.63,10931574.71,490.23,245.12
1786372277.69,5643.65,10932037.11,462.40,231.20
1786372279.71,5645.67,10932363.28,326.17,163.09
1786372281.73,5647.69,10932363.28,0.00,0.00
1786372283.75,5649.70,10932363.28,0.00,0.00
1786372285.78,5651.73,10932608.89,245.61,122.80
1786372287.81,5653.76,10932744.63,135.74,67.87
1786372289.82,5655.77,10933211.43,466.80,233.40
1786372291.83,5657.79,10933211.43,0.00,0.00
1786372293.85,5659.80,10933211.43,0.00,0.00
1786372295.87,5661.82,10933447.75,236.33,118.16
1786372297.89,5663.84,10933895.02,447.27,223.63
1786372299.90,5665.86,10934376.46,481.45,240.72
1786372301.92,5667.87,10934376.46,0.00,0.00
1786372303.93,5669.88,10934376.46,0.00,0.00
1786372305.96,5671.91,10934917.48,541.02,270.51
1786372307.97,5673.92,10935329.10,411.62,205.81
1786372309.98,5675.94,10935773.93,444.82,222.41
1786372312.00,5677.95,10935773.93,0.00,0.00
1786372314.06,5680.02,10935853.03,79.10,39.55
1786372316.07,5682.03,10935882.81,29.79,14.89
1786372318.09,5684.04,10936635.25,752.44,376.22
1786372320.10,5686.05,10937082.52,447.27,223.63
1786372322.12,5688.07,10937082.52,0.00,0.00
1786372324.24,5690.19,10937222.17,139.65,69.82
1786372326.36,5692.31,10937222.17,0.00,0.00
1786372328.38,5694.33,10937472.66,250.49,125.24
1786372330.40,5696.35,10937901.86,429.20,214.60
1786372332.41,5698.36,10937901.86,0.00,0.00
1786372334.43,5700.38,10937901.86,0.00,0.00
1786372336.45,5702.41,10938353.03,451.17,225.59
1786372338.47,5704.42,10938362.79,9.77,4.88
1786372340.48,5706.43,10938566.89,204.10,102.05
1786372342.50,5708.45,10938566.89,0.00,0.00
1786372344.61,5710.57,10939166.99,600.10,300.05
1786372346.63,5712.58,10939713.87,546.88,273.44
1786372348.65,5714.60,10939791.02,77.15,38.57
1786372350.66,5716.62,10940088.38,297.36,148.68
1786372352.68,5718.63,10940088.38,0.00,0.00
1786372354.71,5720.66,10940385.25,296.88,148.44
1786372356.72,5722.67,10941083.98,698.73,349.37
1786372358.73,5724.69,10941307.13,223.14,111.57
1786372360.74,5726.70,10941347.17,40.04,20.02
1786372362.76,5728.71,10941347.17,0.00,0.00
1786372364.78,5730.74,10941492.68,145.51,72.75
1786372366.80,5732.75,10941662.11,169.43,84.72
1786372368.81,5734.77,10942385.74,723.63,361.82
1786372370.83,5736.78,10942385.74,0.00,0.00
1786372372.84,5738.79,10942385.74,0.00,0.00
1786372374.86,5740.82,10942557.13,171.39,85.69
1786372376.88,5742.83,10943377.44,820.31,410.16
1786372379.11,5745.06,10943769.04,391.60,195.80
1786372381.12,5747.07,10943769.04,0.00,0.00
1786372383.14,5749.09,10943769.04,0.00,0.00
1786372385.15,5751.11,10944040.53,271.48,135.74
1786372387.17,5753.12,10944738.28,697.75,348.88
1786372389.18,5755.14,10945156.25,417.97,208.98
1786372391.20,5757.15,10945156.25,0.00,0.00
1786372393.22,5759.17,10945156.25,0.00,0.00
1786372395.24,5761.20,10945359.86,203.61,101.81
1786372397.26,5763.21,10945359.86,0.00,0.00
1786372399.27,5765.23,10945827.15,467.29,233.64
1786372401.29,5767.24,10945827.15,0.00,0.00
1786372403.31,5769.26,10946161.62,334.47,167.24
1786372405.32,5771.28,10946402.34,240.72,120.36
1786372407.34,5773.30,10946402.83,0.49,0.24
1786372409.36,5775.31,10947053.71,650.88,325.44
1786372411.37,5777.32,10947053.71,0.00,0.00
1786372413.39,5779.34,10947490.72,437.01,218.51
1786372415.40,5781.35,10947661.13,170.41,85.21
1786372417.44,5783.39,10947661.13,0.00,0.00
1786372419.45,5785.41,10947964.36,303.22,151.61
1786372421.47,5787.42,10948646.97,682.62,341.31
1786372423.48,5789.44,10948646.97,0.00,0.00
1786372425.50,5791.45,10948811.04,164.06,82.03
1786372427.51,5793.47,10949334.96,523.93,261.96
1786372429.53,5795.48,10949923.34,588.38,294.19
1786372431.54,5797.50,10950166.50,243.16,121.58
1786372433.56,5799.51,10950169.92,3.42,1.71
1786372435.75,5801.71,10950169.92,0.00,0.00
1786372437.77,5803.72,10950333.01,163.09,81.54
1786372439.78,5805.74,10950525.39,192.38,96.19
1786372441.80,5807.75,10950525.39,0.00,0.00
1786372443.81,5809.77,10950525.39,0.00,0.00
1786372445.84,5811.79,10950525.39,0.00,0.00
1786372447.85,5813.81,10950842.29,316.89,158.45
1786372449.87,5815.82,10951369.63,527.34,263.67
1786372451.89,5817.84,10951369.63,0.00,0.00
1786372453.90,5819.86,10951370.12,0.49,0.24
1786372455.92,5821.87,10951371.58,1.46,0.73
1786372457.93,5823.88,10951788.57,416.99,208.50
1786372459.94,5825.90,10952457.52,668.95,334.47
1786372461.96,5827.91,10952457.52,0.00,0.00
1786372463.97,5829.93,10952457.52,0.00,0.00
1786372466.10,5832.06,10952861.82,404.30,202.15
1786372468.12,5834.07,10952909.18,47.36,23.68
1786372470.13,5836.08,10953599.61,690.43,345.21
1786372472.14,5838.10,10953599.61,0.00,0.00
1786372474.24,5840.19,10953599.61,0.00,0.00
1786372476.26,5842.21,10953768.55,168.95,84.47
1786372478.36,5844.31,10954000.98,232.42,116.21
1786372480.37,5846.33,10954001.46,0.49,0.24
1786372482.39,5848.34,10954001.46,0.00,0.00
1786372484.41,5850.37,10954001.46,0.00,0.00
1786372486.65,5852.61,10954667.97,666.50,333.25
1786372488.66,5854.62,10954747.56,79.59,39.79
1786372490.68,5856.63,10955236.33,488.77,244.38
1786372492.69,5858.65,10955236.33,0.00,0.00
1786372494.71,5860.67,10955607.91,371.58,185.79
1786372496.73,5862.68,10956037.11,429.20,214.60
1786372498.74,5864.70,10956432.13,395.02,197.51
1786372500.75,5866.71,10956449.22,17.09,8.54
1786372502.77,5868.72,10956449.22,0.00,0.00
1786372504.80,5870.75,10956714.36,265.14,132.57
1786372506.81,5872.76,10957610.35,896.00,448.00
1786372508.82,5874.78,10957729.00,118.65,59.33
1786372510.84,5876.79,10957743.16,14.16,7.08
1786372512.85,5878.80,10957743.16,0.00,0.00
1786372514.87,5880.83,10958074.71,331.54,165.77
1786372516.89,5882.84,10958783.20,708.50,354.25
1786372518.90,5884.85,10959225.10,441.89,220.95
1786372521.23,5887.18,10959225.10,0.00,0.00
1786372523.28,5889.23,10959225.10,0.00,0.00
1786372525.30,5891.25,10959395.02,169.92,84.96
1786372527.31,5893.26,10959549.80,154.79,77.39
1786372529.33,5895.28,10959697.27,147.46,73.73
1786372531.35,5897.30,10959697.27,0.00,0.00
1786372533.36,5899.32,10959697.75,0.49,0.24
1786372535.38,5901.33,10960042.48,344.73,172.36
1786372537.39,5903.35,10960042.97,0.49,0.24
1786372539.41,5905.36,10960792.97,750.00,375.00
1786372541.42,5907.37,10960792.97,0.00,0.00
1786372543.44,5909.39,10960792.97,0.00,0.00
1786372545.45,5911.40,10960929.69,136.72,68.36
1786372547.47,5913.42,10961780.27,850.59,425.29
1786372549.48,5915.43,10962008.79,228.52,114.26
1786372551.50,5917.45,10962008.79,0.00,0.00
1786372553.51,5919.46,10962008.79,0.00,0.00
1786372555.54,5921.49,10962353.52,344.73,172.36
1786372557.55,5923.51,10963239.75,886.23,443.12
1786372559.57,5925.52,10963533.20,293.46,146.73
1786372561.58,5927.54,10963533.20,0.00,0.00
1786372563.60,5929.55,10963533.20,0.00,0.00
1786372565.63,5931.58,10963696.78,163.57,81.79
1786372567.65,5933.60,10964446.29,749.51,374.76
1786372569.66,5935.61,10964690.92,244.63,122.31
1786372571.68,5937.63,10964690.92,0.00,0.00
1786372573.69,5939.64,10964690.92,0.00,0.00
1786372575.72,5941.67,10965252.44,561.52,280.76
1786372577.73,5943.68,10965492.19,239.75,119.87
1786372579.75,5945.70,10965947.27,455.08,227.54
1786372581.76,5947.72,10965947.27,0.00,0.00
1786372583.78,5949.73,10965947.27,0.00,0.00
1786372585.79,5951.75,10966151.86,204.59,102.29
1786372587.81,5953.76,10966658.20,506.35,253.17
1786372589.82,5955.77,10966893.55,235.35,117.68
1786372591.84,5957.79,10966893.55,0.00,0.00
1786372593.85,5959.81,10966893.55,0.00,0.00
1786372595.87,5961.82,10967062.99,169.43,84.72
1786372597.89,5963.84,10967872.56,809.57,404.79
1786372599.90,5965.85,10968344.73,472.17,236.08
1786372601.92,5967.87,10968344.73,0.00,0.00
1786372603.93,5969.88,10968344.73,0.00,0.00
1786372605.94,5971.90,10968479.49,134.77,67.38
1786372607.96,5973.91,10969224.12,744.63,372.31
1786372609.97,5975.93,10969674.80,450.68,225.34
1786372611.99,5977.94,10969674.80,0.00,0.00
1786372614.00,5979.95,10969674.80,0.00,0.00
1786372616.03,5981.98,10969954.10,279.30,139.65
1786372618.04,5983.99,10970281.74,327.64,163.82
1786372620.06,5986.01,10970697.27,415.53,207.76
1786372622.11,5988.06,10970697.27,0.00,0.00
1786372624.12,5990.07,10970847.17,149.90,74.95
1786372626.13,5992.08,10970901.37,54.20,27.10
1786372628.14,5994.09,10971396.97,495.61,247.80
1786372630.16,5996.11,10972078.61,681.64,340.82
1786372632.17,5998.12,10972078.61,0.00,0.00
1786372634.24,6000.19,10972078.61,0.00,0.00
1786372636.25,6002.21,10972078.61,0.00,0.00
1786372638.27,6004.22,10972164.55,85.94,42.97
1786372640.28,6006.24,10972655.27,490.72,245.36
1786372642.30,6008.25,10972655.27,0.00,0.00
1786372644.36,6010.31,10973123.05,467.77,233.89
1786372646.37,6012.32,10973275.39,152.34,76.17
1786372648.39,6014.34,10973289.55,14.16,7.08
1786372650.40,6016.36,10973944.34,654.79,327.39
1786372652.42,6018.37,10973944.34,0.00,0.00
1786372654.48,6020.43,10974464.36,520.02,260.01
1786372656.49,6022.45,10974734.38,270.02,135.01
1786372658.50,6024.46,10974766.11,31.74,15.87
1786372660.52,6026.47,10975452.15,686.04,343.02
1786372662.54,6028.49,10975452.15,0.00,0.00
1786372664.60,6030.55,10975881.35,429.20,214.60
1786372666.62,6032.57,10976401.37,520.02,260.01
1786372668.63,6034.58,10976413.57,12.21,6.10
1786372670.64,6036.60,10977260.25,846.68,423.34
1786372672.66,6038.62,10977260.25,0.00,0.00
1786372674.70,6040.66,10977735.35,475.10,237.55
1786372676.72,6042.67,10977921.39,186.04,93.02
1786372678.73,6044.68,10978386.72,465.33,232.67
1786372680.74,6046.69,10978386.72,0.00,0.00
1786372682.75,6048.71,10978386.72,0.00,0.00
1786372684.78,6050.73,10978909.18,522.46,261.23
1786372686.79,6052.74,10979207.52,298.34,149.17
1786372688.81,6054.76,10979814.45,606.93,303.47
1786372690.82,6056.77,10979833.98,19.53,9.77
1786372692.83,6058.78,10979833.98,0.00,0.00
1786372694.84,6060.80,10980307.62,473.63,236.82
1786372696.86,6062.81,10980307.62,0.00,0.00
1786372698.88,6064.83,10980732.42,424.80,212.40
1786372700.89,6066.84,10980732.91,0.49,0.24
1786372702.91,6068.86,10980869.14,136.23,68.12
1786372704.92,6070.87,10981005.37,136.23,68.12
1786372706.93,6072.89,10981758.30,752.93,376.46
1786372708.95,6074.90,10981951.17,192.87,96.44
1786372710.97,6076.92,10981951.17,0.00,0.00
1786372712.98,6078.93,10982440.92,489.75,244.87
1786372715.00,6080.95,10982695.31,254.39,127.20
1786372717.01,6082.97,10983184.57,489.26,244.63
1786372719.03,6084.98,10983645.02,460.45,230.22
1786372721.04,6087.00,10983645.02,0.00,0.00
1786372723.06,6089.01,10984101.56,456.54,228.27
1786372725.07,6091.03,10984290.04,188.48,94.24
1786372727.09,6093.04,10984470.70,180.66,90.33
1786372729.10,6095.05,10984952.15,481.45,240.72
1786372731.12,6097.07,10984952.15,0.00,0.00
1786372733.13,6099.08,10985589.84,637.70,318.85
1786372735.15,6101.10,10985593.26,3.42,1.71
1786372737.16,6103.11,10985593.26,0.00,0.00
1786372739.18,6105.13,10985686.04,92.77,46.39
1786372741.20,6107.15,10985825.68,139.65,69.82
1786372743.21,6109.17,10985825.68,0.00,0.00
1786372745.23,6111.18,10985959.47,133.79,66.89
1786372747.24,6113.19,10986094.24,134.77,67.38
1786372749.61,6115.56,10986591.31,497.07,248.54
1786372751.62,6117.57,10986628.42,37.11,18.55
1786372753.63,6119.59,10986628.91,0.49,0.24
1786372755.65,6121.60,10986997.07,368.16,184.08
1786372757.66,6123.62,10987312.99,315.92,157.96
1786372759.68,6125.63,10987530.27,217.29,108.64
1786372761.69,6127.65,10987530.76,0.49,0.24
1786372763.71,6129.66,10987530.76,0.00,0.00
1786372765.72,6131.68,10987802.25,271.48,135.74
1786372767.74,6133.69,10987802.25,0.00,0.00
1786372769.75,6135.71,10988564.45,762.21,381.10
1786372771.77,6137.72,10988564.45,0.00,0.00
1786372773.78,6139.74,10988564.45,0.00,0.00
1786372775.80,6141.75,10988675.29,110.84,55.42
1786372777.81,6143.76,10988953.12,277.83,138.92
1786372779.83,6145.78,10989571.78,618.65,309.33
1786372781.84,6147.80,10989571.78,0.00,0.00
1786372783.86,6149.82,10989571.78,0.00,0.00
1786372785.88,6151.83,10989885.74,313.96,156.98
1786372787.89,6153.85,10990340.33,454.59,227.29
1786372789.91,6155.86,10990573.24,232.91,116.46
1786372791.93,6157.88,10990573.24,0.00,0.00
1786372793.94,6159.89,10990573.24,0.00,0.00
1786372795.97,6161.92,10990899.41,326.17,163.09
1786372797.98,6163.94,10991394.04,494.63,247.31
1786372800.00,6165.95,10991807.13,413.09,206.54
1786372802.06,6168.01,10991807.13,0.00,0.00
1786372804.07,6170.02,10991901.86,94.73,47.36
1786372806.32,6172.27,10991901.86,0.00,0.00
1786372808.34,6174.29,10991977.05,75.20,37.60
1786372810.35,6176.30,10992492.68,515.62,257.81
1786372812.37,6178.32,10992492.68,0.00,0.00
1786372814.48,6180.43,10993080.08,587.40,293.70
1786372816.49,6182.45,10993351.56,271.48,135.74
1786372818.50,6184.46,10993363.28,11.72,5.86
1786372820.52,6186.47,10993678.22,314.94,157.47
1786372822.54,6188.49,10993678.71,0.49,0.24
1786372824.60,6190.56,10994298.34,619.63,309.81
1786372826.62,6192.57,10994737.79,439.45,219.73
1786372828.63,6194.58,10994748.54,10.74,5.37
1786372830.64,6196.60,10994946.29,197.75,98.88
1786372832.66,6198.61,10994946.29,0.00,0.00
1786372834.68,6200.63,10994946.29,0.00,0.00
1786372836.70,6202.65,10995282.71,336.43,168.21
1786372838.71,6204.67,10995282.71,0.00,0.00
1786372840.73,6206.68,10995600.59,317.87,158.94
1786372842.74,6208.70,10995601.07,0.49,0.24
1786372844.76,6210.71,10996302.25,701.17,350.59
1786372846.78,6212.73,10996669.92,367.68,183.84
1786372848.79,6214.74,10997105.47,435.55,217.77
1786372851.10,6217.05,10997105.47,0.00,0.00
1786372853.12,6219.07,10997105.47,0.00,0.00
1786372855.14,6221.09,10997344.73,239.26,119.63
1786372857.15,6223.10,10997578.61,233.89,116.94
1786372859.17,6225.12,10998265.62,687.01,343.51
1786372861.18,6227.14,10998265.62,0.00,0.00
1786372863.20,6229.15,10998265.62,0.00,0.00
1786372865.22,6231.17,10998946.78,681.15,340.58
1786372867.24,6233.19,10999399.41,452.64,226.32
1786372869.25,6235.21,10999875.49,476.07,238.04
1786372871.27,6237.22,10999875.49,0.00,0.00
1786372873.29,6239.24,10999875.49,0.00,0.00
1786372875.31,6241.26,11000275.88,400.39,200.20
1786372877.32,6243.28,11001061.52,785.64,392.82
1786372879.34,6245.29,11001520.02,458.50,229.25
1786372881.35,6247.30,11001520.02,0.00,0.00
1786372883.36,6249.32,11001520.02,0.00,0.00
1786372885.39,6251.34,11002294.92,774.90,387.45
1786372887.40,6253.36,11002785.16,490.23,245.12
1786372889.42,6255.37,11003021.97,236.82,118.41
1786372891.43,6257.38,11003021.97,0.00,0.00
1786372893.44,6259.39,11003021.97,0.00,0.00
1786372895.47,6261.42,11003717.29,695.31,347.66
1786372897.48,6263.44,11004108.89,391.60,195.80
1786372899.50,6265.45,11004576.17,467.29,233.64
1786372901.51,6267.46,11004576.17,0.00,0.00
1786372903.52,6269.48,11004576.17,0.00,0.00
1786372905.55,6271.51,11005288.09,711.91,355.96
1786372907.57,6273.52,11005805.66,517.58,258.79
1786372909.58,6275.53,11006269.04,463.38,231.69
1786372911.60,6277.55,11006269.04,0.00,0.00
1786372913.62,6279.57,11006269.04,0.00,0.00
1786372915.64,6281.59,11006817.87,548.83,274.41
1786372917.66,6283.61,11006948.73,130.86,65.43
1786372919.67,6285.62,11007473.63,524.90,262.45
1786372921.69,6287.64,11007473.63,0.00,0.00
1786372923.70,6289.66,11007473.63,0.00,0.00
1786372925.72,6291.68,11008100.10,626.46,313.23
1786372927.74,6293.69,11008235.35,135.25,67.63
1786372929.75,6295.70,11008988.77,753.42,376.71
1786372931.76,6297.72,11008988.77,0.00,0.00
1786372933.78,6299.74,11008988.77,0.00,0.00
1786372935.80,6301.76,11008989.26,0.49,0.24
1786372937.82,6303.77,11009254.88,265.62,132.81
1786372939.83,6305.78,11010030.27,775.39,387.70
1786372941.85,6307.80,11010030.27,0.00,0.00
1786372943.86,6309.81,11010030.27,0.00,0.00
1786372945.88,6311.84,11010447.75,417.48,208.74
1786372947.90,6313.85,11010966.31,518.55,259.28
1786372949.92,6315.87,11011382.32,416.02,208.01
1786372951.93,6317.89,11011382.32,0.00,0.00
1786372953.95,6319.90,11011382.32,0.00,0.00
1786372955.97,6321.92,11011865.72,483.40,241.70
1786372957.98,6323.94,11012326.17,460.45,230.22
1786372960.00,6325.95,11012715.82,389.65,194.82
1786372962.01,6327.96,11012715.82,0.00,0.00
1786372964.19,6330.14,11013080.57,364.75,182.37
1786372966.20,6332.15,11013089.36,8.79,4.39
1786372968.21,6334.17,11013416.50,327.15,163.57
1786372970.23,6336.18,11014164.06,747.56,373.78
1786372972.24,6338.20,11014164.06,0.00,0.00
1786372974.36,6340.31,11014751.95,587.89,293.95
1786372976.37,6342.32,11014766.11,14.16,7.08
1786372978.38,6344.34,11014934.57,168.46,84.23
1786372980.40,6346.35,11015386.23,451.66,225.83
1786372982.41,6348.37,11015386.23,0.00,0.00
1786372984.49,6350.44,11015916.99,530.76,265.38
1786372986.50,6352.46,11016049.80,132.81,66.41
1786372988.52,6354.47,11016050.78,0.98,0.49
1786372990.53,6356.48,11016218.75,167.97,83.98
1786372992.54,6358.50,11016218.75,0.00,0.00
1786372994.61,6360.56,11017040.53,821.78,410.89
1786372996.63,6362.58,11017040.53,0.00,0.00
1786372998.64,6364.59,11017347.66,307.13,153.56
1786373000.65,6366.61,11017347.66,0.00,0.00
1786373002.67,6368.62,11017610.35,262.70,131.35
1786373004.69,6370.64,11018132.32,521.97,260.99
1786373006.70,6372.65,11018510.25,377.93,188.96
1786373008.71,6374.66,11018634.77,124.51,62.26
1786373010.72,6376.68,11019026.86,392.09,196.04
1786373012.74,6378.69,11019759.28,732.42,366.21
1786373014.75,6380.71,11019759.28,0.00,0.00
1786373016.77,6382.72,11020013.67,254.39,127.20
1786373018.78,6384.73,11020192.38,178.71,89.36
1786373020.79,6386.75,11020192.38,0.00,0.00
1786373022.81,6388.76,11020365.72,173.34,86.67
1786373024.83,6390.78,11020512.70,146.97,73.49
1786373026.84,6392.79,11020564.94,52.25,26.12
1786373028.86,6394.81,11020642.09,77.15,38.57
1786373030.88,6396.83,11020877.93,235.84,117.92
1786373032.89,6398.84,11021082.03,204.10,102.05
1786373034.91,6400.86,11021084.96,2.93,1.46
1786373036.92,6402.88,11021146.97,62.01,31.01
1786373038.94,6404.89,11021422.85,275.88,137.94
1786373040.95,6406.90,11021422.85,0.00,0.00
1786373042.97,6408.92,11021422.85,0.00,0.00
1786373044.99,6410.94,11021610.84,187.99,93.99
1786373047.01,6412.96,11021689.94,79.10,39.55
1786373049.05,6415.00,11021841.31,151.37,75.68
1786373051.06,6417.02,11021929.20,87.89,43.95
1786373053.08,6419.03,11021929.20,0.00,0.00
1786373055.10,6421.05,11022101.56,172.36,86.18
1786373057.11,6423.07,11022274.41,172.85,86.43
1786373059.13,6425.08,11022435.55,161.13,80.57
1786373061.21,6427.17,11022435.55,0.00,0.00
1786373063.23,6429.19,11022435.55,0.00,0.00
1786373065.26,6431.22,11023281.25,845.70,422.85
1786373067.28,6433.24,11023575.68,294.43,147.22
1786373069.30,6435.25,11023749.02,173.34,86.67
1786373071.32,6437.27,11023749.02,0.00,0.00
1786373073.34,6439.29,11023749.02,0.00,0.00
1786373075.36,6441.32,11024587.40,838.38,419.19
1786373077.38,6443.33,11024766.60,179.20,89.60
1786373079.39,6445.35,11025006.35,239.75,119.87
1786373081.41,6447.36,11025006.35,0.00,0.00
1786373083.43,6449.38,11025006.35,0.00,0.00
1786373085.45,6451.40,11025411.13,404.79,202.39
1786373087.46,6453.42,11025684.57,273.44,136.72
1786373089.48,6455.43,11026152.34,467.77,233.89
1786373091.50,6457.45,11026152.34,0.00,0.00
1786373093.51,6459.47,11026152.34,0.00,0.00
1786373095.53,6461.48,11026660.64,508.30,254.15
1786373097.54,6463.49,11026899.41,238.77,119.38
1786373099.55,6465.51,11027068.36,168.95,84.47
1786373101.57,6467.52,11027068.36,0.00,0.00
1786373103.58,6469.53,11027068.36,0.00,0.00
1786373105.61,6471.56,11027796.39,728.03,364.01
1786373107.62,6473.58,11028069.34,272.95,136.47
1786373109.64,6475.59,11028522.95,453.61,226.81
1786373111.65,6477.61,11028522.95,0.00,0.00
1786373113.67,6479.62,11028522.95,0.00,0.00
1786373115.69,6481.64,11029047.85,524.90,262.45
1786373117.71,6483.66,11029313.48,265.62,132.81
1786373119.72,6485.67,11029748.54,435.06,217.53
1786373121.73,6487.68,11029748.54,0.00,0.00
1786373123.75,6489.70,11029748.54,0.00,0.00
1786373125.76,6491.71,11029832.03,83.50,41.75
1786373127.78,6493.73,11030312.01,479.98,239.99
1786373129.79,6495.75,11030554.20,242.19,121.09
1786373131.81,6497.76,11030554.20,0.00,0.00
1786373133.82,6499.78,11030628.42,74.22,37.11
1786373135.84,6501.79,11031062.01,433.59,216.80
1786373137.86,6503.81,11031062.01,0.00,0.00
1786373139.87,6505.83,11031232.91,170.90,85.45
1786373141.89,6507.84,11031232.91,0.00,0.00
1786373143.90,6509.85,11031233.40,0.49,0.24
1786373145.91,6511.87,11031485.35,251.95,125.98
1786373147.93,6513.88,11031665.53,180.18,90.09
1786373149.95,6515.90,11032463.87,798.34,399.17
1786373151.96,6517.92,11032463.87,0.00,0.00
1786373153.98,6519.93,11032463.87,0.00,0.00
1786373155.99,6521.94,11032549.80,85.94,42.97
1786373158.01,6523.96,11032748.05,198.24,99.12
1786373160.02,6525.97,11033201.17,453.12,226.56
1786373162.15,6528.10,11033201.17,0.00,0.00
1786373164.24,6530.19,11033663.57,462.40,231.20
1786373166.25,6532.20,11033691.89,28.32,14.16
1786373168.26,6534.22,11034118.65,426.76,213.38
1786373170.28,6536.23,11034451.17,332.52,166.26
1786373172.30,6538.25,11034451.17,0.00,0.00
1786373174.36,6540.31,11034726.56,275.39,137.70
1786373176.38,6542.33,11034946.29,219.73,109.86
1786373178.40,6544.35,11035174.80,228.52,114.26
1786373180.41,6546.36,11035175.29,0.49,0.24
1786373182.43,6548.38,11035175.29,0.00,0.00
1786373184.49,6550.45,11035302.25,126.95,63.48
1786373186.51,6552.46,11035414.06,111.82,55.91
1786373188.53,6554.48,11035730.96,316.89,158.45
1786373190.54,6556.50,11035730.96,0.00,0.00
1786373192.56,6558.52,11035730.96,0.00,0.00
1786373194.60,6560.56,11035898.93,167.97,83.98
1786373196.61,6562.56,11035909.67,10.74,5.37
1786373198.63,6564.58,11036225.10,315.43,157.71
1786373200.65,6566.60,11036225.10,0.00,0.00
1786373202.66,6568.61,11036225.10,0.00,0.00
1786373204.70,6570.65,11036425.29,200.20,100.10
1786373206.75,6572.71,11036438.48,13.18,6.59
1786373208.77,6574.72,11036570.80,132.32,66.16
1786373210.78,6576.74,11036662.60,91.80,45.90
1786373212.80,6578.75,11036662.60,0.00,0.00
1786373214.81,6580.77,11036866.21,203.61,101.81
1786373216.83,6582.78,11036919.43,53.22,26.61
1786373218.84,6584.79,11037000.98,81.54,40.77
1786373220.86,6586.81,11037748.54,747.56,373.78
1786373222.88,6588.83,11037748.54,0.00,0.00
1786373224.89,6590.85,11038278.32,529.79,264.89
1786373226.90,6592.86,11038440.92,162.60,81.30
1786373229.03,6594.98,11038440.92,0.00,0.00
1786373231.04,6597.00,11038440.92,0.00,0.00
1786373233.07,6599.02,11038440.92,0.00,0.00
1786373235.08,6601.03,11038519.53,78.61,39.31
1786373237.09,6603.04,11038609.86,90.33,45.17
1786373239.11,6605.06,11039425.29,815.43,407.71
1786373241.12,6607.08,11039425.29,0.00,0.00
1786373243.14,6609.09,11039425.29,0.00,0.00
1786373245.23,6611.19,11039707.52,282.23,141.11
1786373247.24,6613.20,11039712.89,5.37,2.69
1786373249.26,6615.21,11039713.38,0.49,0.24
1786373251.28,6617.23,11039713.38,0.00,0.00
1786373253.29,6619.25,11039713.38,0.00,0.00
1786373255.58,6621.53,11040037.11,323.73,161.87
1786373257.59,6623.54,11040645.51,608.40,304.20
1786373259.60,6625.55,11040645.51,0.00,0.00
1786373261.62,6627.57,11040645.51,0.00,0.00
1786373263.63,6629.58,11040645.51,0.00,0.00
1786373265.65,6631.60,11040646.00,0.49,0.24
1786373267.71,6633.66,11041575.20,929.20,464.60
1786373269.72,6635.67,11042088.38,513.18,256.59
1786373271.74,6637.69,11042088.38,0.00,0.00
1786373273.75,6639.70,11042088.38,0.00,0.00
1786373275.76,6641.72,11042355.96,267.58,133.79
1786373277.78,6643.73,11042795.90,439.94,219.97
1786373279.79,6645.75,11043432.13,636.23,318.12
1786373281.83,6647.78,11043432.13,0.00,0.00
1786373283.84,6649.79,11043432.13,0.00,0.00
1786373285.86,6651.81,11043495.61,63.48,31.74
1786373287.87,6653.83,11043951.17,455.57,227.78
1786373289.89,6655.84,11044135.74,184.57,92.29
1786373291.90,6657.85,11044135.74,0.00,0.00
1786373293.92,6659.87,11044135.74,0.00,0.00
1786373295.93,6661.89,11044630.86,495.12,247.56
1786373297.95,6663.90,11044884.77,253.91,126.95
1786373299.97,6665.92,11044889.16,4.39,2.20
1786373301.99,6667.94,11044889.16,0.00,0.00
1786373304.00,6669.96,11045311.52,422.36,211.18
1786373306.02,6671.97,11045740.72,429.20,214.60
1786373308.04,6673.99,11046188.48,447.75,223.88
1786373310.05,6676.01,11046484.38,295.90,147.95
1786373312.25,6678.20,11046918.46,434.08,217.04
1786373314.26,6680.22,11046948.73,30.27,15.14
1786373316.28,6682.23,11047195.31,246.58,123.29
1786373318.29,6684.24,11047413.57,218.26,109.13
1786373320.31,6686.26,11047814.45,400.88,200.44
1786373322.32,6688.27,11048094.73,280.27,140.14
1786373324.33,6690.29,11048575.20,480.47,240.23
1786373326.35,6692.30,11048575.68,0.49,0.24
1786373328.36,6694.32,11048656.25,80.57,40.28
1786373330.38,6696.33,11049127.44,471.19,235.60
1786373332.39,6698.34,11049369.14,241.70,120.85
1786373334.41,6700.36,11049372.56,3.42,1.71
1786373336.42,6702.37,11049372.56,0.00,0.00
1786373338.43,6704.38,11049455.57,83.01,41.50
1786373340.45,6706.40,11049761.23,305.66,152.83
1786373342.46,6708.41,11049761.23,0.00,0.00
1786373344.48,6710.44,11050217.29,456.05,228.03
1786373346.49,6712.45,11050280.76,63.48,31.74
1786373348.51,6714.46,11050320.31,39.55,19.78
1786373350.52,6716.47,11050748.54,428.22,214.11
1786373352.54,6718.49,11050748.54,0.00,0.00
1786373354.60,6720.56,11050758.79,10.25,5.13
1786373356.67,6722.62,11050819.34,60.55,30.27
1786373358.68,6724.64,11050901.37,82.03,41.02
1786373360.70,6726.65,11050901.37,0.00,0.00
1786373362.71,6728.67,11050901.37,0.00,0.00
1786373364.73,6730.68,11051785.16,883.79,441.89
1786373366.75,6732.70,11052269.53,484.38,242.19
1786373368.76,6734.71,11052276.37,6.84,3.42
1786373370.77,6736.73,11052843.26,566.89,283.45
1786373372.79,6738.74,11052843.26,0.00,0.00
1786373374.81,6740.77,11053730.96,887.70,443.85
1786373376.83,6742.78,11054142.09,411.13,205.57
1786373378.84,6744.79,11054252.44,110.35,55.18
1786373380.85,6746.80,11054305.66,53.22,26.61
1786373382.87,6748.83,11054305.66,0.00,0.00
1786373384.90,6750.85,11054740.23,434.57,217.29
1786373386.91,6752.86,11054878.91,138.67,69.34
1786373388.92,6754.87,11054888.18,9.28,4.64
1786373390.94,6756.89,11055370.12,481.93,240.97
1786373392.95,6758.90,11055370.12,0.00,0.00
1786373394.97,6760.92,11056275.39,905.27,452.64
1786373396.98,6762.94,11056516.11,240.72,120.36
1786373398.99,6764.95,11056618.65,102.54,51.27
1786373401.01,6766.96,11056652.83,34.18,17.09
1786373403.02,6768.98,11056653.32,0.49,0.24
1786373405.04,6770.99,11057526.37,873.05,436.52
1786373407.05,6773.01,11057700.20,173.83,86.91
1786373409.12,6775.08,11057967.77,267.58,133.79
1786373411.13,6777.09,11057978.52,10.74,5.37
1786373413.15,6779.10,11057978.52,0.00,0.00
1786373415.16,6781.12,11058707.52,729.00,364.50
1786373417.18,6783.13,11058967.77,260.25,130.13
1786373419.19,6785.15,11059391.11,423.34,211.67
1786373421.54,6787.49,11059391.60,0.49,0.24
1786373423.55,6789.50,11059391.60,0.00,0.00
1786373425.57,6791.52,11059475.10,83.50,41.75
1786373427.59,6793.54,11059712.89,237.79,118.90
1786373429.60,6795.55,11060072.27,359.38,179.69
1786373431.61,6797.57,11060072.27,0.00,0.00
1786373433.63,6799.58,11060072.27,0.00,0.00
1786373435.65,6801.60,11060317.38,245.12,122.56
1786373437.66,6803.61,11060317.87,0.49,0.24
1786373439.68,6805.63,11060424.32,106.45,53.22
1786373441.69,6807.65,11060424.32,0.00,0.00
1786373443.71,6809.67,11060424.32,0.00,0.00
1786373445.74,6811.69,11061036.62,612.30,306.15
1786373447.75,6813.71,11061254.39,217.77,108.89
1786373449.77,6815.72,11061776.86,522.46,261.23
1786373451.79,6817.74,11061777.34,0.49,0.24
1786373453.81,6819.76,11061777.34,0.00,0.00
1786373455.82,6821.78,11061855.96,78.61,39.31
1786373457.84,6823.80,11062126.95,271.00,135.50
1786373459.86,6825.81,11062332.52,205.57,102.78
1786373461.87,6827.82,11062332.52,0.00,0.00
1786373463.88,6829.84,11062332.52,0.00,0.00
1786373465.90,6831.85,11062833.01,500.49,250.24
1786373467.92,6833.87,11062932.13,99.12,49.56
1786373469.93,6835.88,11063297.36,365.23,182.62
1786373471.94,6837.89,11063297.36,0.00,0.00
1786373473.95,6839.90,11063297.36,0.00,0.00
1786373475.96,6841.92,11063572.75,275.39,137.70
1786373477.98,6843.93,11063951.17,378.42,189.21
1786373479.99,6845.95,11064394.53,443.36,221.68
1786373482.01,6847.96,11064395.02,0.49,0.24
1786373484.18,6850.14,11064759.77,364.75,182.37
1786373486.19,6852.15,11064766.11,6.35,3.17
1786373488.21,6854.16,11064766.11,0.00,0.00
1786373490.22,6856.17,11065364.26,598.14,299.07
1786373492.24,6858.19,11065364.26,0.00,0.00
1786373494.37,6860.32,11065966.80,602.54,301.27
1786373496.38,6862.33,11065980.96,14.16,7.08
1786373498.39,6864.35,11066114.75,133.79,66.89
1786373500.41,6866.36,11066617.68,502.93,251.46
1786373502.42,6868.37,11066617.68,0.00,0.00
1786373504.44,6870.39,11067375.49,757.81,378.91
1786373506.45,6872.40,11067375.98,0.49,0.24
1786373508.47,6874.42,11067516.60,140.62,70.31
1786373510.48,6876.44,11068216.31,699.71,349.85
1786373512.50,6878.45,11068216.31,0.00,0.00
1786373514.51,6880.46,11068352.54,136.23,68.12
1786373516.52,6882.48,11068352.54,0.00,0.00
1786373518.54,6884.49,11068566.89,214.36,107.18
1786373520.55,6886.51,11069348.14,781.25,390.62
1786373522.57,6888.52,11069348.14,0.00,0.00
1786373524.59,6890.54,11069915.04,566.89,283.45
1786373526.61,6892.56,11069915.04,0.00,0.00
1786373528.62,6894.57,11070050.78,135.74,67.87
1786373530.64,6896.59,11070344.73,293.95,146.97
1786373532.65,6898.61,11070344.73,0.00,0.00
1786373534.69,6900.64,11070344.73,0.00,0.00
1786373536.71,6902.66,11070344.73,0.00,0.00
1786373538.72,6904.67,11070484.38,139.65,69.82
1786373540.73,6906.69,11070681.15,196.78,98.39
1786373542.75,6908.70,11070681.15,0.00,0.00
1786373544.77,6910.72,11071495.12,813.96,406.98
1786373546.78,6912.73,11071495.61,0.49,0.24
1786373548.80,6914.75,11071577.64,82.03,41.02
1786373550.81,6916.76,11071779.30,201.66,100.83
1786373552.83,6918.78,11071779.30,0.00,0.00
1786373554.84,6920.80,11072293.95,514.65,257.32
1786373556.86,6922.81,11072293.95,0.00,0.00
1786373558.87,6924.82,11072511.72,217.77,108.89
1786373560.89,6926.84,11072720.21,208.50,104.25
1786373562.91,6928.86,11072720.21,0.00,0.00
1786373564.92,6930.87,11073517.58,797.36,398.68
1786373566.93,6932.88,11073626.46,108.89,54.44
1786373568.94,6934.90,11073652.34,25.88,12.94
1786373570.96,6936.91,11074119.14,466.80,233.40
1786373572.97,6938.92,11074119.14,0.00,0.00
1786373574.99,6940.94,11074287.60,168.46,84.23
1786373577.00,6942.96,11074559.57,271.97,135.99
1786373579.01,6944.97,11074579.10,19.53,9.77
1786373581.03,6946.98,11075002.44,423.34,211.67
1786373583.04,6949.00,11075002.44,0.00,0.00
1786373585.06,6951.01,11075512.70,510.25,255.13
1786373587.08,6953.03,11075646.00,133.30,66.65
1786373589.10,6955.05,11075797.36,151.37,75.68
1786373591.11,6957.06,11075809.57,12.21,6.10
1786373593.12,6959.08,11075809.57,0.00,0.00
1786373595.15,6961.10,11076653.81,844.24,422.12
1786373597.16,6963.11,11076653.81,0.00,0.00
1786373599.18,6965.13,11076850.10,196.29,98.14
1786373601.19,6967.14,11076850.10,0.00,0.00
1786373603.20,6969.16,11077148.93,298.83,149.41
1786373605.22,6971.17,11077540.04,391.11,195.56
1786373607.24,6973.19,11077540.04,0.00,0.00
1786373609.25,6975.20,11078326.66,786.62,393.31
1786373611.27,6977.22,11078327.15,0.49,0.24
1786373613.28,6979.24,11078761.23,434.08,217.04
1786373615.30,6981.25,11078992.19,230.96,115.48
1786373617.31,6983.27,11079142.09,149.90,74.95
1786373619.33,6985.28,11079500.00,357.91,178.96
1786373621.38,6987.34,11079500.00,0.00,0.00
1786373623.40,6989.35,11079666.50,166.50,83.25
1786373625.42,6991.37,11080239.26,572.75,286.38
1786373627.44,6993.39,11080374.02,134.77,67.38
1786373629.45,6995.41,11080909.18,535.16,267.58
1786373631.47,6997.42,11080909.67,0.49,0.24
1786373633.48,6999.44,11081139.65,229.98,114.99
1786373635.50,7001.45,11081143.55,3.91,1.95
1786373637.51,7003.47,11081473.14,329.59,164.79
1786373639.53,7005.48,11081803.71,330.57,165.28
1786373641.55,7007.50,11081803.71,0.00,0.00
1786373643.56,7009.51,11081803.71,0.00,0.00
1786373645.59,7011.55,11081942.38,138.67,69.34
1786373647.61,7013.56,11082572.75,630.37,315.19
1786373649.62,7015.58,11083084.47,511.72,255.86
1786373651.64,7017.60,11083084.47,0.00,0.00
1786373653.66,7019.61,11083084.47,0.00,0.00
1786373655.68,7021.63,11083582.52,498.05,249.02
1786373657.70,7023.65,11083993.16,410.64,205.32
1786373659.71,7025.66,11084192.87,199.71,99.85
1786373661.72,7027.68,11084192.87,0.00,0.00
1786373663.74,7029.69,11084192.87,0.00,0.00
1786373665.75,7031.70,11084362.30,169.43,84.72
1786373667.76,7033.72,11084961.43,599.12,299.56
1786373669.78,7035.73,11085100.59,139.16,69.58
1786373671.79,7037.75,11085100.59,0.00,0.00
1786373673.81,7039.76,11085100.59,0.00,0.00
1786373675.83,7041.78,11085789.06,688.48,344.24
1786373677.85,7043.80,11085883.30,94.24,47.12
1786373679.86,7045.82,11086113.28,229.98,114.99
1786373681.89,7047.84,11086113.28,0.00,0.00
1786373683.91,7049.86,11086113.28,0.00,0.00
1786373685.93,7051.88,11086558.59,445.31,222.66
1786373687.94,7053.89,11086827.64,269.04,134.52
1786373689.96,7055.91,11086885.74,58.11,29.05
1786373691.98,7057.94,11086935.06,49.32,24.66
1786373694.00,7059.95,11086935.06,0.00,0.00
1786373696.02,7061.97,11087103.03,167.97,83.98
1786373698.03,7063.99,11087271.00,167.97,83.98
1786373700.05,7066.01,11087416.50,145.51,72.75
1786373702.07,7068.03,11087713.38,296.88,148.44
1786373704.15,7070.11,11087749.02,35.64,17.82
1786373706.18,7072.13,11087912.11,163.09,81.54
1786373708.19,7074.14,11088006.35,94.24,47.12
1786373710.20,7076.16,11088245.61,239.26,119.63
1786373712.56,7078.51,11088245.61,0.00,0.00
1786373714.58,7080.53,11088408.20,162.60,81.30
1786373716.59,7082.55,11088562.50,154.30,77.15
1786373718.61,7084.56,11088761.23,198.73,99.37
1786373720.63,7086.58,11088968.26,207.03,103.52
1786373722.64,7088.59,11088995.12,26.86,13.43
1786373724.65,7090.60,11089159.18,164.06,82.03
1786373726.67,7092.62,11089159.18,0.00,0.00
1786373728.79,7094.74,11089159.18,0.00,0.00
1786373730.80,7096.76,11089257.32,98.14,49.07
1786373732.82,7098.77,11089257.81,0.49,0.24
1786373734.83,7100.79,11089257.81,0.00,0.00
1786373736.86,7102.81,11089399.41,141.60,70.80
1786373738.88,7104.83,11089423.83,24.41,12.21
1786373740.89,7106.84,11089741.70,317.87,158.94
1786373742.90,7108.85,11089741.70,0.00,0.00
1786373744.92,7110.87,11089982.91,241.21,120.61
1786373746.93,7112.88,11089982.91,0.00,0.00
1786373748.95,7114.90,11090138.67,155.76,77.88
1786373750.97,7116.92,11090268.07,129.39,64.70
1786373752.98,7118.93,11090268.07,0.00,0.00
1786373754.99,7120.95,11090497.07,229.00,114.50
1786373757.01,7122.96,11090497.07,0.00,0.00
1786373759.02,7124.97,11090692.87,195.80,97.90
1786373761.04,7126.99,11090832.52,139.65,69.82
1786373763.05,7129.00,11090832.52,0.00,0.00
1786373765.07,7131.02,11091046.39,213.87,106.93
1786373767.08,7133.03,11091047.36,0.98,0.49
1786373769.09,7135.05,11091222.66,175.29,87.65
1786373771.11,7137.07,11091448.24,225.59,112.79
1786373773.13,7139.09,11091448.24,0.00,0.00
1786373775.15,7141.10,11091573.24,125.00,62.50
1786373777.16,7143.12,11091603.52,30.27,15.14
1786373779.18,7145.13,11091710.94,107.42,53.71
1786373781.19,7147.15,11091806.64,95.70,47.85
1786373783.21,7149.16,11091806.64,0.00,0.00
1786373785.23,7151.18,11091983.40,176.76,88.38
1786373787.24,7153.20,11092041.99,58.59,29.30
1786373789.26,7155.21,11092142.09,100.10,50.05
1786373791.27,7157.23,11092314.94,172.85,86.43
1786373793.29,7159.24,11092314.94,0.00,0.00
1786373795.30,7161.26,11092500.00,185.06,92.53
1786373797.32,7163.28,11092547.36,47.36,23.68
1786373799.33,7165.29,11092738.28,190.92,95.46
1786373801.35,7167.30,11092738.28,0.00,0.00
1786373803.36,7169.32,11092738.28,0.00,0.00
1786373805.40,7171.35,11092964.36,226.07,113.04
1786373807.42,7173.37,11093146.48,182.13,91.06
1786373809.43,7175.39,11093303.22,156.74,78.37
1786373811.45,7177.40,11093303.22,0.00,0.00
1786373813.47,7179.42,11093303.22,0.00,0.00
1786373815.49,7181.44,11093472.66,169.43,84.72
1786373817.51,7183.46,11093734.86,262.21,131.10
1786373819.52,7185.48,11094385.74,650.88,325.44
1786373821.53,7187.49,11094423.34,37.60,18.80
1786373823.55,7189.50,11094423.83,0.49,0.24
1786373825.56,7191.51,11094622.07,198.24,99.12
1786373827.58,7193.53,11094941.41,319.34,159.67
1786373829.59,7195.54,11095262.70,321.29,160.64
1786373831.60,7197.56,11095263.18,0.49,0.24
1786373833.62,7199.57,11095263.18,0.00,0.00
1786373835.64,7201.59,11095263.18,0.00,0.00
1786373837.67,7203.62,11095642.09,378.91,189.45
