timestamp_sec,elapsed_sec,total_physical_mb_written,interval_mb_written,write_rate_mbps
1786395513.91,2.01,13003775.39,0.98,0.49
1786395515.94,4.04,13003834.96,59.57,29.79
1786395517.95,6.06,13004070.31,235.35,117.68
1786395519.97,8.07,13004181.64,111.33,55.66
1786395521.99,10.09,13004213.87,32.23,16.11
1786395524.02,12.13,13004395.51,181.64,90.82
1786395526.04,14.14,13004502.44,106.93,53.47
1786395528.45,16.55,13004502.93,0.49,0.24
1786395530.46,18.57,13004564.45,61.52,30.76
1786395532.48,20.58,13004944.34,379.88,189.94
1786395534.50,22.60,13004999.02,54.69,27.34
1786395536.51,24.61,13005053.22,54.20,27.10
1786395538.66,26.76,13005054.20,0.98,0.49
1786395540.68,28.78,13005329.10,274.90,137.45
1786395542.70,30.80,13005329.10,0.00,0.00
1786395544.72,32.82,13005508.30,179.20,89.60
1786395546.75,34.85,13005653.32,145.02,72.51
1786395548.77,36.87,13005705.57,52.25,26.12
1786395550.78,38.89,13005795.41,89.84,44.92
1786395552.81,40.91,13005919.43,124.02,62.01
1786395554.82,42.93,13006152.83,233.40,116.70
1786395556.84,44.94,13006274.41,121.58,60.79
1786395558.85,46.95,13006274.41,0.00,0.00
1786395560.87,48.97,13006401.86,127.44,63.72
1786395562.89,50.99,13006642.58,240.72,120.36
1786395564.91,53.01,13006811.04,168.46,84.23
1786395566.91,55.02,13006871.58,60.55,30.27
1786395568.93,57.03,13006871.58,0.00,0.00
1786395570.94,59.04,13007302.25,430.66,215.33
1786395572.96,61.06,13007302.73,0.49,0.24
1786395574.97,63.07,13007566.89,264.16,132.08
1786395576.99,65.09,13007607.91,41.02,20.51
1786395579.00,67.10,13007630.86,22.95,11.47
1786395581.01,69.11,13007715.82,84.96,42.48
1786395583.02,71.13,13007716.31,0.49,0.24
1786395585.04,73.14,13007766.11,49.80,24.90
1786395587.07,75.17,13007854.98,88.87,44.43
1786395589.09,77.19,13008021.97,166.99,83.50
1786395591.10,79.20,13008138.67,116.70,58.35
1786395593.12,81.22,13008138.67,0.00,0.00
1786395595.13,83.23,13008454.59,315.92,157.96
1786395597.15,85.25,13008534.18,79.59,39.79
1786395599.16,87.26,13008636.72,102.54,51.27
1786395601.18,89.28,13008728.52,91.80,45.90
1786395603.20,91.30,13008767.58,39.06,19.53
1786395605.22,93.32,13008870.61,103.03,51.51
1786395607.23,95.33,13009010.25,139.65,69.82
1786395609.25,97.35,13009119.14,108.89,54.44
1786395611.26,99.36,13009181.64,62.50,31.25
1786395613.27,101.38,13009182.13,0.49,0.24
1786395615.29,103.40,13009385.25,203.12,101.56
1786395617.31,105.41,13009385.25,0.00,0.00
1786395619.33,107.43,13009613.28,228.03,114.01
1786395621.35,109.45,13009694.82,81.54,40.77
1786395623.36,111.46,13009694.82,0.00,0.00
1786395625.48,113.58,13009754.39,59.57,29.79
1786395627.50,115.60,13009870.61,116.21,58.11
1786395629.52,117.62,13010099.61,229.00,114.50
1786395631.53,119.64,13010325.20,225.59,112.79
1786395633.54,121.65,13010366.21,41.02,20.51
1786395635.57,123.67,13010366.21,0.00,0.00
1786395637.61,125.71,13010526.37,160.16,80.08
1786395639.61,127.72,13010609.38,83.01,41.50
1786395641.63,129.73,13010769.53,160.16,80.08
1786395643.65,131.75,13010769.53,0.00,0.00
1786395645.67,133.77,13011030.76,261.23,130.62
1786395647.68,135.78,13011222.17,191.41,95.70
1786395649.70,137.81,13011363.28,141.11,70.56
1786395651.72,139.82,13011559.08,195.80,97.90
1786395653.73,141.83,13011669.43,110.35,55.18
1786395655.75,143.85,13011840.82,171.39,85.69
1786395657.77,145.87,13011840.82,0.00,0.00
1786395659.78,147.88,13011901.37,60.55,30.27
1786395661.80,149.90,13011917.48,16.11,8.06
1786395663.82,151.92,13011977.54,60.06,30.03
1786395665.83,153.94,13012188.48,210.94,105.47
1786395667.85,155.95,13012188.48,0.00,0.00
1786395669.88,157.98,13012460.45,271.97,135.99
1786395671.89,159.99,13012460.45,0.00,0.00
1786395674.00,162.10,13012460.45,0.00,0.00
1786395676.02,164.12,13012522.46,62.01,31.01
1786395678.03,166.14,13012695.80,173.34,86.67
1786395680.05,168.15,13012922.36,226.56,113.28
1786395682.06,170.17,13012967.77,45.41,22.71
1786395684.14,172.25,13013007.81,40.04,20.02
1786395686.16,174.26,13013137.21,129.39,64.70
1786395688.18,176.28,13013137.21,0.00,0.00
1786395690.19,178.29,13013314.45,177.25,88.62
1786395692.21,180.31,13013462.89,148.44,74.22
1786395694.30,182.40,13013499.51,36.62,18.31
1786395696.32,184.42,13013562.50,62.99,31.49
1786395698.34,186.44,13013562.50,0.00,0.00
1786395700.35,188.45,13013705.08,142.58,71.29
1786395702.37,190.47,13013886.23,181.15,90.58
1786395704.40,192.50,13013886.72,0.49,0.24
1786395706.41,194.51,13014266.60,379.88,189.94
1786395708.43,196.53,13014267.09,0.49,0.24
1786395710.45,198.55,13014426.27,159.18,79.59
1786395712.47,200.57,13014586.91,160.64,80.32
1786395714.49,202.59,13014723.14,136.23,68.12
1786395716.50,204.60,13014774.90,51.76,25.88
1786395718.52,206.62,13014775.39,0.49,0.24
1786395720.53,208.64,13015172.36,396.97,198.49
1786395722.55,210.65,13015172.36,0.00,0.00
1786395724.57,212.67,13015338.38,166.02,83.01
1786395726.59,214.70,13015508.79,170.41,85.21
1786395728.61,216.72,13015508.79,0.00,0.00
1786395730.63,218.73,13015613.77,104.98,52.49
1786395732.65,220.75,13015613.77,0.00,0.00
1786395734.67,222.77,13015759.28,145.51,72.75
1786395736.69,224.79,13015759.77,0.49,0.24
1786395738.70,226.80,13015759.77,0.00,0.00
1786395740.72,228.83,13016263.67,503.91,251.95
1786395742.73,230.84,13016283.69,20.02,10.01
1786395744.75,232.85,13016492.19,208.50,104.25
1786395746.76,234.87,13016621.09,128.91,64.45
1786395748.78,236.88,13016640.14,19.04,9.52
1786395750.79,238.89,13016958.98,318.85,159.42
1786395752.80,240.91,13016959.47,0.49,0.24
1786395754.82,242.92,13017112.30,152.83,76.42
1786395756.83,244.93,13017183.11,70.80,35.40
1786395759.19,247.29,13017275.88,92.77,46.39
1786395761.22,249.32,13017319.34,43.46,21.73
1786395763.23,251.33,13017610.84,291.50,145.75
1786395765.24,253.35,13017643.55,32.71,16.36
1786395767.28,255.38,13017699.71,56.15,28.08
1786395769.29,257.39,13017839.84,140.14,70.07
1786395771.59,259.69,13017923.34,83.50,41.75
1786395773.69,261.79,13017980.47,57.13,28.56
1786395775.71,263.81,13018221.19,240.72,120.36
1786395777.72,265.83,13018221.19,0.00,0.00
1786395779.74,267.84,13018552.73,331.54,165.77
1786395781.77,269.87,13018632.81,80.08,40.04
1786395783.79,271.89,13018632.81,0.00,0.00
1786395785.81,273.91,13018699.22,66.41,33.20
1786395787.83,275.93,13018901.37,202.15,101.07
1786395789.84,277.94,13019104.49,203.12,101.56
1786395791.88,279.98,13019133.79,29.30,14.65
1786395793.90,282.00,13019133.79,0.00,0.00
1786395795.91,284.02,13019369.63,235.84,117.92
1786395797.93,286.03,13019369.63,0.00,0.00
1786395799.95,288.05,13019563.48,193.85,96.92
1786395801.97,290.07,13019731.45,167.97,83.98
1786395804.05,292.15,13019732.42,0.98,0.49
1786395806.07,294.17,13019798.34,65.92,32.96
1786395808.08,296.18,13019798.34,0.00,0.00
1786395810.09,298.20,13019963.38,165.04,82.52
1786395812.11,300.21,13020196.78,233.40,116.70
1786395814.12,302.22,13020197.75,0.98,0.49
1786395816.14,304.24,13020409.67,211.91,105.96
1786395818.15,306.25,13020409.67,0.00,0.00
1786395820.17,308.27,13020585.94,176.27,88.13
1786395822.18,310.28,13020751.95,166.02,83.01
1786395824.20,312.30,13020751.95,0.00,0.00
1786395826.21,314.31,13020900.39,148.44,74.22
1786395828.23,316.33,13020900.88,0.49,0.24
1786395830.24,318.34,13021175.29,274.41,137.21
1786395832.26,320.36,13021370.12,194.82,97.41
1786395834.27,322.38,13021651.37,281.25,140.62
1786395836.29,324.39,13021651.37,0.00,0.00
1786395838.30,326.40,13021651.37,0.00,0.00
1786395840.32,328.42,13021840.33,188.96,94.48
1786395842.33,330.43,13021840.33,0.00,0.00
1786395844.37,332.47,13021940.43,100.10,50.05
1786395846.38,334.48,13022008.30,67.87,33.94
1786395848.39,336.50,13022008.79,0.49,0.24
1786395850.41,338.51,13022257.32,248.54,124.27
1786395852.43,340.53,13022257.81,0.49,0.24
1786395854.44,342.54,13022359.38,101.56,50.78
1786395856.46,344.56,13022642.58,283.20,141.60
1786395858.66,346.76,13022642.58,0.00,0.00
1786395860.67,348.77,13022816.89,174.32,87.16
1786395862.69,350.79,13023053.71,236.82,118.41
1786395864.70,352.81,13023183.59,129.88,64.94
1786395867.06,355.16,13023183.59,0.00,0.00
1786395869.07,357.17,13023335.94,152.34,76.17
1786395871.08,359.18,13023394.04,58.11,29.05
1786395873.10,361.20,13023484.38,90.33,45.17
1786395875.11,363.21,13023533.20,48.83,24.41
1786395877.12,365.22,13023559.57,26.37,13.18
1786395879.14,367.24,13023687.99,128.42,64.21
1786395881.15,369.25,13023718.75,30.76,15.38
1786395883.16,371.26,13024151.86,433.11,216.55
1786395885.18,373.28,13024250.49,98.63,49.32
1786395887.19,375.29,13024527.34,276.86,138.43
1786395889.21,377.31,13024682.62,155.27,77.64
1786395891.22,379.32,13024737.79,55.18,27.59
1786395893.24,381.34,13025082.03,344.24,172.12
1786395895.25,383.35,13025244.14,162.11,81.05
1786395897.27,385.37,13025250.98,6.84,3.42
1786395899.29,387.39,13025396.97,146.00,73.00
1786395901.30,389.41,13025461.91,64.94,32.47
1786395903.33,391.43,13025621.58,159.67,79.83
1786395905.34,393.45,13025672.85,51.27,25.63
1786395907.36,395.46,13025738.28,65.43,32.71
1786395909.38,397.48,13025862.30,124.02,62.01
1786395911.40,399.51,13025917.48,55.18,27.59
1786395913.42,401.53,13026149.41,231.93,115.97
1786395915.44,403.55,13026317.87,168.46,84.23
1786395917.47,405.57,13026318.36,0.49,0.24
1786395919.49,407.59,13026475.59,157.23,78.61
1786395921.50,409.60,13026476.07,0.49,0.24
1786395923.52,411.63,13026476.07,0.00,0.00
1786395925.60,413.70,13026567.38,91.31,45.65
1786395927.63,415.73,13026674.32,106.93,53.47
1786395929.64,417.74,13026674.32,0.00,0.00
1786395931.66,419.76,13026980.47,306.15,153.08
1786395933.67,421.78,13026980.47,0.00,0.00
1786395935.69,423.79,13026980.47,0.00,0.00
1786395937.73,425.83,13027196.78,216.31,108.15
1786395939.76,427.86,13027314.94,118.16,59.08
1786395941.78,429.88,13027507.32,192.38,96.19
1786395943.80,431.90,13027507.81,0.49,0.24
1786395945.81,433.91,13027686.52,178.71,89.36
1786395947.82,435.93,13027686.52,0.00,0.00
1786395949.84,437.94,13027915.04,228.52,114.26
1786395951.86,439.96,13028012.21,97.17,48.58
1786395953.87,441.98,13028224.61,212.40,106.20
1786395955.89,443.99,13028395.51,170.90,85.45
1786395957.91,446.02,13028395.51,0.00,0.00
1786395959.93,448.03,13028582.52,187.01,93.51
1786395961.95,450.05,13028708.98,126.46,63.23
1786395963.96,452.06,13028890.14,181.15,90.58
1786395965.98,454.08,13029012.70,122.56,61.28
1786395967.99,456.10,13029013.18,0.49,0.24
1786395970.01,458.11,13029363.77,350.59,175.29
1786395972.02,460.12,13029473.63,109.86,54.93
1786395974.12,462.22,13029492.68,19.04,9.52
1786395976.13,464.23,13029630.86,138.18,69.09
1786395978.15,466.25,13029721.68,90.82,45.41
1786395980.16,468.26,13029799.32,77.64,38.82
1786395982.18,470.28,13029942.38,143.07,71.53
1786395984.20,472.30,13029971.19,28.81,14.40
1786395986.22,474.32,13030214.84,243.65,121.83
1786395988.23,476.34,13030215.33,0.49,0.24
1786395990.25,478.35,13030421.39,206.05,103.03
1786395992.26,480.37,13030584.96,163.57,81.79
1786395994.28,482.38,13030798.34,213.38,106.69
1786395996.29,484.40,13031073.24,274.90,137.45
1786395998.31,486.41,13031073.73,0.49,0.24
1786396000.32,488.42,13031358.40,284.67,142.33
1786396002.34,490.44,13031358.40,0.00,0.00
1786396004.35,492.45,13031358.89,0.49,0.24
1786396006.37,494.48,13031420.90,62.01,31.01
1786396008.39,496.49,13031421.39,0.49,0.24
1786396010.40,498.50,13031693.36,271.97,135.99
1786396012.41,500.51,13031693.85,0.49,0.24
1786396014.43,502.53,13031801.76,107.91,53.96
1786396016.44,504.54,13031920.90,119.14,59.57
1786396018.45,506.55,13031920.90,0.00,0.00
1786396020.47,508.57,13032166.02,245.12,122.56
1786396022.48,510.58,13032400.39,234.38,117.19
1786396024.49,512.59,13032552.25,151.86,75.93
1786396026.50,514.61,13032687.01,134.77,67.38
1786396028.52,516.62,13032687.01,0.00,0.00
1786396030.55,518.65,13033003.91,316.89,158.45
1786396032.56,520.66,13033003.91,0.00,0.00
1786396034.58,522.68,13033164.55,160.64,80.32
1786396036.62,524.72,13033168.46,3.91,1.95
1786396038.63,526.73,13033168.46,0.00,0.00
1786396040.65,528.75,13033372.07,203.61,101.81
1786396042.66,530.76,13033486.82,114.75,57.37
1786396044.68,532.78,13033657.71,170.90,85.45
1786396046.70,534.80,13034010.74,353.03,176.51
1786396048.97,537.07,13034010.74,0.00,0.00
1786396050.98,539.09,13034073.73,62.99,31.49
1786396053.00,541.10,13034244.14,170.41,85.21
1786396055.02,543.12,13034450.20,206.05,103.03
1786396057.03,545.13,13034450.20,0.00,0.00
1786396059.05,547.15,13034524.90,74.71,37.35
1786396061.06,549.16,13034618.16,93.26,46.63
1786396063.08,551.18,13035063.48,445.31,222.66
1786396065.09,553.20,13035090.82,27.34,13.67
1786396067.10,555.21,13035201.17,110.35,55.18
1786396069.12,557.23,13035302.25,101.07,50.54
1786396071.13,559.23,13035396.00,93.75,46.88
1786396073.15,561.25,13035615.23,219.24,109.62
1786396075.21,563.31,13035814.94,199.71,99.85
1786396077.22,565.32,13035814.94,0.00,0.00
1786396079.24,567.34,13035916.02,101.07,50.54
1786396081.25,569.35,13036084.96,168.95,84.47
1786396083.27,571.37,13036355.47,270.51,135.25
1786396085.28,573.38,13036355.47,0.00,0.00
1786396087.29,575.40,13036646.48,291.02,145.51
1786396089.31,577.41,13036774.41,127.93,63.96
1786396091.32,579.42,13036852.05,77.64,38.82
1786396093.34,581.44,13037275.88,423.83,211.91
1786396095.35,583.46,13037337.40,61.52,30.76
1786396097.37,585.47,13037407.71,70.31,35.16
1786396099.38,587.48,13037543.95,136.23,68.12
1786396101.39,589.50,13037670.90,126.95,63.48
1786396103.42,591.52,13037732.91,62.01,31.01
1786396105.45,593.55,13037744.14,11.23,5.62
1786396107.48,595.59,13037799.80,55.66,27.83
1786396109.50,597.60,13037941.41,141.60,70.80
1786396111.51,599.62,13037974.61,33.20,16.60
1786396113.53,601.63,13038115.23,140.62,70.31
1786396115.54,603.64,13038255.86,140.62,70.31
1786396117.56,605.66,13038419.92,164.06,82.03
1786396119.58,607.68,13038533.20,113.28,56.64
1786396121.61,609.71,13038659.67,126.46,63.23
1786396123.62,611.72,13038660.16,0.49,0.24
1786396125.64,613.74,13038836.91,176.76,88.38
1786396127.65,615.75,13038870.61,33.69,16.85
1786396129.66,617.77,13039106.93,236.33,118.16
1786396131.69,619.79,13039217.77,110.84,55.42
1786396133.71,621.81,13039217.77,0.00,0.00
1786396135.73,623.83,13039391.60,173.83,86.91
1786396137.75,625.85,13039391.60,0.00,0.00
1786396139.77,627.87,13039602.54,210.94,105.47
1786396141.78,629.89,13039655.27,52.73,26.37
1786396143.80,631.90,13039812.01,156.74,78.37
1786396145.81,633.92,13039937.01,125.00,62.50
1786396147.83,635.93,13039937.01,0.00,0.00
1786396149.85,637.95,13040183.59,246.58,123.29
1786396151.86,639.96,13040210.94,27.34,13.67
1786396153.90,642.00,13040425.29,214.36,107.18
1786396155.91,644.01,13040596.68,171.39,85.69
1786396157.93,646.03,13040597.66,0.98,0.49
1786396159.94,648.05,13040884.28,286.62,143.31
1786396161.98,650.08,13040902.83,18.55,9.28
1786396163.99,652.09,13040902.83,0.00,0.00
1786396166.00,654.11,13040965.33,62.50,31.25
1786396168.02,656.12,13041130.86,165.53,82.76
1786396170.04,658.14,13041259.28,128.42,64.21
1786396172.05,660.15,13041369.63,110.35,55.18
1786396174.06,662.16,13041503.91,134.28,67.14
1786396176.11,664.22,13041562.50,58.59,29.30
1786396178.13,666.23,13041696.29,133.79,66.89
1786396180.14,668.24,13041905.76,209.47,104.74
1786396182.16,670.26,13042046.88,141.11,70.56
1786396184.17,672.27,13042143.55,96.68,48.34
1786396186.18,674.28,13042389.65,246.09,123.05
1786396188.19,676.29,13042591.31,201.66,100.83
1786396190.21,678.31,13042921.88,330.57,165.28
1786396192.25,680.35,13042928.71,6.84,3.42
1786396194.26,682.36,13042979.49,50.78,25.39
1786396196.27,684.37,13043272.46,292.97,146.48
1786396198.29,686.39,13043272.46,0.00,0.00
1786396200.31,688.41,13043411.13,138.67,69.34
1786396202.33,690.43,13043500.98,89.84,44.92
1786396204.35,692.45,13043585.45,84.47,42.24
1786396206.37,694.47,13043631.84,46.39,23.19
1786396208.39,696.49,13043649.90,18.07,9.03
1786396210.40,698.50,13043785.16,135.25,67.63
1786396212.42,700.52,13043916.02,130.86,65.43
1786396214.45,702.55,13043917.48,1.46,0.73
1786396216.46,704.56,13044045.41,127.93,63.96
1786396218.47,706.58,13044143.07,97.66,48.83
1786396220.49,708.59,13044324.22,181.15,90.58
1786396222.51,710.62,13044324.22,0.00,0.00
1786396224.54,712.64,13044324.22,0.00,0.00
1786396226.57,714.67,13044464.36,140.14,70.07
1786396228.58,716.68,13044693.85,229.49,114.75
1786396230.62,718.72,13044764.65,70.80,35.40
1786396232.63,720.73,13045274.90,510.25,255.13
1786396234.66,722.76,13045304.20,29.30,14.65
1786396236.67,724.77,13045304.20,0.00,0.00
1786396238.69,726.79,13045629.39,325.20,162.60
1786396240.70,728.80,13045693.36,63.96,31.98
1786396242.72,730.82,13045767.09,73.73,36.87
1786396244.73,732.83,13045767.58,0.49,0.24
1786396246.74,734.85,13046099.12,331.54,165.77
1786396248.76,736.86,13046099.61,0.49,0.24
1786396250.77,738.88,13046306.15,206.54,103.27
1786396252.79,740.89,13046570.31,264.16,132.08
1786396254.80,742.90,13046680.66,110.35,55.18
1786396256.82,744.92,13046868.16,187.50,93.75
1786396258.84,746.94,13046868.65,0.49,0.24
1786396260.86,748.96,13047071.78,203.12,101.56
1786396262.88,750.98,13047333.01,261.23,130.62
1786396264.90,753.00,13047337.89,4.88,2.44
1786396266.91,755.02,13047525.88,187.99,93.99
1786396268.94,757.04,13047526.37,0.49,0.24
1786396270.96,759.06,13047726.07,199.71,99.85
1786396272.97,761.07,13047726.07,0.00,0.00
1786396274.99,763.09,13047876.95,150.88,75.44
1786396277.01,765.11,13047942.87,65.92,32.96
1786396279.03,767.13,13048014.16,71.29,35.64
1786396281.05,769.16,13048151.86,137.70,68.85
1786396283.07,771.17,13048456.54,304.69,152.34
1786396285.08,773.18,13048469.73,13.18,6.59
1786396287.09,775.19,13048729.00,259.28,129.64
1786396289.11,777.21,13048729.00,0.00,0.00
1786396291.12,779.23,13048791.02,62.01,31.01
1786396293.14,781.24,13048882.81,91.80,45.90
1786396295.15,783.26,13049015.62,132.81,66.41
1786396297.17,785.27,13049138.67,123.05,61.52
1786396299.20,787.30,13049214.84,76.17,38.09
1786396301.22,789.32,13049344.73,129.88,64.94
1786396303.24,791.34,13049345.21,0.49,0.24
1786396305.33,793.43,13049362.79,17.58,8.79
1786396307.45,795.55,13049422.36,59.57,29.79
1786396309.46,797.56,13049440.43,18.07,9.03
1786396311.48,799.58,13049489.75,49.32,24.66
1786396313.49,801.60,13049855.47,365.72,182.86
1786396315.51,803.62,13049936.52,81.05,40.53
1786396317.53,805.63,13049958.98,22.46,11.23
1786396319.55,807.65,13050060.55,101.56,50.78
1786396321.56,809.67,13050367.68,307.13,153.56
1786396323.58,811.68,13050367.68,0.00,0.00
1786396325.60,813.70,13050613.77,246.09,123.05
1786396327.61,815.71,13050770.02,156.25,78.12
1786396329.63,817.73,13050810.06,40.04,20.02
1786396331.64,819.74,13051049.80,239.75,119.87
1786396333.66,821.76,13051050.29,0.49,0.24
1786396335.67,823.77,13051224.12,173.83,86.91
1786396337.69,825.79,13051410.64,186.52,93.26
1786396339.72,827.82,13051529.79,119.14,59.57
1786396341.94,830.04,13051609.38,79.59,39.79
1786396343.96,832.06,13051720.21,110.84,55.42
1786396345.97,834.07,13051851.07,130.86,65.43
1786396347.99,836.09,13052177.25,326.17,163.09
1786396350.01,838.11,13052562.50,385.25,192.63
1786396352.02,840.12,13052760.25,197.75,98.88
1786396354.05,842.16,13052845.21,84.96,42.48
1786396356.07,844.17,13052984.86,139.65,69.82
1786396358.09,846.19,13053072.27,87.40,43.70
1786396360.10,848.20,13053296.88,224.61,112.30
1786396362.12,850.22,13053439.94,143.07,71.53
1786396364.13,852.23,13053439.94,0.00,0.00
1786396366.14,854.25,13053536.62,96.68,48.34
1786396368.25,856.35,13053587.40,50.78,25.39
1786396370.26,858.37,13053664.55,77.15,38.57
1786396372.28,860.38,13053764.65,100.10,50.05
1786396374.35,862.45,13053819.82,55.18,27.59
1786396376.37,864.47,13054054.69,234.86,117.43
1786396378.38,866.49,13054054.69,0.00,0.00
1786396380.40,868.50,13054390.62,335.94,167.97
1786396382.44,870.54,13054395.02,4.39,2.20
1786396384.46,872.56,13054462.40,67.38,33.69
1786396386.48,874.58,13054564.45,102.05,51.03
1786396388.49,876.60,13054666.50,102.05,51.03
1786396390.51,878.61,13054906.74,240.23,120.12
1786396392.53,880.63,13054907.23,0.49,0.24
1786396394.54,882.65,13055002.44,95.21,47.61
1786396396.55,884.65,13055045.90,43.46,21.73
1786396398.57,886.67,13055253.91,208.01,104.00
1786396400.59,888.69,13055285.16,31.25,15.62
1786396402.60,890.71,13055554.20,269.04,134.52
1786396404.62,892.72,13055607.42,53.22,26.61
1786396406.71,894.81,13055798.34,190.92,95.46
1786396408.73,896.83,13055852.05,53.71,26.86
1786396410.75,898.85,13055902.34,50.29,25.15
1786396412.76,900.86,13055902.34,0.00,0.00
1786396414.79,902.90,13056116.21,213.87,106.93
1786396416.82,904.92,13056383.79,267.58,133.79
1786396418.84,906.94,13056662.11,278.32,139.16
1786396420.86,908.96,13056710.45,48.34,24.17
1786396422.87,910.98,13056710.45,0.00,0.00
1786396424.92,913.02,13056710.94,0.49,0.24
1786396426.94,915.04,13056875.00,164.06,82.03
1786396428.95,917.06,13056875.00,0.00,0.00
1786396430.97,919.07,13057076.66,201.66,100.83
1786396432.99,921.09,13057076.66,0.00,0.00
1786396435.01,923.12,13057271.48,194.82,97.41
1786396437.02,925.13,13057583.98,312.50,156.25
1786396439.04,927.15,13057583.98,0.00,0.00
1786396441.06,929.16,13057964.36,380.37,190.19
1786396443.08,931.18,13057964.36,0.00,0.00
1786396445.09,933.20,13058155.76,191.41,95.70
1786396447.11,935.22,13058369.63,213.87,106.93
1786396449.14,937.24,13058369.63,0.00,0.00
1786396451.16,939.26,13058505.37,135.74,67.87
1786396453.17,941.28,13058839.36,333.98,166.99
1786396455.18,943.29,13058899.90,60.55,30.27
1786396457.20,945.31,13059107.91,208.01,104.00
1786396459.23,947.34,13059107.91,0.00,0.00
1786396461.25,949.35,13059388.67,280.76,140.38
1786396463.38,951.48,13059518.07,129.39,64.70
1786396465.39,953.49,13059615.23,97.17,48.58
1786396467.40,955.51,13059755.37,140.14,70.07
1786396469.42,957.52,13059812.50,57.13,28.56
1786396471.43,959.53,13059931.64,119.14,59.57
1786396473.45,961.55,13060243.16,311.52,155.76
1786396475.47,963.57,13060403.81,160.64,80.32
1786396477.48,965.58,13060530.27,126.46,63.23
1786396479.51,967.61,13060579.59,49.32,24.66
1786396481.51,969.62,13060670.41,90.82,45.41
1786396483.53,971.64,13061043.95,373.54,186.77
1786396485.55,973.66,13061080.57,36.62,18.31
1786396487.56,975.67,13061436.04,355.47,177.73
1786396489.65,977.75,13061492.68,56.64,28.32
1786396491.66,979.76,13061561.04,68.36,34.18
1786396493.71,981.81,13061562.99,1.95,0.98
1786396495.73,983.83,13061568.36,5.37,2.69
1786396497.75,985.86,13062143.55,575.20,287.60
1786396499.76,987.87,13062180.66,37.11,18.55
1786396501.78,989.88,13062357.42,176.76,88.38
1786396503.80,991.90,13062357.91,0.49,0.24
1786396505.83,993.93,13062413.09,55.18,27.59
1786396507.84,995.94,13062500.00,86.91,43.46
1786396509.86,997.96,13062587.89,87.89,43.95
1786396511.87,999.97,13062949.22,361.33,180.66
1786396513.88,1001.98,13063097.17,147.95,73.97
1786396515.90,1004.00,13063181.64,84.47,42.24
1786396517.93,1006.03,13063302.73,121.09,60.55
1786396519.95,1008.05,13063472.66,169.92,84.96
1786396521.97,1010.07,13063473.14,0.49,0.24
1786396523.99,1012.09,13063473.14,0.00,0.00
1786396526.02,1014.12,13063682.62,209.47,104.74
1786396528.05,1016.15,13063741.21,58.59,29.30
1786396530.06,1018.17,13063741.21,0.00,0.00
1786396532.08,1020.18,13063910.16,168.95,84.47
1786396534.09,1022.19,13063910.16,0.00,0.00
1786396536.11,1024.21,13063910.16,0.00,0.00
1786396538.12,1026.23,13064215.33,305.18,152.59
1786396540.50,1028.60,13064215.33,0.00,0.00
1786396542.51,1030.61,13064318.36,103.03,51.51
1786396544.53,1032.63,13064318.85,0.49,0.24
1786396546.54,1034.65,13064553.71,234.86,117.43
1786396548.56,1036.66,13064677.25,123.54,61.77
1786396550.57,1038.67,13064730.47,53.22,26.61
1786396552.59,1040.69,13065114.26,383.79,191.89
1786396554.60,1042.70,13065114.26,0.00,0.00
1786396556.61,1044.72,13065350.59,236.33,118.16
1786396558.64,1046.74,13065436.52,85.94,42.97
1786396560.65,1048.75,13065436.52,0.00,0.00
1786396562.66,1050.76,13065725.10,288.57,144.29
1786396564.68,1052.78,13065725.59,0.49,0.24
1786396566.69,1054.79,13065960.45,234.86,117.43
1786396568.70,1056.81,13066162.11,201.66,100.83
1786396570.72,1058.82,13066162.60,0.49,0.24
1786396572.74,1060.84,13066246.58,83.98,41.99
1786396574.75,1062.85,13066246.58,0.00,0.00
1786396576.77,1064.87,13066492.68,246.09,123.05
1786396578.78,1066.88,13066506.35,13.67,6.84
1786396580.79,1068.89,13066630.86,124.51,62.26
1786396582.81,1070.91,13066836.43,205.57,102.78
1786396584.83,1072.93,13066836.43,0.00,0.00
1786396586.84,1074.94,13067109.38,272.95,136.47
1786396588.85,1076.95,13067351.07,241.70,120.85
1786396590.89,1078.99,13067372.07,21.00,10.50
1786396592.91,1081.01,13067448.73,76.66,38.33
1786396594.93,1083.03,13067448.73,0.00,0.00
1786396596.94,1085.04,13067584.47,135.74,67.87
1786396598.96,1087.06,13067672.85,88.38,44.19
1786396600.98,1089.08,13067727.05,54.20,27.10
1786396603.00,1091.11,13067812.01,84.96,42.48
1786396605.02,1093.12,13067812.50,0.49,0.24
1786396607.04,1095.14,13068016.11,203.61,101.81
1786396609.05,1097.15,13068191.89,175.78,87.89
1786396611.07,1099.17,13068257.32,65.43,32.71
1786396613.09,1101.19,13068492.19,234.86,117.43
1786396615.11,1103.21,13068492.19,0.00,0.00
1786396617.13,1105.23,13068695.31,203.12,101.56
1786396619.14,1107.24,13068827.64,132.32,66.16
1786396621.16,1109.26,13068845.70,18.07,9.03
1786396623.17,1111.27,13069169.92,324.22,162.11
1786396625.18,1113.28,13069169.92,0.00,0.00
1786396627.20,1115.30,13069338.87,168.95,84.47
1786396629.21,1117.32,13069458.98,120.12,60.06
1786396631.23,1119.33,13069559.08,100.10,50.05
1786396633.24,1121.35,13069600.59,41.50,20.75
1786396635.27,1123.37,13069600.59,0.00,0.00
1786396637.36,1125.46,13069699.22,98.63,49.32
1786396639.39,1127.50,13070048.83,349.61,174.80
1786396641.41,1129.51,13070206.05,157.23,78.61
1786396643.42,1131.52,13070320.31,114.26,57.13
1786396645.44,1133.54,13070320.31,0.00,0.00
1786396647.46,1135.56,13070555.18,234.86,117.43
1786396649.47,1137.58,13070765.14,209.96,104.98
1786396651.49,1139.59,13070784.67,19.53,9.77
1786396653.51,1141.61,13070944.34,159.67,79.83
1786396655.53,1143.63,13070944.34,0.00,0.00
1786396657.54,1145.65,13071206.05,261.72,130.86
1786396659.56,1147.66,13071292.48,86.43,43.21
1786396661.58,1149.68,13071414.55,122.07,61.04
1786396663.59,1151.69,13071536.13,121.58,60.79
1786396665.61,1153.71,13071603.52,67.38,33.69
1786396667.62,1155.73,13071674.80,71.29,35.64
1786396669.64,1157.74,13071808.59,133.79,66.89
1786396671.66,1159.76,13071914.55,105.96,52.98
1786396673.68,1161.78,13071915.04,0.49,0.24
1786396675.69,1163.79,13071915.04,0.00,0.00
1786396677.71,1165.81,13072070.31,155.27,77.64
1786396679.72,1167.82,13072158.20,87.89,43.95
1786396681.74,1169.84,13072297.85,139.65,69.82
1786396683.75,1171.85,13072298.34,0.49,0.24
1786396685.77,1173.87,13072298.34,0.00,0.00
1786396687.79,1175.89,13072541.50,243.16,121.58
1786396689.81,1177.91,13072541.50,0.00,0.00
1786396691.82,1179.92,13072711.91,170.41,85.21
1786396693.84,1181.94,13072711.91,0.00,0.00
1786396695.85,1183.95,13072711.91,0.00,0.00
1786396697.93,1186.04,13072712.40,0.49,0.24
1786396699.97,1188.07,13072987.30,274.90,137.45
1786396701.98,1190.09,13073183.11,195.80,97.90
1786396704.00,1192.10,13073183.11,0.00,0.00
1786396706.09,1194.19,13073241.70,58.59,29.30
1786396708.11,1196.21,13073416.50,174.80,87.40
1786396710.12,1198.22,13073516.11,99.61,49.80
1786396712.14,1200.24,13073674.80,158.69,79.35
1786396714.15,1202.25,13073674.80,0.00,0.00
1786396716.25,1204.35,13073762.70,87.89,43.95
1786396718.26,1206.36,13073947.27,184.57,92.29
1786396720.27,1208.38,13073947.27,0.00,0.00
1786396722.29,1210.40,13074216.80,269.53,134.77
1786396724.31,1212.42,13074216.80,0.00,0.00
1786396726.33,1214.43,13074490.72,273.93,136.96
1786396728.37,1216.47,13074511.23,20.51,10.25
1786396730.38,1218.48,13074511.23,0.00,0.00
1786396732.39,1220.49,13074640.14,128.91,64.45
1786396734.41,1222.51,13074640.62,0.49,0.24
1786396736.43,1224.53,13074640.62,0.00,0.00
1786396738.45,1226.56,13074780.76,140.14,70.07
1786396740.47,1228.57,13074781.25,0.49,0.24
1786396742.49,1230.59,13074953.61,172.36,86.18
1786396744.50,1232.61,13074953.61,0.00,0.00
1786396746.52,1234.62,13075134.77,181.15,90.58
1786396748.54,1236.64,13075152.83,18.07,9.03
1786396750.55,1238.66,13075283.69,130.86,65.43
1786396752.58,1240.68,13075466.31,182.62,91.31
1786396754.59,1242.69,13075466.31,0.00,0.00
1786396756.61,1244.71,13075676.27,209.96,104.98
1786396758.65,1246.75,13075709.47,33.20,16.60
1786396760.84,1248.94,13075709.47,0.00,0.00
1786396762.85,1250.95,13075772.46,62.99,31.49
1786396764.89,1252.99,13075772.46,0.00,0.00
1786396766.91,1255.01,13075956.54,184.08,92.04
1786396768.92,1257.02,13076053.22,96.68,48.34
1786396770.93,1259.03,13076058.11,4.88,2.44
1786396772.95,1261.05,13076197.75,139.65,69.82
1786396774.97,1263.07,13076197.75,0.00,0.00
1786396776.99,1265.09,13076476.56,278.81,139.40
1786396779.01,1267.11,13076476.56,0.00,0.00
1786396781.02,1269.13,13076557.13,80.57,40.28
1786396783.03,1271.14,13076654.30,97.17,48.58
1786396785.05,1273.15,13076654.30,0.00,0.00
1786396787.07,1275.17,13076980.96,326.66,163.33
1786396789.09,1277.19,13076980.96,0.00,0.00
1786396791.11,1279.21,13077023.93,42.97,21.48
1786396793.12,1281.22,13077125.00,101.07,50.54
1786396795.13,1283.23,13077125.00,0.00,0.00
1786396797.15,1285.25,13077345.21,220.21,110.11
1786396799.17,1287.27,13077462.40,117.19,58.59
1786396801.18,1289.28,13077482.91,20.51,10.25
1786396803.19,1291.29,13077749.02,266.11,133.06
1786396805.21,1293.31,13077749.02,0.00,0.00
1786396807.23,1295.33,13078049.80,300.78,150.39
1786396809.25,1297.35,13078049.80,0.00,0.00
1786396811.26,1299.37,13078149.41,99.61,49.80
1786396813.27,1301.38,13078257.81,108.40,54.20
1786396815.29,1303.39,13078257.81,0.00,0.00
1786396817.31,1305.41,13078528.32,270.51,135.25
1786396819.32,1307.42,13078528.81,0.49,0.24
1786396821.34,1309.44,13078528.81,0.00,0.00
1786396823.43,1311.54,13078528.81,0.00,0.00
1786396826.18,1314.29,13078805.66,276.86,138.43
1786396828.22,1316.32,13078965.82,160.16,80.08
1786396830.24,1318.34,13078965.82,0.00,0.00
1786396832.26,1320.36,13079154.79,188.96,94.48
1786396834.27,1322.38,13079154.79,0.00,0.00
1786396836.30,1324.40,13079154.79,0.00,0.00
1786396838.32,1326.42,13079328.12,173.34,86.67
1786396840.33,1328.43,13079380.86,52.73,26.37
1786396842.34,1330.44,13079426.27,45.41,22.71
1786396844.36,1332.46,13079426.27,0.00,0.00
1786396846.38,1334.48,13080216.31,790.04,395.02
1786396848.40,1336.50,13080222.66,6.35,3.17
1786396850.41,1338.52,13080223.14,0.49,0.24
1786396852.43,1340.53,13080376.95,153.81,76.90
1786396854.45,1342.55,13080644.04,267.09,133.54
1786396856.47,1344.58,13080760.25,116.21,58.11
1786396858.49,1346.60,13080898.93,138.67,69.34
1786396860.51,1348.61,13080898.93,0.00,0.00
1786396862.53,1350.63,13081201.66,302.73,151.37
1786396864.55,1352.65,13081202.15,0.49,0.24
1786396866.57,1354.67,13081380.37,178.22,89.11
1786396868.58,1356.68,13081513.67,133.30,66.65
1786396870.60,1358.70,13081513.67,0.00,0.00
1786396872.61,1360.71,13081672.85,159.18,79.59
1786396874.63,1362.73,13081672.85,0.00,0.00
1786396876.65,1364.75,13081877.44,204.59,102.29
1786396878.66,1366.76,13081910.16,32.71,16.36
1786396880.68,1368.79,13082114.26,204.10,102.05
1786396882.70,1370.80,13082416.02,301.76,150.88
1786396884.72,1372.82,13082552.25,136.23,68.12
1786396886.74,1374.84,13082757.32,205.08,102.54
1786396888.76,1376.87,13082865.72,108.40,54.20
1786396890.79,1378.89,13082865.72,0.00,0.00
1786396892.80,1380.91,13083008.79,143.07,71.53
1786396894.82,1382.93,13083009.28,0.49,0.24
1786396896.84,1384.94,13083235.84,226.56,113.28
1786396899.15,1387.25,13083317.38,81.54,40.77
1786396901.17,1389.27,13083343.26,25.88,12.94
1786396903.19,1391.29,13083607.91,264.65,132.32
1786396905.20,1393.31,13083607.91,0.00,0.00
1786396907.22,1395.32,13083682.13,74.22,37.11
1786396909.24,1397.34,13083872.56,190.43,95.21
1786396911.27,1399.37,13083947.75,75.20,37.60
1786396913.29,1401.39,13084025.88,78.12,39.06
1786396915.30,1403.41,13084025.88,0.00,0.00
1786396917.32,1405.42,13084306.64,280.76,140.38
1786396919.34,1407.44,13084306.64,0.00,0.00
1786396921.36,1409.46,13084411.62,104.98,52.49
1786396923.37,1411.47,13084484.86,73.24,36.62
1786396925.39,1413.49,13084484.86,0.00,0.00
1786396927.41,1415.52,13084812.99,328.12,164.06
1786396929.43,1417.53,13084812.99,0.00,0.00
1786396931.45,1419.55,13084948.24,135.25,67.63
1786396933.46,1421.56,13084984.38,36.13,18.07
1786396935.48,1423.58,13084984.38,0.00,0.00
1786396937.52,1425.62,13085137.21,152.83,76.42
1786396939.54,1427.65,13085280.76,143.55,71.78
1786396941.56,1429.66,13085433.59,152.83,76.42
1786396943.56,1431.67,13085451.17,17.58,8.79
1786396945.59,1433.69,13085451.17,0.00,0.00
1786396947.60,1435.70,13085654.30,203.12,101.56
1786396949.61,1437.72,13085872.07,217.77,108.89
1786396951.63,1439.73,13085978.52,106.45,53.22
1786396953.64,1441.75,13085996.09,17.58,8.79
1786396955.67,1443.77,13085996.09,0.00,0.00
1786396957.69,1445.79,13086352.54,356.45,178.22
1786396959.70,1447.80,13086755.86,403.32,201.66
1786396961.72,1449.82,13086910.64,154.79,77.39
1786396963.73,1451.84,13087221.68,311.04,155.52
1786396965.76,1453.86,13087301.76,80.08,40.04
1786396967.76,1455.87,13087628.42,326.66,163.33
1786396969.78,1457.88,13087628.91,0.49,0.24
1786396971.80,1459.90,13087854.49,225.59,112.79
1786396973.84,1461.94,13087857.91,3.42,1.71
1786396975.85,1463.95,13088103.52,245.61,122.80
1786396977.87,1465.97,13088287.11,183.59,91.80
1786396979.89,1467.99,13088287.11,0.00,0.00
1786396981.90,1470.01,13088458.50,171.39,85.69
1786396983.92,1472.02,13088458.50,0.00,0.00
1786396985.93,1474.04,13088854.49,396.00,198.00
1786396987.95,1476.05,13088956.54,102.05,51.03
1786396989.99,1478.09,13088988.77,32.23,16.11
1786396992.00,1480.11,13089264.65,275.88,137.94
1786396994.21,1482.31,13089264.65,0.00,0.00
1786396996.22,1484.33,13089264.65,0.00,0.00
1786396998.30,1486.40,13089384.28,119.63,59.81
1786397000.31,1488.41,13089460.45,76.17,38.09
1786397002.33,1490.43,13089624.51,164.06,82.03
1786397004.34,1492.44,13089625.00,0.49,0.24
1786397006.36,1494.46,13089715.33,90.33,45.17
1786397008.38,1496.48,13089763.67,48.34,24.17
1786397010.39,1498.50,13089900.39,136.72,68.36
1786397012.41,1500.51,13090000.00,99.61,49.80
1786397014.42,1502.53,13090000.49,0.49,0.24
1786397016.44,1504.54,13090116.21,115.72,57.86
1786397018.45,1506.55,13090467.77,351.56,175.78
1786397020.47,1508.57,13090467.77,0.00,0.00
1786397022.48,1510.58,13090844.73,376.95,188.48
1786397024.49,1512.60,13090844.73,0.00,0.00
1786397026.51,1514.61,13091019.04,174.32,87.16
1786397028.52,1516.63,13091100.59,81.54,40.77
1786397030.53,1518.64,13091154.79,54.20,27.10
1786397032.55,1520.65,13091257.81,103.03,51.51
1786397034.56,1522.67,13091402.34,144.53,72.27
1786397036.58,1524.68,13091476.07,73.73,36.87
1786397038.60,1526.70,13091657.71,181.64,90.82
1786397040.61,1528.72,13091657.71,0.00,0.00
1786397042.63,1530.73,13091831.54,173.83,86.91
1786397044.65,1532.75,13092002.93,171.39,85.69
1786397046.66,1534.77,13092034.18,31.25,15.62
1786397048.68,1536.78,13092272.46,238.28,119.14
1786397050.70,1538.80,13092272.95,0.49,0.24
1786397052.71,1540.81,13092443.36,170.41,85.21
1786397054.73,1542.83,13092443.36,0.00,0.00
1786397056.75,1544.85,13092627.44,184.08,92.04
1786397058.77,1546.87,13092852.05,224.61,112.30
1786397060.85,1548.96,13092852.05,0.00,0.00
1786397062.87,1550.97,13092937.01,84.96,42.48
1786397064.88,1552.99,13092937.01,0.00,0.00
1786397066.90,1555.00,13093244.14,307.13,153.56
1786397068.91,1557.01,13093317.38,73.24,36.62
1786397070.92,1559.02,13093346.19,28.81,14.40
1786397072.93,1561.04,13093457.03,110.84,55.42
1786397074.95,1563.05,13093457.03,0.00,0.00
1786397076.96,1565.06,13093786.62,329.59,164.79
1786397078.97,1567.07,13093895.02,108.40,54.20
1786397080.99,1569.09,13093946.78,51.76,25.88
1786397083.00,1571.10,13094105.96,159.18,79.59
1786397085.01,1573.11,13094105.96,0.00,0.00
1786397087.02,1575.13,13094409.18,303.22,151.61
1786397089.04,1577.14,13094409.18,0.00,0.00
1786397091.06,1579.16,13094409.18,0.00,0.00
1786397093.07,1581.18,13094551.27,142.09,71.04
1786397095.09,1583.19,13094698.24,146.97,73.49
1786397097.11,1585.21,13094841.31,143.07,71.53
1786397099.12,1587.22,13095002.44,161.13,80.57
1786397101.13,1589.24,13095013.18,10.74,5.37
1786397103.14,1591.25,13095133.79,120.61,60.30
1786397105.17,1593.27,13095265.62,131.84,65.92
1786397107.19,1595.29,13095387.70,122.07,61.04
1786397109.21,1597.31,13095460.45,72.75,36.38
1786397111.24,1599.34,13095625.00,164.55,82.28
1786397113.25,1601.36,13095825.68,200.68,100.34
1786397115.27,1603.37,13095825.68,0.00,0.00
1786397117.29,1605.39,13095994.14,168.46,84.23
1786397119.30,1607.41,13096132.81,138.67,69.34
1786397121.31,1609.41,13096299.32,166.50,83.25
1786397123.33,1611.43,13096299.32,0.00,0.00
1786397125.34,1613.44,13096310.06,10.74,5.37
1786397127.36,1615.46,13096435.06,125.00,62.50
1786397129.38,1617.48,13096435.06,0.00,0.00
1786397131.40,1619.50,13096674.80,239.75,119.87
1786397133.42,1621.52,13096674.80,0.00,0.00
1786397135.49,1623.59,13096674.80,0.00,0.00
1786397137.59,1625.69,13096844.73,169.92,84.96
1786397139.61,1627.71,13097025.88,181.15,90.58
1786397141.63,1629.73,13097224.61,198.73,99.37
1786397143.64,1631.74,13097225.10,0.49,0.24
1786397145.65,1633.76,13097243.65,18.55,9.28
1786397147.67,1635.77,13097530.76,287.11,143.55
1786397149.68,1637.79,13097530.76,0.00,0.00
1786397151.70,1639.80,13097691.89,161.13,80.57
1786397153.71,1641.81,13097730.96,39.06,19.53
1786397155.72,1643.82,13098258.79,527.83,263.92
1786397157.73,1645.84,13098270.02,11.23,5.62
1786397159.75,1647.86,13098556.64,286.62,143.31
1786397161.77,1649.87,13098739.75,183.11,91.55
1786397163.80,1651.90,13098756.35,16.60,8.30
1786397165.81,1653.92,13099062.99,306.64,153.32
1786397167.83,1655.93,13099236.33,173.34,86.67
1786397169.84,1657.94,13099236.33,0.00,0.00
1786397171.86,1659.96,13099360.35,124.02,62.01
1786397173.88,1661.98,13099360.35,0.00,0.00
1786397175.89,1664.00,13099682.62,322.27,161.13
1786397177.91,1666.01,13099863.28,180.66,90.33
1786397180.13,1668.23,13099863.28,0.00,0.00
1786397182.15,1670.25,13099992.68,129.39,64.70
1786397184.16,1672.26,13100028.81,36.13,18.07
1786397186.20,1674.30,13100128.42,99.61,49.80
1786397188.21,1676.32,13100232.91,104.49,52.25
1786397190.23,1678.33,13100434.08,201.17,100.59
1786397192.24,1680.35,13100535.64,101.56,50.78
1786397194.26,1682.36,13100604.00,68.36,34.18
1786397196.27,1684.37,13100642.09,38.09,19.04
1786397198.28,1686.39,13100780.76,138.67,69.34
1786397200.30,1688.40,13100780.76,0.00,0.00
1786397202.31,1690.41,13101058.59,277.83,138.92
1786397204.32,1692.43,13101058.59,0.00,0.00
1786397206.34,1694.44,13101240.23,181.64,90.82
1786397208.35,1696.45,13101274.41,34.18,17.09
1786397210.36,1698.46,13101329.59,55.18,27.59
1786397212.37,1700.48,13101501.95,172.36,86.18
1786397214.39,1702.49,13101569.34,67.38,33.69
1786397216.40,1704.50,13101599.61,30.27,15.14
1786397218.41,1706.51,13101674.80,75.20,37.60
1786397220.42,1708.52,13101983.40,308.59,154.30
1786397222.43,1710.54,13102187.99,204.59,102.29
1786397224.45,1712.55,13102256.84,68.85,34.42
1786397226.46,1714.57,13102333.50,76.66,38.33
1786397228.49,1716.60,13102388.67,55.18,27.59
1786397230.51,1718.61,13102585.94,197.27,98.63
1786397232.53,1720.63,13102725.10,139.16,69.58
1786397234.54,1722.64,13102834.96,109.86,54.93
1786397236.55,1724.65,13102922.36,87.40,43.70
1786397238.57,1726.67,13102950.20,27.83,13.92
1786397240.61,1728.71,13102991.70,41.50,20.75
1786397242.62,1730.72,13103327.64,335.94,167.97
1786397244.63,1732.74,13103327.64,0.00,0.00
1786397246.65,1734.75,13103425.78,98.14,49.07
1786397248.66,1736.76,13103458.01,32.23,16.11
1786397250.67,1738.78,13103990.23,532.23,266.11
1786397252.69,1740.79,13104162.11,171.88,85.94
1786397254.70,1742.81,13104296.39,134.28,67.14
1786397256.72,1744.82,13104345.70,49.32,24.66
1786397258.73,1746.83,13104500.00,154.30,77.15
1786397260.75,1748.85,13104783.69,283.69,141.85
1786397262.76,1750.86,13104783.69,0.00,0.00
1786397264.78,1752.89,13104783.69,0.00,0.00
1786397266.83,1754.93,13105016.11,232.42,116.21
1786397268.86,1756.96,13105016.11,0.00,0.00
1786397270.87,1758.98,13105016.11,0.00,0.00
1786397272.89,1760.99,13105227.54,211.43,105.71
1786397274.90,1763.00,13105428.71,201.17,100.59
1786397276.91,1765.01,13105506.35,77.64,38.82
1786397278.93,1767.03,13105681.15,174.80,87.40
1786397280.95,1769.05,13105681.15,0.00,0.00
1786397282.96,1771.07,13105841.31,160.16,80.08
1786397284.98,1773.08,13105913.09,71.78,35.89
1786397287.00,1775.10,13106038.09,125.00,62.50
1786397289.02,1777.12,13106094.73,56.64,28.32
1786397291.02,1779.13,13106203.61,108.89,54.44
1786397293.04,1781.14,13106331.54,127.93,63.96
1786397295.06,1783.16,13106544.43,212.89,106.45
1786397297.07,1785.17,13106544.43,0.00,0.00
1786397299.09,1787.19,13106623.54,79.10,39.55
1786397301.11,1789.21,13106640.14,16.60,8.30
1786397303.12,1791.22,13106723.14,83.01,41.50
1786397305.14,1793.24,13106723.14,0.00,0.00
1786397307.16,1795.26,13106955.57,232.42,116.21
1786397309.18,1797.28,13106998.54,42.97,21.48
1786397311.27,1799.37,13107050.78,52.25,26.12
1786397313.28,1801.39,13107199.22,148.44,74.22
1786397315.30,1803.40,13107376.46,177.25,88.62
1786397317.31,1805.42,13107574.71,198.24,99.12
1786397319.35,1807.45,13107608.40,33.69,16.85
1786397321.37,1809.47,13107667.97,59.57,29.79
1786397323.41,1811.51,13107812.50,144.53,72.27
1786397325.42,1813.52,13107812.50,0.00,0.00
1786397327.45,1815.55,13108050.29,237.79,118.90
1786397329.46,1817.57,13108050.78,0.49,0.24
1786397331.49,1819.59,13108125.49,74.71,37.35
1786397333.51,1821.61,13108204.10,78.61,39.31
1786397335.52,1823.62,13108523.93,319.82,159.91
1786397337.54,1825.64,13108626.46,102.54,51.27
1786397339.56,1827.66,13108689.45,62.99,31.49
1786397341.57,1829.67,13108720.21,30.76,15.38
1786397343.58,1831.69,13108756.35,36.13,18.07
1786397345.60,1833.71,13108861.82,105.47,52.73
1786397347.62,1835.72,13109143.07,281.25,140.62
1786397349.64,1837.74,13109143.07,0.00,0.00
1786397351.65,1839.75,13109271.48,128.42,64.21
1786397353.67,1841.77,13109381.35,109.86,54.93
1786397355.68,1843.78,13109708.98,327.64,163.82
1786397357.70,1845.80,13109847.66,138.67,69.34
1786397359.71,1847.81,13109859.38,11.72,5.86
1786397361.84,1849.94,13109860.84,1.46,0.73
1786397363.85,1851.95,13109997.56,136.72,68.36
1786397365.87,1853.97,13110156.25,158.69,79.35
1786397367.89,1855.99,13110156.25,0.00,0.00
1786397369.91,1858.01,13110497.56,341.31,170.65
1786397371.93,1860.03,13110547.85,50.29,25.15
1786397373.94,1862.04,13110635.74,87.89,43.95
1786397375.96,1864.06,13110784.18,148.44,74.22
1786397377.98,1866.08,13110812.50,28.32,14.16
1786397379.99,1868.09,13110846.19,33.69,16.85
1786397382.07,1870.17,13110879.39,33.20,16.60
1786397384.10,1872.20,13111224.61,345.21,172.61
1786397386.12,1874.22,13111305.18,80.57,40.28
1786397388.15,1876.25,13111364.26,59.08,29.54
1786397390.17,1878.27,13111462.40,98.14,49.07
1786397392.19,1880.29,13111647.46,185.06,92.53
1786397394.20,1882.30,13111705.57,58.11,29.05
1786397396.28,1884.38,13112052.25,346.68,173.34
1786397398.29,1886.39,13112224.61,172.36,86.18
1786397400.31,1888.41,13112224.61,0.00,0.00
1786397402.32,1890.42,13112535.64,311.04,155.52
1786397404.33,1892.43,13112600.10,64.45,32.23
1786397406.35,1894.45,13112630.37,30.27,15.14
1786397408.36,1896.46,13112899.41,269.04,134.52
1786397410.37,1898.48,13112899.41,0.00,0.00
1786397412.39,1900.49,13112972.17,72.75,36.38
1786397414.47,1902.58,13112975.59,3.42,1.71
1786397416.49,1904.60,13113030.76,55.18,27.59
1786397418.51,1906.61,13113184.08,153.32,76.66
1786397420.53,1908.63,13113554.20,370.12,185.06
1786397422.55,1910.65,13113554.69,0.49,0.24
1786397424.58,1912.68,13113554.69,0.00,0.00
1786397426.60,1914.70,13113745.12,190.43,95.21
1786397428.62,1916.72,13113945.31,200.20,100.10
1786397430.65,1918.75,13114126.95,181.64,90.82
1786397432.66,1920.76,13114288.57,161.62,80.81
1786397434.67,1922.78,13114288.57,0.00,0.00
1786397436.69,1924.79,13114288.57,0.00,0.00
1786397438.71,1926.81,13114595.70,307.13,153.56
1786397440.73,1928.83,13114685.06,89.36,44.68
1786397442.74,1930.84,13114955.57,270.51,135.25
1786397444.76,1932.86,13114955.57,0.00,0.00
1786397446.77,1934.87,13115251.46,295.90,147.95
1786397448.78,1936.88,13115317.38,65.92,32.96
1786397450.79,1938.90,13115317.87,0.49,0.24
1786397452.81,1940.91,13115613.77,295.90,147.95
1786397454.83,1942.93,13115613.77,0.00,0.00
1786397456.84,1944.94,13115771.97,158.20,79.10
1786397458.85,1946.95,13115978.52,206.54,103.27
1786397460.87,1948.97,13115978.52,0.00,0.00
1786397462.89,1950.99,13116148.44,169.92,84.96
1786397464.91,1953.01,13116434.57,286.13,143.07
1786397466.93,1955.04,13116518.55,83.98,41.99
1786397468.95,1957.05,13116748.05,229.49,114.75
1786397470.97,1959.07,13116748.54,0.49,0.24
1786397472.99,1961.09,13116889.16,140.62,70.31
1786397475.00,1963.10,13117062.99,173.83,86.91
1786397477.04,1965.14,13117098.14,35.16,17.58
1786397479.06,1967.16,13117189.94,91.80,45.90
1786397481.07,1969.17,13117189.94,0.00,0.00
1786397483.09,1971.19,13117403.32,213.38,106.69
1786397485.10,1973.21,13117647.95,244.63,122.31
1786397487.12,1975.23,13117647.95,0.00,0.00
1786397489.14,1977.24,13117819.34,171.39,85.69
1786397491.15,1979.25,13117847.17,27.83,13.92
1786397493.17,1981.27,13117909.67,62.50,31.25
1786397495.19,1983.29,13118045.41,135.74,67.87
1786397497.21,1985.31,13118187.50,142.09,71.04
1786397499.22,1987.32,13118238.28,50.78,25.39
1786397501.23,1989.33,13118429.69,191.41,95.70
1786397503.25,1991.36,13118816.41,386.72,193.36
1786397505.26,1993.36,13118928.71,112.30,56.15
1786397507.28,1995.38,13119068.36,139.65,69.82
1786397509.29,1997.40,13119149.41,81.05,40.53
1786397511.31,1999.41,13119249.51,100.10,50.05
1786397513.33,2001.43,13119249.51,0.00,0.00
1786397515.35,2003.45,13119547.85,298.34,149.17
1786397517.37,2005.47,13119548.34,0.49,0.24
1786397519.39,2007.49,13119911.13,362.79,181.40
1786397521.41,2009.51,13119911.62,0.49,0.24
1786397523.43,2011.53,13119911.62,0.00,0.00
1786397525.45,2013.55,13120110.84,199.22,99.61
1786397527.47,2015.57,13120111.33,0.49,0.24
1786397529.49,2017.59,13120471.68,360.35,180.18
1786397531.51,2019.61,13120471.68,0.00,0.00
1786397533.52,2021.62,13120471.68,0.00,0.00
1786397535.55,2023.65,13120638.18,166.50,83.25
1786397537.56,2025.66,13120638.18,0.00,0.00
1786397539.57,2027.68,13120905.76,267.58,133.79
1786397541.59,2029.69,13120905.76,0.00,0.00
1786397543.61,2031.71,13120905.76,0.00,0.00
1786397545.62,2033.72,13121114.26,208.50,104.25
1786397547.64,2035.74,13121114.26,0.00,0.00
1786397549.65,2037.75,13121225.59,111.33,55.66
1786397551.67,2039.77,13121499.51,273.93,136.96
1786397553.68,2041.78,13121499.51,0.00,0.00
1786397555.70,2043.80,13121886.72,387.21,193.60
1786397557.71,2045.81,13121887.21,0.49,0.24
1786397559.72,2047.83,13122152.83,265.62,132.81
1786397561.74,2049.84,13122152.83,0.00,0.00
1786397563.75,2051.85,13122152.83,0.00,0.00
1786397565.76,2053.87,13122152.83,0.00,0.00
1786397567.78,2055.88,13122504.88,352.05,176.03
1786397569.79,2057.89,13122504.88,0.00,0.00
1786397571.81,2059.91,13122765.62,260.74,130.37
1786397573.82,2061.92,13122766.11,0.49,0.24
1786397575.83,2063.94,13123054.69,288.57,144.29
1786397577.85,2065.95,13123054.69,0.00,0.00
1786397579.86,2067.97,13123314.45,259.77,129.88
1786397581.88,2069.98,13123380.37,65.92,32.96
1786397583.90,2072.00,13123380.37,0.00,0.00
1786397585.92,2074.02,13123699.22,318.85,159.42
1786397587.94,2076.04,13123699.22,0.00,0.00
1786397589.95,2078.05,13123938.48,239.26,119.63
1786397591.97,2080.07,13124007.32,68.85,34.42
1786397593.98,2082.08,13124007.32,0.00,0.00
1786397596.00,2084.10,13124268.07,260.74,130.37
1786397598.01,2086.11,13124268.55,0.49,0.24
1786397600.03,2088.13,13124339.84,71.29,35.64
1786397602.04,2090.15,13124475.59,135.74,67.87
1786397604.19,2092.30,13124514.16,38.57,19.29
1786397606.22,2094.32,13124847.17,333.01,166.50
1786397608.23,2096.33,13124847.17,0.00,0.00
1786397610.25,2098.35,13125145.02,297.85,148.93
1786397612.26,2100.36,13125145.02,0.00,0.00
1786397614.27,2102.37,13125213.38,68.36,34.18
1786397616.30,2104.40,13125385.74,172.36,86.18
1786397618.32,2106.42,13125385.74,0.00,0.00
1786397620.33,2108.43,13125783.69,397.95,198.97
1786397622.34,2110.45,13125784.18,0.49,0.24
1786397624.36,2112.46,13125784.18,0.00,0.00
1786397626.39,2114.50,13125949.22,165.04,82.52
1786397628.41,2116.51,13126073.73,124.51,62.26
1786397630.42,2118.53,13126073.73,0.00,0.00
1786397632.44,2120.54,13126291.50,217.77,108.89
1786397634.45,2122.56,13126417.97,126.46,63.23
1786397636.47,2124.57,13126443.36,25.39,12.70
1786397638.48,2126.58,13126443.36,0.00,0.00
1786397640.49,2128.60,13126695.80,252.44,126.22
1786397642.51,2130.61,13126696.29,0.49,0.24
1786397644.52,2132.63,13126796.39,100.10,50.05
1786397646.54,2134.64,13126850.10,53.71,26.86
1786397648.57,2136.67,13127028.81,178.71,89.36
1786397650.59,2138.69,13127373.05,344.24,172.12
1786397652.60,2140.71,13127373.54,0.49,0.24
1786397654.62,2142.72,13127540.53,166.99,83.50
1786397656.64,2144.74,13127574.71,34.18,17.09
1786397658.66,2146.76,13127574.71,0.00,0.00
1786397660.67,2148.77,13127782.71,208.01,104.00
1786397662.83,2150.94,13127782.71,0.00,0.00
1786397664.85,2152.95,13127947.75,165.04,82.52
1786397666.86,2154.97,13127947.75,0.00,0.00
1786397668.88,2156.98,13128120.12,172.36,86.18
1786397670.89,2159.00,13128289.06,168.95,84.47
1786397672.90,2161.00,13128350.10,61.04,30.52
1786397674.92,2163.02,13128458.50,108.40,54.20
1786397676.93,2165.03,13128458.50,0.00,0.00
1786397678.95,2167.05,13128664.55,206.05,103.03
1786397680.96,2169.06,13128782.71,118.16,59.08
1786397682.97,2171.07,13128808.59,25.88,12.94
1786397684.98,2173.09,13128809.08,0.49,0.24
1786397687.01,2175.11,13128999.51,190.43,95.21
1786397689.02,2177.13,13129117.68,118.16,59.08
1786397691.04,2179.14,13129208.50,90.82,45.41
1786397693.05,2181.15,13129694.34,485.84,242.92
1786397695.06,2183.16,13129784.18,89.84,44.92
1786397697.08,2185.18,13129887.70,103.52,51.76
1786397699.09,2187.19,13129900.39,12.70,6.35
1786397701.10,2189.20,13130235.35,334.96,167.48
1786397703.12,2191.22,13130235.35,0.00,0.00
1786397705.14,2193.24,13130541.99,306.64,153.32
1786397707.17,2195.27,13130557.13,15.14,7.57
1786397709.19,2197.29,13130573.24,16.11,8.06
1786397711.20,2199.30,13130897.95,324.71,162.35
1786397713.21,2201.32,13130897.95,0.00,0.00
1786397715.23,2203.33,13131225.59,327.64,163.82
1786397717.26,2205.36,13131382.81,157.23,78.61
1786397719.27,2207.37,13131439.45,56.64,28.32
1786397721.30,2209.40,13131516.11,76.66,38.33
1786397723.32,2211.42,13131516.60,0.49,0.24
1786397725.33,2213.43,13131523.93,7.32,3.66
1786397727.34,2215.44,13131655.27,131.35,65.67
1786397729.36,2217.46,13131655.27,0.00,0.00
1786397731.50,2219.60,13132046.88,391.60,195.80
1786397733.68,2221.79,13132047.36,0.49,0.24
1786397735.71,2223.81,13132047.36,0.00,0.00
1786397737.73,2225.84,13132252.44,205.08,102.54
1786397739.76,2227.86,13132270.51,18.07,9.03
1786397741.78,2229.88,13132407.23,136.72,68.36
1786397743.79,2231.89,13132407.71,0.49,0.24
1786397745.80,2233.91,13132407.71,0.00,0.00
1786397747.83,2235.93,13132469.73,62.01,31.01
1786397749.84,2237.94,13132642.58,172.85,86.43
1786397751.86,2239.96,13132806.15,163.57,81.79
1786397753.89,2241.99,13133140.62,334.47,167.24
1786397755.91,2244.01,13133373.54,232.91,116.46
1786397757.92,2246.02,13133435.06,61.52,30.76
1786397759.94,2248.04,13133461.43,26.37,13.18
1786397761.95,2250.05,13133605.96,144.53,72.27
1786397763.97,2252.07,13133830.08,224.12,112.06
1786397765.98,2254.08,13134032.23,202.15,101.07
1786397767.99,2256.09,13134061.52,29.30,14.65
1786397770.01,2258.11,13134111.82,50.29,25.15
1786397772.01,2260.12,13134230.96,119.14,59.57
1786397774.12,2262.22,13134230.96,0.00,0.00
1786397776.15,2264.25,13134381.35,150.39,75.20
1786397778.17,2266.27,13134609.38,228.03,114.01
1786397780.18,2268.28,13134702.64,93.26,46.63
1786397782.20,2270.30,13134975.59,272.95,136.47
1786397784.21,2272.31,13134995.12,19.53,9.77
1786397786.23,2274.33,13135236.33,241.21,120.61
1786397788.25,2276.35,13135387.21,150.88,75.44
1786397790.28,2278.39,13135674.80,287.60,143.80
1786397792.30,2280.40,13135806.15,131.35,65.67
1786397794.32,2282.42,13135806.15,0.00,0.00
1786397796.33,2284.43,13135914.06,107.91,53.96
1786397798.35,2286.45,13136040.04,125.98,62.99
1786397800.36,2288.46,13136173.83,133.79,66.89
1786397802.38,2290.48,13136173.83,0.00,0.00
1786397804.39,2292.50,13136174.32,0.49,0.24
1786397806.43,2294.54,13136264.65,90.33,45.17
1786397808.45,2296.55,13136347.66,83.01,41.50
1786397810.46,2298.56,13136449.71,102.05,51.03
1786397812.48,2300.58,13136757.32,307.62,153.81
1786397814.49,2302.59,13136757.81,0.49,0.24
1786397816.51,2304.61,13136928.22,170.41,85.21
1786397818.52,2306.62,13137051.76,123.54,61.77
1786397820.58,2308.68,13137195.31,143.55,71.78
1786397822.59,2310.69,13137370.12,174.80,87.40
1786397824.60,2312.71,13137399.90,29.79,14.89
1786397826.62,2314.72,13137881.84,481.93,240.97
1786397828.64,2316.74,13137937.50,55.66,27.83
1786397830.65,2318.76,13138149.41,211.91,105.96
1786397832.67,2320.77,13138249.51,100.10,50.05
1786397834.68,2322.78,13138249.51,0.00,0.00
1786397836.69,2324.80,13138346.68,97.17,48.58
1786397838.71,2326.81,13138639.65,292.97,146.48
1786397840.72,2328.83,13138767.09,127.44,63.72
1786397842.75,2330.85,13138806.64,39.55,19.78
1786397844.76,2332.86,13138807.13,0.49,0.24
1786397846.90,2335.00,13138873.05,65.92,32.96
1786397848.91,2337.02,13138873.05,0.00,0.00
1786397850.93,2339.03,13139013.18,140.14,70.07
1786397852.94,2341.05,13139013.18,0.00,0.00
1786397854.96,2343.06,13139033.69,20.51,10.25
1786397856.97,2345.07,13139247.56,213.87,106.93
1786397858.99,2347.09,13139247.56,0.00,0.00
1786397861.00,2349.10,13139423.83,176.27,88.13
1786397863.02,2351.12,13139424.32,0.49,0.24
1786397865.07,2353.17,13139424.32,0.00,0.00
1786397867.10,2355.20,13139691.89,267.58,133.79
1786397869.38,2357.49,13139775.39,83.50,41.75
1786397871.40,2359.50,13139867.68,92.29,46.14
1786397873.41,2361.51,13140062.01,194.34,97.17
1786397875.43,2363.53,13140200.20,138.18,69.09
1786397877.44,2365.54,13140208.98,8.79,4.39
1786397879.46,2367.56,13140430.66,221.68,110.84
1786397881.47,2369.57,13140732.42,301.76,150.88
1786397883.49,2371.59,13140732.91,0.49,0.24
1786397885.51,2373.61,13140903.32,170.41,85.21
1786397887.54,2375.65,13140907.23,3.91,1.95
1786397889.55,2377.65,13141041.99,134.77,67.38
1786397891.57,2379.67,13141175.29,133.30,66.65
1786397893.58,2381.68,13141175.78,0.49,0.24
1786397895.60,2383.70,13141361.33,185.55,92.77
1786397897.63,2385.73,13141384.28,22.95,11.47
1786397899.65,2387.75,13141384.28,0.00,0.00
1786397901.66,2389.77,13141759.28,375.00,187.50
1786397903.68,2391.78,13141759.77,0.49,0.24
1786397905.69,2393.80,13141898.93,139.16,69.58
1786397907.71,2395.81,13141979.49,80.57,40.28
1786397909.72,2397.82,13142107.42,127.93,63.96
1786397911.73,2399.84,13142291.50,184.08,92.04
1786397913.75,2401.85,13142291.99,0.49,0.24
1786397915.77,2403.87,13142539.55,247.56,123.78
1786397917.78,2405.88,13142618.16,78.61,39.31
1786397919.79,2407.89,13142618.65,0.49,0.24
1786397921.81,2409.91,13142810.06,191.41,95.70
1786397923.82,2411.92,13142810.55,0.49,0.24
1786397925.84,2413.94,13142810.55,0.00,0.00
1786397927.85,2415.95,13142980.47,169.92,84.96
1786397929.87,2417.97,13143130.37,149.90,74.95
1786397931.88,2419.99,13143280.76,150.39,75.20
1786397933.90,2422.00,13143316.41,35.64,17.82
1786397935.91,2424.01,13143523.44,207.03,103.52
1786397937.93,2426.03,13143586.43,62.99,31.49
1786397939.94,2428.05,13143853.03,266.60,133.30
1786397941.96,2430.07,13144104.49,251.46,125.73
1786397944.01,2432.11,13144104.49,0.00,0.00
1786397946.03,2434.13,13144246.09,141.60,70.80
1786397948.04,2436.14,13144372.56,126.46,63.23
1786397950.05,2438.15,13144481.93,109.38,54.69
1786397952.07,2440.17,13144743.16,261.23,130.62
1786397954.07,2442.18,13144743.65,0.49,0.24
1786397956.09,2444.19,13144898.44,154.79,77.39
1786397958.11,2446.21,13144945.31,46.88,23.44
1786397960.64,2448.74,13145068.36,123.05,61.52
1786397962.65,2450.76,13145068.36,0.00,0.00
1786397964.67,2452.77,13145262.21,193.85,96.92
1786397966.68,2454.79,13145349.61,87.40,43.70
1786397968.70,2456.80,13145394.04,44.43,22.22
1786397970.72,2458.82,13145482.91,88.87,44.43
1786397972.73,2460.84,13145482.91,0.00,0.00
1786397974.77,2462.87,13145687.01,204.10,102.05
1786397976.78,2464.88,13145687.01,0.00,0.00
1786397978.79,2466.90,13145925.78,238.77,119.38
1786397980.81,2468.91,13145990.72,64.94,32.47
1786397982.82,2470.92,13146157.71,166.99,83.50
1786397984.84,2472.94,13146243.65,85.94,42.97
1786397986.85,2474.96,13146337.40,93.75,46.88
1786397989.07,2477.17,13146405.76,68.36,34.18
1786397991.09,2479.19,13146497.56,91.80,45.90
1786397993.10,2481.20,13146646.48,148.93,74.46
1786397995.12,2483.22,13146687.99,41.50,20.75
1786397997.14,2485.24,13146983.40,295.41,147.71
1786397999.15,2487.25,13146983.40,0.00,0.00
1786398001.17,2489.27,13147100.10,116.70,58.35
1786398003.18,2491.28,13147100.59,0.49,0.24
1786398005.21,2493.32,13147153.81,53.22,26.61
1786398007.23,2495.33,13147472.17,318.36,159.18
1786398009.25,2497.35,13147472.66,0.49,0.24
1786398011.26,2499.37,13147653.32,180.66,90.33
1786398013.28,2501.38,13147653.32,0.00,0.00
1786398015.33,2503.44,13147750.49,97.17,48.58
1786398017.36,2505.47,13147863.28,112.79,56.40
1786398019.38,2507.48,13148172.36,309.08,154.54
1786398021.39,2509.49,13148263.18,90.82,45.41
1786398023.40,2511.51,13148263.67,0.49,0.24
1786398025.48,2513.58,13148330.57,66.89,33.45
1786398027.50,2515.60,13148423.83,93.26,46.63
1786398029.51,2517.62,13148703.61,279.79,139.89
1786398031.53,2519.63,13148893.55,189.94,94.97
1786398033.54,2521.65,13148893.55,0.00,0.00
1786398035.56,2523.66,13148893.55,0.00,0.00
1786398037.59,2525.70,13149051.76,158.20,79.10
1786398039.61,2527.71,13149097.17,45.41,22.71
1786398041.62,2529.72,13149174.80,77.64,38.82
1786398043.64,2531.74,13149175.29,0.49,0.24
1786398045.66,2533.76,13149175.29,0.00,0.00
1786398047.68,2535.78,13149314.45,139.16,69.58
1786398049.70,2537.80,13149448.24,133.79,66.89
1786398051.71,2539.81,13149535.64,87.40,43.70
1786398053.74,2541.85,13149583.98,48.34,24.17
1786398055.77,2543.87,13149806.64,222.66,111.33
1786398057.79,2545.90,13149920.41,113.77,56.88
1786398059.81,2547.91,13149920.41,0.00,0.00
1786398061.83,2549.93,13150180.18,259.77,129.88
1786398063.85,2551.95,13150180.66,0.49,0.24
1786398065.86,2553.96,13150413.57,232.91,116.46
1786398067.88,2555.98,13150421.39,7.81,3.91
1786398069.89,2558.00,13150482.91,61.52,30.76
1786398071.92,2560.02,13150715.33,232.42,116.21
1786398073.93,2562.03,13150715.82,0.49,0.24
1786398075.95,2564.05,13150888.67,172.85,86.43
1786398077.97,2566.07,13150976.56,87.89,43.95
1786398079.98,2568.09,13150983.89,7.32,3.66
1786398082.00,2570.10,13151314.45,330.57,165.28
1786398084.12,2572.22,13151314.45,0.00,0.00
1786398086.14,2574.24,13151436.52,122.07,61.04
1786398088.16,2576.26,13151437.01,0.49,0.24
1786398090.27,2578.37,13151489.75,52.73,26.37
1786398092.28,2580.38,13151745.61,255.86,127.93
1786398094.30,2582.40,13151746.09,0.49,0.24
1786398096.32,2584.42,13151971.68,225.59,112.79
1786398098.33,2586.44,13152104.49,132.81,66.41
1786398100.37,2588.47,13152116.70,12.21,6.10
1786398102.39,2590.49,13152282.23,165.53,82.76
1786398104.41,2592.51,13152282.23,0.00,0.00
1786398106.42,2594.53,13152282.23,0.00,0.00
1786398108.44,2596.54,13152505.86,223.63,111.82
1786398110.46,2598.56,13152505.86,0.00,0.00
1786398112.48,2600.58,13152753.42,247.56,123.78
1786398114.49,2602.60,13152753.91,0.49,0.24
1786398116.51,2604.61,13152955.08,201.17,100.59
1786398118.53,2606.63,13153164.06,208.98,104.49
1786398120.54,2608.65,13153165.04,0.98,0.49
1786398122.56,2610.67,13153305.18,140.14,70.07
1786398124.58,2612.68,13153305.18,0.00,0.00
1786398126.60,2614.70,13153397.95,92.77,46.39
1786398128.62,2616.72,13153572.75,174.80,87.40
1786398130.64,2618.74,13153737.79,165.04,82.52
1786398132.67,2620.77,13153880.37,142.58,71.29
1786398134.68,2622.79,13153880.37,0.00,0.00
1786398136.70,2624.80,13153880.37,0.00,0.00
1786398138.73,2626.84,13154051.76,171.39,85.69
1786398140.75,2628.85,13154253.91,202.15,101.07
1786398142.78,2630.88,13154314.45,60.55,30.27
1786398144.79,2632.90,13154314.45,0.00,0.00
1786398146.81,2634.92,13154380.37,65.92,32.96
1786398148.83,2636.93,13154574.71,194.34,97.17
1786398150.85,2638.95,13154705.57,130.86,65.43
1786398152.86,2640.96,13154705.57,0.00,0.00
1786398154.88,2642.98,13154706.05,0.49,0.24
1786398156.89,2644.99,13154899.90,193.85,96.92
1786398158.91,2647.01,13154899.90,0.00,0.00
1786398160.92,2649.03,13155134.28,234.38,117.19
1786398162.94,2651.04,13155232.91,98.63,49.32
1786398164.95,2653.05,13155233.40,0.49,0.24
1786398166.97,2655.07,13155359.86,126.46,63.23
1786398169.18,2657.28,13155408.20,48.34,24.17
1786398171.19,2659.29,13155509.77,101.56,50.78
1786398173.21,2661.31,13155744.14,234.38,117.19
1786398175.23,2663.33,13155785.64,41.50,20.75
1786398177.24,2665.34,13155847.17,61.52,30.76
1786398179.26,2667.36,13156318.85,471.68,235.84
1786398181.27,2669.37,13156476.07,157.23,78.61
1786398183.29,2671.39,13156573.73,97.66,48.83
1786398185.31,2673.41,13156624.02,50.29,25.15
1786398187.32,2675.42,13156677.73,53.71,26.86
1786398189.33,2677.44,13156863.28,185.55,92.77
1786398191.35,2679.45,13156987.79,124.51,62.26
1786398193.37,2681.48,13156988.28,0.49,0.24
1786398195.44,2683.54,13157004.88,16.60,8.30
1786398197.56,2685.66,13157064.94,60.06,30.03
1786398199.57,2687.67,13157064.94,0.00,0.00
1786398201.59,2689.69,13157142.58,77.64,38.82
1786398203.60,2691.71,13157143.07,0.49,0.24
1786398205.62,2693.72,13157181.15,38.09,19.04
1786398207.63,2695.73,13157215.82,34.67,17.33
1786398209.65,2697.75,13157215.82,0.00,0.00
1786398211.67,2699.77,13157463.87,248.05,124.02
1786398213.69,2701.79,13157464.36,0.49,0.24
1786398215.70,2703.81,13157647.95,183.59,91.80
1786398217.72,2705.83,13157678.71,30.76,15.38
1786398219.74,2707.84,13157804.20,125.49,62.74
1786398221.75,2709.86,13158187.01,382.81,191.41
1786398223.77,2711.87,13158187.01,0.00,0.00
1786398225.79,2713.89,13158187.50,0.49,0.24
1786398227.82,2715.92,13158396.00,208.50,104.25
1786398229.83,2717.93,13158553.71,157.71,78.86
1786398231.84,2719.94,13158801.27,247.56,123.78
1786398233.86,2721.96,13158801.76,0.49,0.24
1786398235.88,2723.98,13158801.76,0.00,0.00
1786398237.89,2725.99,13159056.15,254.39,127.20
1786398239.92,2728.02,13159078.12,21.97,10.99
1786398241.93,2730.03,13159501.46,423.34,211.67
1786398243.95,2732.05,13159501.95,0.49,0.24
1786398245.96,2734.06,13159734.38,232.42,116.21
1786398247.97,2736.07,13159843.26,108.89,54.44
1786398249.99,2738.09,13159843.26,0.00,0.00
1786398252.01,2740.11,13160066.41,223.14,111.57
1786398254.04,2742.14,13160066.41,0.00,0.00
1786398256.05,2744.16,13160332.03,265.62,132.81
1786398258.07,2746.17,13160506.84,174.80,87.40
1786398260.09,2748.19,13160507.81,0.98,0.49
1786398262.23,2750.33,13160507.81,0.00,0.00
1786398264.25,2752.35,13160570.31,62.50,31.25
1786398266.27,2754.37,13160731.45,161.13,80.57
1786398268.28,2756.38,13160869.14,137.70,68.85
1786398270.30,2758.40,13160971.19,102.05,51.03
1786398272.31,2760.41,13160971.19,0.00,0.00
1786398274.33,2762.43,13161064.45,93.26,46.63
1786398276.36,2764.46,13161214.84,150.39,75.20
1786398278.37,2766.47,13161569.34,354.49,177.25
1786398280.38,2768.48,13161658.20,88.87,44.43
1786398282.40,2770.50,13161658.20,0.00,0.00
1786398284.50,2772.60,13161791.99,133.79,66.89
1786398286.51,2774.61,13162021.00,229.00,114.50
1786398288.53,2776.63,13162104.49,83.50,41.75
1786398290.54,2778.64,13162368.65,264.16,132.08
1786398292.56,2780.66,13162773.93,405.27,202.64
1786398294.58,2782.68,13162774.41,0.49,0.24
1786398296.59,2784.70,13162911.13,136.72,68.36
1786398298.61,2786.71,13163040.04,128.91,64.45
1786398300.63,2788.73,13163184.08,144.04,72.02
1786398302.64,2790.74,13163444.34,260.25,130.13
1786398304.66,2792.76,13163444.34,0.00,0.00
1786398306.68,2794.78,13163656.25,211.91,105.96
1786398308.70,2796.80,13163840.82,184.57,92.29
1786398310.71,2798.81,13164040.04,199.22,99.61
1786398312.72,2800.82,13164213.87,173.83,86.91
1786398314.74,2802.84,13164213.87,0.00,0.00
1786398316.76,2804.86,13164634.77,420.90,210.45
1786398319.08,2807.18,13164634.77,0.00,0.00
1786398321.10,2809.20,13164847.66,212.89,106.45
1786398323.11,2811.21,13164847.66,0.00,0.00
1786398325.13,2813.23,13164848.14,0.49,0.24
1786398327.14,2815.24,13164911.13,62.99,31.49
1786398329.16,2817.26,13164911.13,0.00,0.00
1786398331.17,2819.27,13165129.88,218.75,109.38
1786398333.18,2821.29,13165471.19,341.31,170.65
1786398335.20,2823.30,13165471.19,0.00,0.00
1786398337.25,2825.36,13165546.39,75.20,37.60
1786398339.29,2827.39,13165609.38,62.99,31.49
1786398341.32,2829.42,13165881.35,271.97,135.99
1786398343.35,2831.45,13166216.80,335.45,167.72
1786398345.38,2833.49,13166217.29,0.49,0.24
1786398347.42,2835.52,13166349.61,132.32,66.16
1786398349.47,2837.57,13166350.59,0.98,0.49
1786398351.51,2839.61,13166584.47,233.89,116.94
1786398353.52,2841.63,13166882.32,297.85,148.93
1786398355.54,2843.64,13166912.60,30.27,15.14
1786398357.55,2845.65,13167153.81,241.21,120.61
1786398359.56,2847.66,13167153.81,0.00,0.00
1786398361.60,2849.70,13167346.68,192.87,96.44
1786398363.61,2851.71,13167492.19,145.51,72.75
1786398365.62,2853.72,13167541.99,49.80,24.90
1786398367.64,2855.74,13167646.00,104.00,52.00
1786398369.65,2857.76,13168073.24,427.25,213.62
1786398371.66,2859.76,13168112.79,39.55,19.78
1786398373.68,2861.78,13168310.06,197.27,98.63
1786398375.70,2863.81,13168361.33,51.27,25.63
1786398377.71,2865.82,13168510.74,149.41,74.71
1786398379.73,2867.83,13168783.20,272.46,136.23
1786398381.75,2869.85,13168931.64,148.44,74.22
1786398383.76,2871.86,13169195.31,263.67,131.84
1786398385.95,2874.05,13169227.54,32.23,16.11
1786398387.96,2876.06,13169299.80,72.27,36.13
1786398389.98,2878.08,13169299.80,0.00,0.00
1786398391.99,2880.09,13169575.68,275.88,137.94
1786398394.01,2882.11,13169575.68,0.00,0.00
1786398396.02,2884.12,13169709.96,134.28,67.14
1786398398.03,2886.13,13169759.28,49.32,24.66
1786398400.04,2888.15,13170104.49,345.21,172.61
1786398402.06,2890.16,13170264.65,160.16,80.08
1786398404.07,2892.17,13170401.37,136.72,68.36
1786398406.09,2894.19,13170401.37,0.00,0.00
1786398408.11,2896.21,13170505.86,104.49,52.25
1786398410.12,2898.22,13170701.17,195.31,97.66
1786398412.13,2900.23,13170918.95,217.77,108.89
1786398414.15,2902.25,13170918.95,0.00,0.00
1786398416.16,2904.26,13171125.98,207.03,103.52
1786398418.19,2906.29,13171265.62,139.65,69.82
1786398420.20,2908.30,13171265.62,0.00,0.00
1786398422.22,2910.32,13171478.52,212.89,106.45
1786398424.24,2912.34,13171478.52,0.00,0.00
1786398426.25,2914.36,13171686.52,208.01,104.00
1786398428.26,2916.37,13171707.03,20.51,10.25
1786398430.28,2918.38,13171928.22,221.19,110.60
1786398432.30,2920.40,13172276.37,348.14,174.07
1786398434.31,2922.41,13172407.23,130.86,65.43
1786398436.32,2924.43,13172407.23,0.00,0.00
1786398438.34,2926.44,13172791.02,383.79,191.89
1786398440.37,2928.47,13172827.15,36.13,18.07
1786398442.39,2930.49,13173033.20,206.05,103.03
1786398444.41,2932.51,13173033.20,0.00,0.00
1786398446.43,2934.53,13173201.66,168.46,84.23
1786398448.45,2936.55,13173202.15,0.49,0.24
1786398450.57,2938.67,13173202.15,0.00,0.00
1786398452.58,2940.69,13173338.38,136.23,68.12
1786398454.60,2942.71,13173338.38,0.00,0.00
1786398456.62,2944.72,13173543.46,205.08,102.54
1786398458.63,2946.74,13173664.55,121.09,60.55
1786398460.64,2948.75,13173728.52,63.96,31.98
1786398462.67,2950.77,13174243.65,515.14,257.57
1786398464.68,2952.78,13174342.29,98.63,49.32
1786398466.70,2954.80,13174342.29,0.00,0.00
1786398468.72,2956.82,13174567.87,225.59,112.79
1786398470.74,2958.84,13174786.13,218.26,109.13
1786398472.75,2960.85,13174874.51,88.38,44.19
1786398474.77,2962.87,13174875.00,0.49,0.24
1786398476.78,2964.88,13175229.00,354.00,177.00
1786398478.99,2967.09,13175229.00,0.00,0.00
1786398481.01,2969.11,13175381.35,152.34,76.17
1786398483.02,2971.12,13175432.13,50.78,25.39
1786398485.04,2973.14,13175432.13,0.00,0.00
1786398487.05,2975.16,13175610.84,178.71,89.36
1786398489.07,2977.17,13175719.24,108.40,54.20
1786398491.08,2979.19,13175812.99,93.75,46.88
1786398493.10,2981.20,13175812.99,0.00,0.00
1786398495.11,2983.21,13175812.99,0.00,0.00
1786398497.13,2985.23,13176095.21,282.23,141.11
1786398499.14,2987.25,13176095.21,0.00,0.00
1786398501.16,2989.26,13176265.62,170.41,85.21
1786398503.42,2991.52,13176265.62,0.00,0.00
1786398505.43,2993.54,13176265.62,0.00,0.00
1786398507.45,2995.55,13176327.64,62.01,31.01
1786398509.47,2997.57,13176673.83,346.19,173.10
1786398511.49,2999.59,13177056.64,382.81,191.41
1786398513.50,3001.60,13177056.64,0.00,0.00
1786398515.63,3003.73,13177058.11,1.46,0.73
1786398517.64,3005.74,13177130.86,72.75,36.38
1786398519.66,3007.76,13177523.44,392.58,196.29
1786398521.67,3009.77,13177565.43,41.99,21.00
1786398523.69,3011.79,13177743.65,178.22,89.11
1786398525.70,3013.80,13177743.65,0.00,0.00
1786398527.72,3015.82,13177930.18,186.52,93.26
1786398529.73,3017.83,13177955.08,24.90,12.45
1786398531.75,3019.85,13178217.29,262.21,131.10
1786398533.76,3021.86,13178217.77,0.49,0.24
1786398535.78,3023.89,13178217.77,0.00,0.00
1786398537.82,3025.93,13178456.54,238.77,119.38
1786398539.83,3027.93,13178704.10,247.56,123.78
1786398541.85,3029.96,13178853.52,149.41,74.71
1786398543.87,3031.98,13178853.52,0.00,0.00
1786398545.89,3034.00,13178966.31,112.79,56.40
1786398547.91,3036.01,13179096.19,129.88,64.94
1786398549.93,3038.03,13179175.78,79.59,39.79
1786398551.94,3040.04,13179305.18,129.39,64.70
1786398553.96,3042.06,13179305.18,0.00,0.00
1786398555.98,3044.08,13179426.76,121.58,60.79
1786398557.99,3046.09,13179496.09,69.34,34.67
1786398560.00,3048.11,13179657.71,161.62,80.81
1786398562.25,3050.35,13179657.71,0.00,0.00
1786398564.38,3052.48,13179758.30,100.59,50.29
1786398566.66,3054.76,13179758.30,0.00,0.00
1786398568.67,3056.77,13179792.97,34.67,17.33
1786398570.68,3058.78,13179968.75,175.78,87.89
1786398572.70,3060.80,13179968.75,0.00,0.00
1786398574.71,3062.81,13180159.18,190.43,95.21
1786398576.73,3064.83,13180440.43,281.25,140.62
1786398578.75,3066.85,13180577.15,136.72,68.36
1786398580.76,3068.86,13180577.15,0.00,0.00
1786398582.77,3070.88,13180577.64,0.49,0.24
1786398584.80,3072.90,13180797.85,220.21,110.11
1786398586.81,3074.91,13180996.58,198.73,99.37
1786398588.83,3076.93,13181219.24,222.66,111.33
1786398590.84,3078.94,13181334.47,115.23,57.62
1786398592.85,3080.96,13181383.79,49.32,24.66
1786398594.87,3082.97,13181383.79,0.00,0.00
1786398596.89,3084.99,13181658.69,274.90,137.45
1786398598.91,3087.01,13181658.69,0.00,0.00
1786398600.92,3089.02,13181765.62,106.93,53.47
1786398602.93,3091.03,13181788.57,22.95,11.47
1786398604.95,3093.06,13181789.06,0.49,0.24
1786398606.97,3095.07,13181980.47,191.41,95.70
1786398608.99,3097.09,13182199.22,218.75,109.38
1786398611.00,3099.10,13182428.71,229.49,114.75
1786398613.01,3101.11,13182767.09,338.38,169.19
1786398615.28,3103.39,13182767.58,0.49,0.24
1786398617.30,3105.40,13182978.03,210.45,105.22
1786398619.31,3107.42,13183256.84,278.81,139.40
1786398621.34,3109.44,13183259.77,2.93,1.46
1786398623.36,3111.46,13183260.25,0.49,0.24
1786398625.48,3113.58,13183320.80,60.55,30.27
1786398627.51,3115.61,13183471.19,150.39,75.20
1786398629.52,3117.63,13183597.66,126.46,63.23
1786398631.54,3119.64,13183881.84,284.18,142.09
1786398633.55,3121.65,13183887.21,5.37,2.69
1786398635.57,3123.67,13183887.21,0.00,0.00
1786398637.60,3125.70,13184047.36,160.16,80.08
1786398639.61,3127.71,13184123.54,76.17,38.09
1786398641.63,3129.73,13184454.10,330.57,165.28
1786398643.64,3131.75,13184454.10,0.00,0.00
1786398645.66,3133.76,13184543.95,89.84,44.92
1786398647.68,3135.78,13184622.56,78.61,39.31
1786398649.69,3137.80,13184919.43,296.88,148.44
1786398651.71,3139.81,13184919.43,0.00,0.00
1786398653.72,3141.83,13185116.70,197.27,98.63
1786398655.74,3143.84,13185141.11,24.41,12.21
1786398657.75,3145.85,13185312.50,171.39,85.69
1786398659.76,3147.87,13185446.78,134.28,67.14
1786398661.83,3149.93,13185615.23,168.46,84.23
1786398663.84,3151.95,13185773.93,158.69,79.35
1786398665.86,3153.96,13185915.53,141.60,70.80
1786398667.87,3155.98,13186313.48,397.95,198.97
1786398669.89,3158.00,13186330.08,16.60,8.30
1786398671.91,3160.01,13186590.33,260.25,130.13
1786398673.92,3162.03,13186657.71,67.38,33.69
1786398675.93,3164.04,13186657.71,0.00,0.00
1786398677.95,3166.05,13186892.58,234.86,117.43
1786398679.96,3168.07,13186892.58,0.00,0.00
1786398681.98,3170.08,13187048.83,156.25,78.12
1786398684.04,3172.14,13187061.52,12.70,6.35
1786398686.06,3174.16,13187068.36,6.84,3.42
1786398688.08,3176.18,13187146.97,78.61,39.31
1786398690.10,3178.20,13187146.97,0.00,0.00
1786398692.12,3180.22,13187404.79,257.81,128.91
1786398694.13,3182.24,13187405.27,0.49,0.24
1786398696.26,3184.36,13187494.63,89.36,44.68
1786398698.30,3186.40,13187506.35,11.72,5.86
1786398700.31,3188.41,13187575.68,69.34,34.67
1786398702.33,3190.43,13187809.57,233.89,116.94
1786398704.34,3192.45,13187809.57,0.00,0.00
1786398706.36,3194.46,13187809.57,0.00,0.00
1786398708.41,3196.51,13187929.69,120.12,60.06
1786398710.44,3198.55,13188171.39,241.70,120.85
1786398712.46,3200.56,13188171.39,0.00,0.00
1786398714.49,3202.60,13188171.39,0.00,0.00
1786398716.51,3204.61,13188414.55,243.16,121.58
1786398718.53,3206.63,13188444.82,30.27,15.14
1786398720.55,3208.65,13188714.84,270.02,135.01
1786398722.56,3210.66,13189002.93,288.09,144.04
1786398724.57,3212.68,13189131.35,128.42,64.21
1786398726.59,3214.69,13189397.46,266.11,133.06
1786398728.61,3216.71,13189443.85,46.39,23.19
1786398730.62,3218.72,13189443.85,0.00,0.00
1786398732.76,3220.86,13189714.84,271.00,135.50
1786398734.77,3222.87,13189714.84,0.00,0.00
1786398736.79,3224.89,13189714.84,0.00,0.00
1786398738.81,3226.92,13190063.96,349.12,174.56
1786398740.83,3228.93,13190105.47,41.50,20.75
1786398742.87,3230.97,13190201.17,95.70,47.85
1786398744.90,3233.00,13190201.17,0.00,0.00
1786398746.91,3235.01,13190550.78,349.61,174.80
1786398748.93,3237.03,13190563.48,12.70,6.35
1786398750.95,3239.05,13190643.55,80.08,40.04
1786398752.99,3241.09,13190734.38,90.82,45.41
1786398755.01,3243.11,13190734.38,0.00,0.00
1786398757.02,3245.12,13191077.15,342.77,171.39
1786398759.03,3247.14,13191077.15,0.00,0.00
1786398761.05,3249.15,13191183.11,105.96,52.98
1786398763.06,3251.16,13191271.48,88.38,44.19
1786398765.08,3253.18,13191271.97,0.49,0.24
1786398767.09,3255.20,13191502.93,230.96,115.48
1786398769.11,3257.21,13191646.97,144.04,72.02
1786398771.13,3259.23,13191673.83,26.86,13.43
1786398773.15,3261.25,13191779.79,105.96,52.98
1786398775.18,3263.28,13191779.79,0.00,0.00
1786398777.19,3265.29,13191988.77,208.98,104.49
1786398779.21,3267.31,13192109.38,120.61,60.30
1786398781.22,3269.32,13192201.17,91.80,45.90
1786398783.23,3271.33,13192233.40,32.23,16.11
1786398785.25,3273.35,13192233.40,0.00,0.00
1786398787.27,3275.38,13192398.44,165.04,82.52
1786398789.29,3277.39,13192662.60,264.16,132.08
1786398791.31,3279.41,13192709.47,46.88,23.44
1786398793.32,3281.43,13193047.36,337.89,168.95
1786398795.34,3283.44,13193047.36,0.00,0.00
1786398797.36,3285.46,13193249.51,202.15,101.07
1786398799.38,3287.48,13193447.27,197.75,98.88
1786398801.39,3289.50,13193491.21,43.95,21.97
1786398803.42,3291.52,13193539.06,47.85,23.93
1786398805.43,3293.53,13193539.55,0.49,0.24
1786398807.45,3295.56,13193780.27,240.72,120.36
1786398809.47,3297.57,13194035.16,254.88,127.44
1786398811.50,3299.61,13194216.31,181.15,90.58
1786398813.52,3301.62,13194216.31,0.00,0.00
1786398815.53,3303.64,13194216.31,0.00,0.00
1786398817.58,3305.68,13194462.89,246.58,123.29
1786398819.60,3307.70,13194462.89,0.00,0.00
1786398821.61,3309.71,13194707.52,244.63,122.31
1786398823.62,3311.73,13194883.79,176.27,88.13
1786398825.64,3313.74,13194883.79,0.00,0.00
1786398827.65,3315.76,13195192.38,308.59,154.30
1786398829.67,3317.77,13195364.26,171.88,85.94
1786398831.69,3319.79,13195373.05,8.79,4.39
1786398833.70,3321.80,13195826.66,453.61,226.81
1786398835.71,3323.81,13195827.15,0.49,0.24
1786398837.73,3325.83,13195998.54,171.39,85.69
1786398840.03,3328.13,13195998.54,0.00,0.00
1786398842.05,3330.15,13196141.60,143.07,71.53
1786398844.06,3332.17,13196141.60,0.00,0.00
1786398846.08,3334.18,13196243.65,102.05,51.03
1786398848.12,3336.23,13196282.71,39.06,19.53
1786398850.14,3338.24,13196455.08,172.36,86.18
1786398852.16,3340.26,13196775.39,320.31,160.16
1786398854.19,3342.30,13196814.45,39.06,19.53
1786398856.21,3344.31,13196914.06,99.61,49.80
1786398858.22,3346.32,13197483.40,569.34,284.67
1786398860.23,3348.33,13197704.59,221.19,110.60
1786398862.25,3350.35,13197704.59,0.00,0.00
1786398864.38,3352.48,13197802.25,97.66,48.83
1786398866.39,3354.49,13197910.64,108.40,54.20
1786398868.40,3356.50,13198044.92,134.28,67.14
1786398870.42,3358.52,13198079.10,34.18,17.09
1786398872.43,3360.53,13198184.08,104.98,52.49
1786398874.46,3362.56,13198311.52,127.44,63.72
1786398876.47,3364.57,13198413.57,102.05,51.03
1786398878.49,3366.59,13198577.15,163.57,81.79
1786398880.50,3368.60,13198588.38,11.23,5.62
1786398882.52,3370.62,13198717.29,128.91,64.45
1786398884.53,3372.63,13198851.56,134.28,67.14
1786398886.54,3374.64,13198903.32,51.76,25.88
1786398888.56,3376.66,13198903.32,0.00,0.00
1786398890.57,3378.67,13199077.64,174.32,87.16
1786398892.59,3380.69,13199158.20,80.57,40.28
1786398894.73,3382.83,13199211.43,53.22,26.61
1786398896.75,3384.85,13199371.09,159.67,79.83
1786398898.76,3386.87,13199474.12,103.03,51.51
1786398900.79,3388.89,13199747.56,273.44,136.72
1786398902.80,3390.91,13199846.19,98.63,49.32
1786398904.82,3392.92,13199846.19,0.00,0.00
1786398906.83,3394.93,13200154.30,308.11,154.05
1786398908.84,3396.95,13200194.82,40.53,20.26
1786398910.86,3398.96,13200204.59,9.77,4.88
1786398912.87,3400.97,13200330.08,125.49,62.74
1786398914.89,3402.99,13200330.57,0.49,0.24
1786398916.90,3405.00,13200643.55,312.99,156.49
1786398918.92,3407.02,13200657.71,14.16,7.08
1786398920.93,3409.03,13200693.36,35.64,17.82
1786398922.94,3411.04,13200829.10,135.74,67.87
1786398924.96,3413.06,13200829.59,0.49,0.24
1786398926.97,3415.08,13201016.11,186.52,93.26
1786398928.99,3417.09,13201016.11,0.00,0.00
1786398931.00,3419.10,13201225.10,208.98,104.49
1786398933.14,3421.24,13201249.02,23.93,11.96
1786398935.15,3423.25,13201249.02,0.00,0.00
1786398937.24,3425.34,13201314.94,65.92,32.96
1786398939.26,3427.36,13201492.19,177.25,88.62
1786398941.28,3429.38,13201718.75,226.56,113.28
1786398943.29,3431.39,13201718.75,0.00,0.00
1786398945.31,3433.41,13201736.33,17.58,8.79
1786398947.33,3435.43,13202130.86,394.53,197.27
1786398949.35,3437.45,13202205.57,74.71,37.35
1786398951.36,3439.46,13202302.73,97.17,48.58
1786398953.38,3441.48,13202399.41,96.68,48.34
1786398955.40,3443.50,13202399.41,0.00,0.00
1786398957.41,3445.52,13202608.40,208.98,104.49
1786398959.43,3447.53,13202799.80,191.41,95.70
1786398961.45,3449.55,13202863.28,63.48,31.74
1786398963.49,3451.59,13202936.04,72.75,36.38
1786398965.51,3453.61,13203004.88,68.85,34.42
1786398967.52,3455.62,13203274.41,269.53,134.77
1786398969.54,3457.64,13203274.41,0.00,0.00
1786398971.56,3459.66,13203326.17,51.76,25.88
1786398973.67,3461.77,13203373.05,46.88,23.44
1786398975.69,3463.79,13203373.05,0.00,0.00
1786398977.71,3465.81,13203679.69,306.64,153.32
1786398979.73,3467.83,13203679.69,0.00,0.00
1786398981.75,3469.85,13203883.30,203.61,101.81
1786398983.76,3471.87,13203883.30,0.00,0.00
1786398985.78,3473.88,13203883.30,0.00,0.00
1786398987.80,3475.90,13204107.91,224.61,112.30
1786398989.81,3477.91,13204107.91,0.00,0.00
1786398991.83,3479.93,13204281.74,173.83,86.91
1786398993.85,3481.95,13204281.74,0.00,0.00
1786398995.93,3484.03,13204281.74,0.00,0.00
1786398997.95,3486.05,13204511.72,229.98,114.99
1786398999.96,3488.06,13204511.72,0.00,0.00
1786399001.97,3490.08,13204650.88,139.16,69.58
1786399003.99,3492.09,13204651.37,0.49,0.24
1786399006.09,3494.19,13204719.24,67.87,33.94
1786399008.11,3496.22,13204958.01,238.77,119.38
1786399010.13,3498.23,13205089.36,131.35,65.67
1786399012.15,3500.25,13205242.19,152.83,76.42
1786399014.16,3502.26,13205256.35,14.16,7.08
1786399016.18,3504.28,13205351.07,94.73,47.36
1786399018.19,3506.29,13205453.61,102.54,51.27
1786399020.21,3508.31,13205588.87,135.25,67.63
1786399022.23,3510.33,13205688.48,99.61,49.80
1786399024.24,3512.35,13205688.48,0.00,0.00
1786399026.26,3514.36,13205813.48,125.00,62.50
1786399028.28,3516.39,13205889.65,76.17,38.09
1786399030.30,3518.40,13206027.83,138.18,69.09
1786399032.31,3520.41,13206130.37,102.54,51.27
1786399034.33,3522.43,13206130.37,0.00,0.00
1786399036.35,3524.45,13206130.37,0.00,0.00
1786399038.37,3526.47,13206409.18,278.81,139.40
1786399040.38,3528.49,13206409.67,0.49,0.24
1786399042.40,3530.50,13206612.79,203.12,101.56
1786399044.41,3532.51,13206612.79,0.00,0.00
1786399046.43,3534.53,13206776.37,163.57,81.79
1786399048.44,3536.54,13206823.24,46.88,23.44
1786399050.45,3538.55,13207033.20,209.96,104.98
1786399052.47,3540.57,13207123.05,89.84,44.92
1786399054.48,3542.59,13207123.05,0.00,0.00
1786399056.50,3544.60,13207277.34,154.30,77.15
1786399058.51,3546.62,13207299.80,22.46,11.23
1786399060.53,3548.64,13207472.66,172.85,86.43
1786399062.55,3550.66,13207598.63,125.98,62.99
1786399064.58,3552.68,13207598.63,0.00,0.00
1786399066.60,3554.70,13207804.69,206.05,103.03
1786399068.61,3556.71,13207851.07,46.39,23.19
1786399070.62,3558.72,13208192.38,341.31,170.65
1786399072.64,3560.74,13208192.87,0.49,0.24
1786399074.66,3562.77,13208192.87,0.00,0.00
1786399076.70,3564.80,13208366.70,173.83,86.91
1786399078.71,3566.81,13208405.76,39.06,19.53
1786399080.72,3568.82,13208628.42,222.66,111.33
1786399082.74,3570.85,13208795.90,167.48,83.74
1786399084.76,3572.86,13208795.90,0.00,0.00
1786399086.78,3574.88,13209030.76,234.86,117.43
1786399088.79,3576.89,13209043.95,13.18,6.59
1786399090.80,3578.90,13209206.05,162.11,81.05
1786399092.82,3580.93,13209410.64,204.59,102.29
1786399094.85,3582.95,13209410.64,0.00,0.00
1786399096.86,3584.96,13209410.64,0.00,0.00
1786399098.91,3587.02,13209712.40,301.76,150.88
1786399100.92,3589.03,13209717.77,5.37,2.69
1786399102.93,3591.03,13209844.73,126.95,63.48
1786399104.96,3593.06,13209844.73,0.00,0.00
1786399106.97,3595.07,13210052.73,208.01,104.00
1786399108.99,3597.09,13210151.86,99.12,49.56
1786399111.00,3599.10,13210419.92,268.07,134.03
1786399113.02,3601.12,13210546.88,126.95,63.48
1786399115.04,3603.14,13210546.88,0.00,0.00
1786399117.05,3605.15,13210774.41,227.54,113.77
1786399119.07,3607.17,13210884.28,109.86,54.93
1786399121.08,3609.19,13211126.95,242.68,121.34
1786399123.11,3611.21,13211348.14,221.19,110.60
1786399125.12,3613.23,13211348.14,0.00,0.00
1786399127.14,3615.24,13211587.40,239.26,119.63
1786399129.16,3617.26,13211587.40,0.00,0.00
1786399131.18,3619.28,13212076.66,489.26,244.63
1786399133.19,3621.29,13212076.66,0.00,0.00
1786399135.21,3623.31,13212077.15,0.49,0.24
1786399137.23,3625.33,13212143.55,66.41,33.20
1786399139.26,3627.36,13212445.31,301.76,150.88
1786399141.27,3629.37,13212552.25,106.93,53.47
1786399143.28,3631.38,13212580.57,28.32,14.16
1786399145.30,3633.41,13212581.05,0.49,0.24
1786399147.44,3635.54,13212824.22,243.16,121.58
1786399149.46,3637.56,13213014.65,190.43,95.21
1786399151.82,3639.92,13213124.02,109.38,54.69
1786399153.86,3641.96,13213277.34,153.32,76.66
1786399155.87,3643.97,13213277.34,0.00,0.00
1786399157.89,3645.99,13213450.20,172.85,86.43
1786399159.91,3648.01,13213555.18,104.98,52.49
1786399161.92,3650.02,13213557.62,2.44,1.22
1786399164.03,3652.13,13213557.62,0.00,0.00
1786399166.04,3654.15,13213819.82,262.21,131.10
1786399168.06,3656.16,13213819.82,0.00,0.00
1786399170.08,3658.18,13213975.59,155.76,77.88
1786399172.10,3660.20,13214131.84,156.25,78.12
1786399174.11,3662.21,13214390.14,258.30,129.15
1786399176.12,3664.22,13214518.07,127.93,63.96
1786399178.14,3666.24,13214518.07,0.00,0.00
1786399180.15,3668.25,13214760.74,242.68,121.34
1786399182.17,3670.27,13214851.56,90.82,45.41
1786399184.19,3672.29,13215128.42,276.86,138.43
1786399186.21,3674.31,13215298.34,169.92,84.96
1786399188.22,3676.32,13215298.34,0.00,0.00
1786399190.24,3678.34,13215427.73,129.39,64.70
1786399192.25,3680.36,13215585.94,158.20,79.10
1786399194.28,3682.38,13215600.10,14.16,7.08
1786399196.29,3684.39,13215706.54,106.45,53.22
1786399198.33,3686.43,13215804.69,98.14,49.07
1786399200.34,3688.44,13216119.14,314.45,157.23
1786399202.36,3690.46,13216272.95,153.81,76.90
1786399204.37,3692.47,13216385.25,112.30,56.15
1786399206.39,3694.49,13216519.04,133.79,66.89
1786399208.40,3696.50,13216595.70,76.66,38.33
1786399210.41,3698.51,13216894.04,298.34,149.17
1786399212.43,3700.53,13217093.26,199.22,99.61
1786399214.45,3702.55,13217261.23,167.97,83.98
1786399216.46,3704.56,13217387.70,126.46,63.23
1786399218.49,3706.59,13217431.15,43.46,21.73
1786399220.50,3708.60,13217536.13,104.98,52.49
1786399222.52,3710.62,13217536.13,0.00,0.00
1786399224.53,3712.63,13217536.62,0.49,0.24
1786399226.55,3714.65,13217706.05,169.43,84.72
1786399228.56,3716.66,13217811.52,105.47,52.73
1786399230.58,3718.68,13217869.63,58.11,29.05
1786399232.60,3720.70,13217953.12,83.50,41.75
1786399234.61,3722.71,13217953.12,0.00,0.00
1786399236.62,3724.73,13217953.12,0.00,0.00
1786399238.65,3726.76,13218260.25,307.13,153.56
1786399240.67,3728.77,13218294.92,34.67,17.33
1786399242.69,3730.79,13218456.54,161.62,80.81
1786399244.70,3732.80,13218456.54,0.00,0.00
1786399246.72,3734.82,13218792.97,336.43,168.21
1786399248.73,3736.83,13218792.97,0.00,0.00
1786399250.75,3738.85,13218891.60,98.63,49.32
1786399252.76,3740.86,13219107.42,215.82,107.91
1786399254.77,3742.88,13219107.42,0.00,0.00
1786399256.79,3744.89,13219341.31,233.89,116.94
1786399258.80,3746.91,13219373.54,32.23,16.11
1786399260.83,3748.93,13219516.60,143.07,71.53
1786399262.85,3750.95,13219925.29,408.69,204.35
1786399265.11,3753.21,13219925.29,0.00,0.00
1786399267.12,3755.22,13220069.34,144.04,72.02
1786399269.14,3757.24,13220243.65,174.32,87.16
1786399271.15,3759.25,13220287.11,43.46,21.73
1786399273.17,3761.27,13220429.20,142.09,71.04
1786399275.18,3763.28,13220429.69,0.49,0.24
1786399277.19,3765.30,13220728.52,298.83,149.41
1786399279.21,3767.31,13220728.52,0.00,0.00
1786399281.22,3769.32,13220793.95,65.43,32.71
1786399283.23,3771.34,13220895.51,101.56,50.78
1786399285.25,3773.35,13220895.51,0.00,0.00
1786399287.27,3775.37,13221168.46,272.95,136.47
1786399289.29,3777.39,13221168.46,0.00,0.00
1786399291.31,3779.41,13221243.65,75.20,37.60
1786399293.33,3781.43,13221422.36,178.71,89.36
1786399295.35,3783.45,13221422.36,0.00,0.00
1786399297.37,3785.47,13221712.40,290.04,145.02
1786399299.38,3787.49,13221712.40,0.00,0.00
1786399301.40,3789.51,13221820.80,108.40,54.20
1786399303.42,3791.52,13221915.53,94.73,47.36
1786399305.44,3793.54,13221915.53,0.00,0.00
1786399307.45,3795.56,13222101.56,186.04,93.02
1786399309.48,3797.58,13222160.64,59.08,29.54
1786399311.50,3799.60,13222363.77,203.12,101.56
1786399313.51,3801.62,13222364.26,0.49,0.24
1786399315.53,3803.64,13222364.26,0.00,0.00
1786399317.57,3805.67,13222491.21,126.95,63.48
1786399319.58,3807.68,13222731.93,240.72,120.36
1786399321.60,3809.70,13222969.73,237.79,118.90
1786399323.62,3811.72,13222969.73,0.00,0.00
1786399325.63,3813.73,13223171.39,201.66,100.83
1786399327.65,3815.76,13223429.20,257.81,128.91
1786399329.69,3817.79,13223537.60,108.40,54.20
1786399331.70,3819.81,13223729.00,191.41,95.70
1786399333.71,3821.82,13223772.95,43.95,21.97
1786399335.73,3823.83,13223773.44,0.49,0.24
1786399337.76,3825.86,13223991.21,217.77,108.89
1786399339.77,3827.87,13224070.31,79.10,39.55
1786399341.78,3829.88,13224275.39,205.08,102.54
1786399343.81,3831.92,13224404.79,129.39,64.70
1786399345.83,3833.93,13224404.79,0.00,0.00
1786399347.84,3835.95,13224835.94,431.15,215.58
1786399349.86,3837.96,13224835.94,0.00,0.00
1786399351.88,3839.98,13225068.85,232.91,116.46
1786399353.89,3841.99,13225138.67,69.82,34.91
1786399355.91,3844.01,13225138.67,0.00,0.00
1786399357.93,3846.03,13225478.52,339.84,169.92
1786399359.94,3848.04,13225478.52,0.00,0.00
1786399361.95,3850.06,13225719.73,241.21,120.61
1786399363.97,3852.07,13225774.41,54.69,27.34
1786399365.99,3854.09,13225774.41,0.00,0.00
1786399368.00,3856.10,13225915.53,141.11,70.56
1786399370.02,3858.12,13226125.98,210.45,105.22
1786399372.05,3860.16,13226172.36,46.39,23.19
1786399374.17,3862.27,13226172.36,0.00,0.00
1786399376.28,3864.38,13226217.29,44.92,22.46
1786399378.29,3866.39,13226655.27,437.99,218.99
1786399380.31,3868.41,13226655.27,0.00,0.00
1786399382.33,3870.43,13226854.98,199.71,99.85
1786399384.34,3872.45,13226939.45,84.47,42.24
1786399386.38,3874.48,13227019.53,80.08,40.04
1786399388.40,3876.50,13227423.34,403.81,201.90
1786399390.42,3878.52,13227423.34,0.00,0.00
1786399392.44,3880.54,13227635.74,212.40,106.20
1786399394.45,3882.56,13227765.62,129.88,64.94
1786399396.48,3884.59,13227811.04,45.41,22.71
1786399398.50,3886.60,13227995.61,184.57,92.29
1786399400.51,3888.61,13228084.96,89.36,44.68
1786399402.53,3890.63,13228256.35,171.39,85.69
1786399404.54,3892.64,13228416.99,160.64,80.32
1786399406.57,3894.68,13228449.71,32.71,16.36
1786399408.58,3896.69,13228459.96,10.25,5.13
1786399410.60,3898.70,13228590.82,130.86,65.43
1786399412.61,3900.71,13228767.58,176.76,88.38
1786399414.63,3902.73,13228933.59,166.02,83.01
1786399416.64,3904.74,13228989.75,56.15,28.08
1786399418.65,3906.75,13229208.98,219.24,109.62
1786399420.75,3908.86,13229277.34,68.36,34.18
1786399422.77,3910.87,13229411.13,133.79,66.89
1786399424.79,3912.89,13229628.91,217.77,108.89
1786399426.80,3914.90,13229643.55,14.65,7.32
1786399428.82,3916.92,13229821.29,177.73,88.87
1786399430.83,3918.94,13229959.47,138.18,69.09
1786399432.85,3920.95,13229959.47,0.00,0.00
1786399434.87,3922.97,13229959.96,0.49,0.24
1786399436.89,3925.00,13229959.96,0.00,0.00
1786399438.91,3927.02,13230122.07,162.11,81.05
1786399440.95,3929.05,13230122.07,0.00,0.00
1786399442.97,3931.07,13230194.34,72.27,36.13
1786399444.99,3933.09,13230485.84,291.50,145.75
1786399447.02,3935.12,13230498.54,12.70,6.35
1786399449.04,3937.14,13230897.46,398.93,199.46
1786399451.05,3939.15,13230897.46,0.00,0.00
1786399453.07,3941.17,13231072.27,174.80,87.40
1786399455.09,3943.19,13231371.09,298.83,149.41
1786399457.11,3945.21,13231378.91,7.81,3.91
1786399459.12,3947.22,13231548.34,169.43,84.72
1786399461.23,3949.33,13231550.78,2.44,1.22
1786399463.25,3951.35,13231550.78,0.00,0.00
1786399465.26,3953.37,13231728.03,177.25,88.62
1786399467.28,3955.39,13231888.67,160.64,80.32
1786399469.29,3957.40,13231913.09,24.41,12.21
1786399471.31,3959.41,13232173.34,260.25,130.13
1786399473.34,3961.44,13232173.34,0.00,0.00
1786399475.35,3963.45,13232313.96,140.62,70.31
1786399477.37,3965.47,13232562.01,248.05,124.02
1786399479.38,3967.48,13232714.84,152.83,76.42
1786399481.40,3969.50,13233011.23,296.39,148.19
1786399483.42,3971.52,13233011.23,0.00,0.00
1786399485.44,3973.54,13233326.17,314.94,157.47
1786399487.45,3975.55,13233326.17,0.00,0.00
1786399489.47,3977.57,13233326.17,0.00,0.00
1786399491.49,3979.59,13233391.60,65.43,32.71
1786399493.51,3981.61,13233391.60,0.00,0.00
1786399495.53,3983.63,13233392.09,0.49,0.24
1786399497.55,3985.65,13233656.74,264.65,132.32
1786399499.57,3987.67,13233657.23,0.49,0.24
1786399501.61,3989.71,13233750.98,93.75,46.88
1786399503.62,3991.72,13233867.19,116.21,58.11
1786399505.64,3993.74,13234115.72,248.54,124.27
1786399507.65,3995.75,13234329.59,213.87,106.93
1786399509.66,3997.77,13234636.72,307.13,153.56
1786399511.68,3999.78,13234768.07,131.35,65.67
1786399514.07,4002.17,13234781.74,13.67,6.84
1786399516.08,4004.18,13234981.93,200.20,100.10
1786399518.10,4006.20,13235295.41,313.48,156.74
1786399520.12,4008.22,13235295.90,0.49,0.24
1786399522.14,4010.24,13235295.90,0.00,0.00
1786399524.25,4012.35,13235295.90,0.00,0.00
1786399526.32,4014.42,13235465.33,169.43,84.72
1786399528.34,4016.44,13235465.33,0.00,0.00
1786399530.35,4018.45,13235465.82,0.49,0.24
1786399532.36,4020.46,13235773.44,307.62,153.81
1786399534.38,4022.48,13235773.44,0.00,0.00
1786399536.39,4024.49,13235773.44,0.00,0.00
1786399538.44,4026.54,13235947.27,173.83,86.91
1786399540.45,4028.55,13235947.75,0.49,0.24
1786399542.47,4030.57,13236146.97,199.22,99.61
1786399544.48,4032.59,13236146.97,0.00,0.00
1786399546.50,4034.60,13236253.42,106.45,53.22
1786399548.51,4036.61,13236253.42,0.00,0.00
1786399550.53,4038.63,13236465.33,211.91,105.96
1786399552.54,4040.64,13236531.74,66.41,33.20
1786399554.55,4042.65,13236532.23,0.49,0.24
1786399556.63,4044.73,13236656.25,124.02,62.01
1786399558.65,4046.75,13236922.36,266.11,133.06
1786399560.66,4048.77,13236922.36,0.00,0.00
1786399562.68,4050.78,13237148.93,226.56,113.28
1786399564.69,4052.80,13237349.12,200.20,100.10
1786399566.71,4054.81,13237373.05,23.93,11.96
1786399568.72,4056.82,13237635.25,262.21,131.10
1786399570.74,4058.84,13237635.25,0.00,0.00
1786399572.75,4060.85,13237776.37,141.11,70.56
1786399574.76,4062.87,13237937.01,160.64,80.32
1786399576.78,4064.88,13237965.82,28.81,14.40
1786399578.80,4066.90,13238107.42,141.60,70.80
1786399580.81,4068.91,13238107.42,0.00,0.00
1786399582.83,4070.93,13238283.20,175.78,87.89
1786399584.84,4072.94,13238498.05,214.84,107.42
1786399586.85,4074.95,13238621.09,123.05,61.52
1786399588.88,4076.98,13238907.71,286.62,143.31
1786399590.90,4079.00,13238907.71,0.00,0.00
1786399592.91,4081.01,13239045.41,137.70,68.85
1786399594.93,4083.03,13239295.90,250.49,125.24
1786399596.95,4085.05,13239384.77,88.87,44.43
1786399598.97,4087.07,13239625.00,240.23,120.12
1786399600.98,4089.08,13239625.00,0.00,0.00
1786399603.00,4091.10,13239764.16,139.16,69.58
1786399605.01,4093.11,13239998.05,233.89,116.94
1786399607.03,4095.13,13240056.64,58.59,29.30
1786399609.04,4097.14,13240335.45,278.81,139.40
1786399611.05,4099.15,13240523.93,188.48,94.24
1786399613.07,4101.17,13240523.93,0.00,0.00
1786399615.08,4103.18,13240524.41,0.49,0.24
1786399617.11,4105.21,13240778.32,253.91,126.95
1786399619.12,4107.22,13241194.34,416.02,208.01
1786399621.13,4109.23,13241194.82,0.49,0.24
1786399623.15,4111.25,13241334.96,140.14,70.07
1786399625.17,4113.27,13241655.27,320.31,160.16
1786399627.19,4115.29,13241660.16,4.88,2.44
1786399629.20,4117.30,13241919.43,259.28,129.64
1786399631.23,4119.33,13241919.43,0.00,0.00
1786399633.24,4121.34,13242092.77,173.34,86.67
1786399635.26,4123.36,13242353.52,260.74,130.37
1786399637.28,4125.38,13242426.27,72.75,36.38
1786399639.30,4127.40,13242493.16,66.89,33.45
1786399641.31,4129.41,13242493.65,0.49,0.24
1786399643.33,4131.43,13242651.86,158.20,79.10
1786399645.35,4133.45,13242743.16,91.31,45.65
1786399647.36,4135.47,13242916.50,173.34,86.67
1786399649.38,4137.48,13243026.86,110.35,55.18
1786399651.39,4139.49,13243105.96,79.10,39.55
1786399653.41,4141.51,13243420.41,314.45,157.23
1786399655.42,4143.52,13243609.86,189.45,94.73
1786399657.44,4145.54,13243852.54,242.68,121.34
1786399659.45,4147.55,13243914.06,61.52,30.76
1786399661.47,4149.57,13243929.20,15.14,7.57
1786399663.49,4151.59,13244036.13,106.93,53.47
1786399665.51,4153.61,13244266.60,230.47,115.23
1786399667.53,4155.63,13244398.44,131.84,65.92
1786399669.55,4157.65,13244398.44,0.00,0.00
1786399671.57,4159.67,13244803.71,405.27,202.64
1786399673.58,4161.69,13244803.71,0.00,0.00
1786399675.60,4163.70,13244803.71,0.00,0.00
1786399677.62,4165.72,13245068.36,264.65,132.32
1786399679.64,4167.74,13245191.89,123.54,61.77
1786399681.65,4169.75,13245268.07,76.17,38.09
1786399683.66,4171.77,13245486.33,218.26,109.13
1786399685.70,4173.80,13245643.55,157.23,78.61
1786399687.71,4175.81,13245769.04,125.49,62.74
1786399689.73,4177.83,13245905.27,136.23,68.12
1786399691.74,4179.84,13245938.48,33.20,16.60
1786399693.75,4181.85,13246007.81,69.34,34.67
1786399695.77,4183.87,13246327.64,319.82,159.91
1786399697.79,4185.89,13246327.64,0.00,0.00
1786399699.80,4187.90,13246407.71,80.08,40.04
1786399701.82,4189.92,13246566.89,159.18,79.59
1786399703.85,4191.95,13246709.47,142.58,71.29
1786399705.87,4193.97,13246709.47,0.00,0.00
1786399707.89,4195.99,13246875.98,166.50,83.25
1786399709.91,4198.01,13247103.03,227.05,113.53
1786399711.92,4200.02,13247142.58,39.55,19.78
1786399713.93,4202.03,13247357.91,215.33,107.67
1786399715.95,4204.05,13247358.40,0.49,0.24
1786399717.97,4206.07,13247521.48,163.09,81.54
1786399719.99,4208.09,13247573.24,51.76,25.88
1786399722.24,4210.34,13247589.36,16.11,8.06
1786399724.25,4212.35,13247664.06,74.71,37.35
1786399726.27,4214.38,13247786.13,122.07,61.04
1786399728.29,4216.39,13247967.29,181.15,90.58
1786399730.30,4218.40,13248030.27,62.99,31.49
1786399732.32,4220.42,13248074.22,43.95,21.97
1786399734.33,4222.43,13248074.71,0.49,0.24
1786399736.34,4224.44,13248074.71,0.00,0.00
1786399738.35,4226.46,13248287.11,212.40,106.20
1786399740.37,4228.47,13248287.11,0.00,0.00
1786399742.38,4230.48,13248420.90,133.79,66.89
1786399744.40,4232.50,13248523.93,103.03,51.51
1786399746.41,4234.51,13248803.22,279.30,139.65
1786399748.42,4236.53,13249110.84,307.62,153.81
1786399750.43,4238.54,13249136.23,25.39,12.70
1786399752.45,4240.55,13249463.87,327.64,163.82
1786399754.47,4242.57,13249579.10,115.23,57.62
1786399756.48,4244.58,13249622.56,43.46,21.73
1786399758.50,4246.60,13249883.79,261.23,130.62
1786399760.51,4248.61,13249883.79,0.00,0.00
1786399762.53,4250.63,13250138.18,254.39,127.20
1786399764.64,4252.74,13250138.18,0.00,0.00
1786399766.65,4254.76,13250341.80,203.61,101.81
1786399768.67,4256.77,13250342.29,0.49,0.24
1786399770.68,4258.78,13250605.96,263.67,131.84
1786399772.69,4260.80,13250605.96,0.00,0.00
1786399774.71,4262.81,13250646.00,40.04,20.02
1786399776.74,4264.84,13250923.83,277.83,138.92
1786399778.75,4266.86,13250923.83,0.00,0.00
1786399780.77,4268.87,13251201.17,277.34,138.67
1786399782.78,4270.88,13251201.66,0.49,0.24
1786399784.79,4272.90,13251253.91,52.25,26.12
1786399786.88,4274.98,13251401.86,147.95,73.97
1786399788.90,4277.00,13251402.34,0.49,0.24
1786399790.91,4279.01,13251595.21,192.87,96.44
1786399792.93,4281.03,13251595.21,0.00,0.00
1786399794.95,4283.05,13251595.70,0.49,0.24
1786399796.97,4285.07,13251781.74,186.04,93.02
1786399798.99,4287.09,13251973.14,191.41,95.70
1786399801.01,4289.11,13251973.14,0.00,0.00
1786399803.02,4291.13,13252132.81,159.67,79.83
1786399805.04,4293.14,13252274.90,142.09,71.04
1786399807.06,4295.16,13252382.81,107.91,53.96
1786399809.07,4297.17,13252403.32,20.51,10.25
1786399811.08,4299.18,13252563.96,160.64,80.32
1786399813.10,4301.20,13252865.23,301.27,150.63
1786399815.11,4303.21,13252865.23,0.00,0.00
1786399817.13,4305.23,13253070.31,205.08,102.54
1786399819.14,4307.24,13253148.93,78.61,39.31
1786399821.17,4309.27,13253149.41,0.49,0.24
1786399823.19,4311.29,13253149.41,0.00,0.00
1786399825.21,4313.32,13253149.41,0.00,0.00
1786399827.25,4315.35,13253304.69,155.27,77.64
1786399829.26,4317.36,13253432.13,127.44,63.72
1786399831.28,4319.38,13253520.51,88.38,44.19
1786399833.29,4321.39,13253520.51,0.00,0.00
1786399835.30,4323.40,13253520.51,0.00,0.00
1786399837.39,4325.49,13253624.02,103.52,51.76
1786399839.40,4327.50,13253832.03,208.01,104.00
1786399841.42,4329.52,13254006.35,174.32,87.16
1786399843.44,4331.54,13254006.35,0.00,0.00
1786399845.46,4333.56,13254006.84,0.49,0.24
1786399847.48,4335.58,13254072.27,65.43,32.71
1786399849.50,4337.60,13254205.08,132.81,66.41
1786399851.51,4339.61,13254477.54,272.46,136.23
1786399853.54,4341.65,13254480.47,2.93,1.46
1786399855.56,4343.67,13254542.97,62.50,31.25
1786399857.58,4345.69,13254900.39,357.42,178.71
1786399859.59,4347.70,13254935.55,35.16,17.58
1786399861.61,4349.72,13255012.21,76.66,38.33
1786399863.62,4351.73,13255073.73,61.52,30.76
1786399865.64,4353.74,13255268.07,194.34,97.17
1786399867.66,4355.76,13255534.67,266.60,133.30
1786399869.68,4357.78,13255535.16,0.49,0.24
1786399871.70,4359.80,13255621.09,85.94,42.97
1786399873.71,4361.81,13255769.53,148.44,74.22
1786399875.73,4363.83,13256111.33,341.80,170.90
1786399877.75,4365.85,13256189.94,78.61,39.31
1786399879.76,4367.86,13256208.98,19.04,9.52
1786399881.78,4369.88,13256331.05,122.07,61.04
1786399883.82,4371.92,13256366.21,35.16,17.58
1786399885.83,4373.94,13256490.23,124.02,62.01
1786399887.85,4375.95,13256645.02,154.79,77.39
1786399889.87,4377.97,13256843.75,198.73,99.37
1786399891.89,4379.99,13256904.79,61.04,30.52
1786399893.91,4382.01,13257397.46,492.68,246.34
1786399895.93,4384.03,13257397.46,0.00,0.00
1786399897.94,4386.05,13257491.70,94.24,47.12
1786399899.96,4388.06,13257625.00,133.30,66.65
1786399901.97,4390.08,13257788.09,163.09,81.54
1786399903.99,4392.09,13257855.96,67.87,33.94
1786399906.00,4394.10,13258102.05,246.09,123.05
1786399908.02,4396.12,13258238.77,136.72,68.36
1786399910.04,4398.14,13258238.77,0.00,0.00
1786399912.06,4400.16,13258654.79,416.02,208.01
1786399914.07,4402.17,13258959.47,304.69,152.34
1786399916.08,4404.18,13258959.47,0.00,0.00
1786399918.10,4406.20,13259232.91,273.44,136.72
1786399920.11,4408.22,13259232.91,0.00,0.00
1786399922.13,4410.23,13259397.46,164.55,82.28
1786399924.15,4412.25,13259439.45,41.99,21.00
1786399926.16,4414.26,13259668.95,229.49,114.75
1786399928.18,4416.28,13259681.64,12.70,6.35
1786399930.27,4418.37,13259732.91,51.27,25.63
1786399932.29,4420.39,13259959.96,227.05,113.53
1786399934.30,4422.40,13260039.55,79.59,39.79
1786399936.31,4424.41,13260039.55,0.00,0.00
1786399938.33,4426.43,13260167.48,127.93,63.96
1786399940.35,4428.45,13260167.48,0.00,0.00
1786399942.36,4430.46,13260405.76,238.28,119.14
1786399944.37,4432.47,13260469.24,63.48,31.74
1786399946.39,4434.49,13260469.73,0.49,0.24
1786399948.41,4436.51,13260531.74,62.01,31.01
1786399950.43,4438.53,13260631.84,100.10,50.05
1786399952.44,4440.54,13260860.84,229.00,114.50
1786399954.45,4442.55,13260926.76,65.92,32.96
1786399956.58,4444.68,13260926.76,0.00,0.00
1786399958.60,4446.70,13261077.15,150.39,75.20
1786399960.61,4448.72,13261292.48,215.33,107.67
1786399962.69,4450.79,13261482.42,189.94,94.97
1786399964.97,4453.08,13261482.42,0.00,0.00
1786399966.99,4455.09,13261624.02,141.60,70.80
1786399969.00,4457.11,13261736.82,112.79,56.40
1786399971.02,4459.12,13261839.36,102.54,51.27
1786399973.03,4461.13,13261909.67,70.31,35.16
1786399975.04,4463.15,13261910.16,0.49,0.24
1786399977.06,4465.16,13262044.92,134.77,67.38
1786399979.07,4467.17,13262090.82,45.90,22.95
1786399981.09,4469.19,13262206.54,115.72,57.86
1786399983.10,4471.21,13262431.64,225.10,112.55
1786399985.12,4473.23,13262605.96,174.32,87.16
1786399987.14,4475.24,13262651.86,45.90,22.95
1786399989.15,4477.25,13262747.56,95.70,47.85
1786399991.17,4479.27,13262747.56,0.00,0.00
1786399993.18,4481.28,13262946.78,199.22,99.61
1786399995.20,4483.30,13263239.75,292.97,146.48
1786399997.39,4485.49,13263239.75,0.00,0.00
1786399999.40,4487.51,13263377.44,137.70,68.85
1786400001.60,4489.70,13263377.44,0.00,0.00
1786400003.61,4491.71,13263445.31,67.87,33.94
1786400005.63,4493.73,13263836.43,391.11,195.56
1786400008.00,4496.10,13263836.43,0.00,0.00
1786400010.01,4498.12,13264073.24,236.82,118.41
1786400012.03,4500.13,13264168.95,95.70,47.85
1786400014.20,4502.30,13264210.45,41.50,20.75
1786400016.21,4504.31,13264306.64,96.19,48.10
1786400018.23,4506.33,13264774.41,467.77,233.89
1786400020.40,4508.51,13264774.41,0.00,0.00
1786400022.42,4510.52,13265016.60,242.19,121.09
1786400024.44,4512.54,13265043.46,26.86,13.43
1786400026.46,4514.57,13265321.78,278.32,139.16
1786400028.48,4516.58,13265477.05,155.27,77.64
1786400030.59,4518.69,13265539.06,62.01,31.01
1786400032.61,4520.71,13265618.16,79.10,39.55
1786400034.62,4522.72,13265618.65,0.49,0.24
1786400036.64,4524.74,13265618.65,0.00,0.00
1786400038.65,4526.75,13265791.50,172.85,86.43
1786400040.67,4528.77,13265791.50,0.00,0.00
1786400042.68,4530.78,13266033.69,242.19,121.09
1786400044.69,4532.80,13266121.09,87.40,43.70
1786400046.71,4534.81,13266326.66,205.57,102.78
1786400048.72,4536.82,13266696.78,370.12,185.06
1786400050.74,4538.84,13266937.50,240.72,120.36
1786400052.76,4540.86,13267181.15,243.65,121.83
1786400054.77,4542.87,13267181.15,0.00,0.00
1786400056.79,4544.89,13267253.91,72.75,36.38
1786400058.81,4546.92,13267357.91,104.00,52.00
1786400060.83,4548.93,13267501.95,144.04,72.02
1786400062.84,4550.95,13267642.09,140.14,70.07
1786400065.03,4553.13,13267642.09,0.00,0.00
1786400067.05,4555.15,13267736.82,94.73,47.36
1786400069.07,4557.17,13267941.89,205.08,102.54
1786400071.08,4559.18,13268185.06,243.16,121.58
1786400073.09,4561.19,13268195.80,10.74,5.37
1786400075.11,4563.21,13268250.98,55.18,27.59
1786400077.12,4565.22,13268335.94,84.96,42.48
1786400079.14,4567.24,13268523.44,187.50,93.75
1786400081.15,4569.26,13268666.99,143.55,71.78
1786400083.17,4571.27,13268666.99,0.00,0.00
1786400085.19,4573.29,13268750.98,83.98,41.99
1786400087.20,4575.30,13268836.91,85.94,42.97
1786400089.22,4577.32,13268912.60,75.68,37.84
1786400091.24,4579.34,13268913.09,0.49,0.24
1786400093.26,4581.36,13269083.01,169.92,84.96
1786400095.27,4583.37,13269281.74,198.73,99.37
1786400097.29,4585.39,13269329.10,47.36,23.68
1786400099.30,4587.40,13269487.30,158.20,79.10
1786400101.32,4589.42,13269686.04,198.73,99.37
1786400103.45,4591.56,13269891.60,205.57,102.78
1786400105.47,4593.57,13270120.12,228.52,114.26
1786400107.49,4595.59,13270161.62,41.50,20.75
1786400109.51,4597.61,13270257.81,96.19,48.10
1786400111.52,4599.63,13270257.81,0.00,0.00
1786400113.54,4601.64,13270257.81,0.00,0.00
1786400115.56,4603.66,13270430.18,172.36,86.18
1786400117.57,4605.68,13270571.29,141.11,70.56
1786400119.59,4607.69,13270633.79,62.50,31.25
1786400121.61,4609.71,13270762.70,128.91,64.45
1786400123.62,4611.72,13270763.18,0.49,0.24
1786400125.64,4613.74,13270862.79,99.61,49.80
1786400127.66,4615.76,13270970.21,107.42,53.71
1786400129.67,4617.78,13270970.21,0.00,0.00
1786400131.69,4619.79,13271154.30,184.08,92.04
1786400133.70,4621.81,13271154.30,0.00,0.00
1786400135.72,4623.82,13271154.30,0.00,0.00
1786400137.86,4625.96,13271365.72,211.43,105.71
1786400139.88,4627.98,13271365.72,0.00,0.00
1786400141.89,4630.00,13271565.43,199.71,99.85
1786400143.91,4632.01,13271565.92,0.49,0.24
1786400145.92,4634.03,13271752.93,187.01,93.51
1786400147.94,4636.04,13271752.93,0.00,0.00
1786400149.95,4638.05,13271886.72,133.79,66.89
1786400151.97,4640.07,13271972.17,85.45,42.72
1786400153.98,4642.08,13272322.75,350.59,175.29
1786400155.99,4644.09,13272322.75,0.00,0.00
1786400158.00,4646.11,13272569.34,246.58,123.29
1786400160.02,4648.12,13272621.09,51.76,25.88
1786400162.03,4650.13,13272621.09,0.00,0.00
1786400164.04,4652.15,13272824.22,203.12,101.56
1786400166.06,4654.16,13272824.71,0.49,0.24
1786400168.07,4656.18,13273075.20,250.49,125.24
1786400170.08,4658.19,13273092.77,17.58,8.79
1786400172.10,4660.20,13273092.77,0.00,0.00
1786400174.13,4662.24,13273114.75,21.97,10.99
1786400176.14,4664.25,13273267.58,152.83,76.42
1786400178.16,4666.26,13273518.07,250.49,125.24
1786400180.18,4668.28,13273548.83,30.76,15.38
1786400182.20,4670.30,13273582.52,33.69,16.85
1786400184.21,4672.32,13273632.32,49.80,24.90
1786400186.22,4674.32,13273789.55,157.23,78.61
1786400188.24,4676.34,13274118.65,329.10,164.55
1786400190.25,4678.35,13274193.36,74.71,37.35
1786400192.27,4680.37,13274193.36,0.00,0.00
1786400194.37,4682.48,13274286.13,92.77,46.39
1786400196.39,4684.49,13274434.57,148.44,74.22
1786400198.41,4686.51,13274642.09,207.52,103.76
1786400200.42,4688.52,13274791.02,148.93,74.46
1786400202.44,4690.54,13274809.08,18.07,9.03
1786400204.45,4692.55,13274937.01,127.93,63.96
1786400206.46,4694.56,13275075.20,138.18,69.09
1786400208.47,4696.58,13275457.52,382.32,191.16
1786400210.48,4698.59,13275572.75,115.23,57.62
1786400212.50,4700.60,13275766.60,193.85,96.92
1786400214.51,4702.62,13275868.65,102.05,51.03
1786400216.53,4704.63,13275869.14,0.49,0.24
1786400218.54,4706.65,13276009.28,140.14,70.07
1786400220.56,4708.66,13276282.71,273.44,136.72
1786400222.57,4710.68,13276312.01,29.30,14.65
1786400224.59,4712.69,13276447.75,135.74,67.87
1786400226.61,4714.71,13276447.75,0.00,0.00
1786400228.62,4716.73,13276615.72,167.97,83.98
1786400230.64,4718.74,13276841.31,225.59,112.79
1786400232.65,4720.75,13276915.04,73.73,36.87
1786400234.66,4722.77,13277070.31,155.27,77.64
1786400236.68,4724.79,13277070.31,0.00,0.00
1786400238.70,4726.81,13277430.66,360.35,180.18
1786400240.72,4728.82,13277430.66,0.00,0.00
1786400242.74,4730.84,13277430.66,0.00,0.00
1786400244.77,4732.88,13277651.86,221.19,110.60
1786400246.79,4734.89,13277673.83,21.97,10.99
1786400248.80,4736.90,13277752.44,78.61,39.31
1786400250.83,4738.93,13277806.64,54.20,27.10
1786400252.85,4740.95,13277806.64,0.00,0.00
1786400254.88,4742.98,13278013.67,207.03,103.52
1786400256.89,4744.99,13278013.67,0.00,0.00
1786400258.90,4747.01,13278254.39,240.72,120.36
1786400260.92,4749.03,13278412.60,158.20,79.10
1786400262.94,4751.04,13278412.60,0.00,0.00
1786400264.96,4753.06,13278681.64,269.04,134.52
1786400266.97,4755.08,13278712.89,31.25,15.62
1786400268.99,4757.09,13278952.64,239.75,119.87
1786400271.01,4759.11,13279191.89,239.26,119.63
1786400273.01,4761.12,13279226.56,34.67,17.33
1786400275.04,4763.14,13279499.51,272.95,136.47
1786400277.05,4765.15,13279499.51,0.00,0.00
1786400279.07,4767.17,13279708.01,208.50,104.25
1786400281.09,4769.19,13279708.01,0.00,0.00
1786400283.10,4771.21,13279708.01,0.00,0.00
1786400285.14,4773.24,13279963.38,255.37,127.69
1786400287.15,4775.25,13279963.38,0.00,0.00
1786400289.17,4777.27,13280229.00,265.62,132.81
1786400291.18,4779.29,13280229.00,0.00,0.00
1786400293.20,4781.31,13280229.00,0.00,0.00
1786400295.22,4783.32,13280419.92,190.92,95.46
1786400297.23,4785.34,13280419.92,0.00,0.00
1786400299.25,4787.35,13280646.00,226.07,113.04
1786400301.27,4789.37,13280646.00,0.00,0.00
1786400303.28,4791.38,13280646.00,0.00,0.00
1786400305.31,4793.42,13280919.43,273.44,136.72
1786400307.33,4795.43,13280963.87,44.43,22.22
1786400309.34,4797.44,13281133.79,169.92,84.96
1786400311.36,4799.46,13281311.52,177.73,88.87
1786400313.37,4801.48,13281312.01,0.49,0.24
1786400315.39,4803.50,13281545.41,233.40,116.70
1786400317.41,4805.51,13281599.61,54.20,27.10
1786400319.42,4807.52,13281719.73,120.12,60.06
1786400321.44,4809.54,13281802.25,82.52,41.26
1786400323.47,4811.57,13281802.73,0.49,0.24
1786400325.49,4813.59,13281943.85,141.11,70.56
1786400327.50,4815.60,13282032.71,88.87,44.43
1786400329.53,4817.63,13282124.51,91.80,45.90
1786400331.54,4819.64,13282295.90,171.39,85.69
1786400333.56,4821.66,13282295.90,0.00,0.00
1786400335.57,4823.68,13282482.42,186.52,93.26
1786400337.59,4825.70,13282603.52,121.09,60.55
1786400339.62,4827.72,13282621.58,18.07,9.03
1786400341.63,4829.74,13282793.46,171.88,85.94
1786400343.65,4831.75,13282793.46,0.00,0.00
1786400345.66,4833.77,13283000.49,207.03,103.52
1786400347.68,4835.78,13283128.42,127.93,63.96
1786400349.69,4837.79,13283165.53,37.11,18.55
1786400351.71,4839.81,13283300.29,134.77,67.38
1786400353.72,4841.83,13283300.29,0.00,0.00
1786400355.75,4843.85,13283539.06,238.77,119.38
1786400357.77,4845.87,13283696.78,157.71,78.86
1786400359.78,4847.88,13283773.93,77.15,38.57
1786400361.80,4849.90,13283877.44,103.52,51.76
1786400363.82,4851.92,13283879.88,2.44,1.22
1786400365.84,4853.94,13283879.88,0.00,0.00
1786400367.86,4855.96,13284078.12,198.24,99.12
1786400369.89,4857.99,13284166.99,88.87,44.43
1786400371.91,4860.01,13284415.04,248.05,124.02
1786400373.92,4862.02,13284539.55,124.51,62.26
1786400375.93,4864.03,13284546.88,7.32,3.66
1786400377.95,4866.05,13284735.35,188.48,94.24
1786400379.97,4868.07,13285088.38,353.03,176.51
1786400381.97,4870.08,13285339.36,250.98,125.49
1786400383.99,4872.09,13285339.36,0.00,0.00
1786400386.01,4874.11,13285369.63,30.27,15.14
1786400388.02,4876.12,13285677.25,307.62,153.81
1786400390.03,4878.13,13285677.25,0.00,0.00
1786400392.05,4880.15,13285851.56,174.32,87.16
1786400394.07,4882.17,13285864.75,13.18,6.59
1786400396.08,4884.18,13286445.31,580.57,290.28
1786400398.12,4886.22,13286547.85,102.54,51.27
1786400400.14,4888.24,13286812.99,265.14,132.57
1786400402.15,4890.25,13286812.99,0.00,0.00
1786400404.17,4892.27,13286859.86,46.88,23.44
1786400406.18,4894.28,13287126.46,266.60,133.30
1786400408.20,4896.30,13287261.72,135.25,67.63
1786400410.22,4898.32,13287301.27,39.55,19.78
1786400412.23,4900.34,13287538.57,237.30,118.65
1786400414.25,4902.35,13287567.38,28.81,14.40
1786400416.27,4904.37,13287608.40,41.02,20.51
1786400418.29,4906.39,13287660.16,51.76,25.88
1786400420.37,4908.47,13287694.34,34.18,17.09
1786400422.39,4910.49,13287694.82,0.49,0.24
1786400424.40,4912.50,13287694.82,0.00,0.00
1786400426.43,4914.53,13288035.16,340.33,170.17
1786400428.44,4916.54,13288187.50,152.34,76.17
1786400430.45,4918.56,13288229.49,41.99,21.00
1786400432.47,4920.57,13288424.80,195.31,97.66
1786400434.49,4922.59,13288424.80,0.00,0.00
1786400436.50,4924.60,13288424.80,0.00,0.00
1786400438.53,4926.63,13288659.18,234.38,117.19
1786400440.54,4928.65,13288732.91,73.73,36.87
1786400442.56,4930.66,13289016.11,283.20,141.60
1786400444.58,4932.68,13289016.11,0.00,0.00
1786400446.60,4934.70,13289397.46,381.35,190.67
1786400448.61,4936.71,13289548.83,151.37,75.68
1786400450.62,4938.72,13289647.95,99.12,49.56
1786400452.63,4940.73,13289817.87,169.92,84.96
1786400454.65,4942.75,13289958.98,141.11,70.56
1786400456.66,4944.76,13289958.98,0.00,0.00
1786400458.68,4946.78,13290257.81,298.83,149.41
1786400460.91,4949.02,13290258.30,0.49,0.24
1786400462.93,4951.03,13290343.75,85.45,42.72
1786400464.94,4953.04,13290463.38,119.63,59.81
1786400466.95,4955.06,13290848.63,385.25,192.63
1786400468.97,4957.07,13290906.74,58.11,29.05
1786400470.99,4959.10,13290977.54,70.80,35.40
1786400473.01,4961.11,13290977.54,0.00,0.00
1786400475.04,4963.14,13291131.84,154.30,77.15
1786400477.06,4965.16,13291132.32,0.49,0.24
1786400479.07,4967.17,13291541.02,408.69,204.35
1786400481.08,4969.19,13291824.71,283.69,141.85
1786400483.10,4971.20,13291825.20,0.49,0.24
1786400485.12,4973.22,13292041.02,215.82,107.91
1786400487.13,4975.23,13292041.02,0.00,0.00
1786400489.14,4977.25,13292217.77,176.76,88.38
1786400491.15,4979.26,13292277.34,59.57,29.79
1786400493.17,4981.27,13292277.34,0.00,0.00
1786400495.18,4983.29,13292513.67,236.33,118.16
1786400497.20,4985.30,13292514.16,0.49,0.24
1786400499.22,4987.32,13292688.48,174.32,87.16
1786400501.23,4989.33,13292837.89,149.41,74.71
1786400503.24,4991.34,13292837.89,0.00,0.00
1786400505.26,4993.36,13292970.70,132.81,66.41
1786400507.27,4995.37,13292971.19,0.49,0.24
1786400509.29,4997.39,13293181.15,209.96,104.98
1786400511.30,4999.40,13293419.43,238.28,119.14
1786400513.32,5001.42,13293419.43,0.00,0.00
1786400515.33,5003.43,13293646.00,226.56,113.28
1786400517.35,5005.45,13293646.00,0.00,0.00
1786400519.36,5007.46,13294140.62,494.63,247.31
1786400521.38,5009.48,13294257.81,117.19,58.59
1786400523.40,5011.50,13294257.81,0.00,0.00
1786400525.42,5013.52,13294567.87,310.06,155.03
1786400527.44,5015.54,13294567.87,0.00,0.00
1786400529.45,5017.56,13294867.68,299.80,149.90
1786400531.47,5019.58,13294867.68,0.00,0.00
1786400533.49,5021.59,13294867.68,0.00,0.00
1786400535.53,5023.64,13294996.09,128.42,64.21
1786400537.55,5025.65,13294996.09,0.00,0.00
1786400539.56,5027.66,13295075.20,79.10,39.55
1786400541.58,5029.68,13295283.69,208.50,104.25
1786400543.59,5031.69,13295283.69,0.00,0.00
1786400545.60,5033.71,13295459.96,176.27,88.13
1786400547.62,5035.72,13295460.45,0.49,0.24
1786400549.63,5037.74,13295560.55,100.10,50.05
1786400551.65,5039.76,13295702.15,141.60,70.80
1786400553.67,5041.77,13295702.15,0.00,0.00
1786400555.69,5043.79,13295915.04,212.89,106.45
1786400557.70,5045.81,13295915.04,0.00,0.00
1786400559.72,5047.82,13295977.54,62.50,31.25
1786400561.74,5049.84,13296177.25,199.71,99.85
1786400563.76,5051.86,13296177.25,0.00,0.00
1786400565.77,5053.87,13296239.26,62.01,31.01
1786400567.79,5055.89,13296257.81,18.55,9.28
1786400569.80,5057.90,13296410.64,152.83,76.42
1786400571.81,5059.91,13296515.62,104.98,52.49
1786400573.83,5061.93,13296515.62,0.00,0.00
1786400575.84,5063.94,13296578.12,62.50,31.25
1786400577.88,5065.98,13296626.46,48.34,24.17
1786400579.89,5067.99,13296770.02,143.55,71.78
1786400581.91,5070.02,13297164.55,394.53,197.27
1786400583.94,5072.04,13297210.94,46.39,23.19
1786400585.96,5074.06,13297313.96,103.03,51.51
1786400587.97,5076.07,13297394.04,80.08,40.04
1786400589.98,5078.08,13297687.99,293.95,146.97
1786400592.00,5080.10,13297687.99,0.00,0.00
1786400594.03,5082.13,13297689.94,1.95,0.98
1786400596.04,5084.14,13297895.51,205.57,102.78
1786400598.06,5086.16,13297952.64,57.13,28.56
1786400600.07,5088.17,13298234.86,282.23,141.11
1786400602.09,5090.19,13298235.35,0.49,0.24
1786400604.10,5092.21,13298254.39,19.04,9.52
1786400606.11,5094.22,13298434.57,180.18,90.09
1786400608.13,5096.23,13298434.57,0.00,0.00
1786400610.15,5098.25,13298630.37,195.80,97.90
1786400612.16,5100.26,13298630.37,0.00,0.00
1786400614.25,5102.35,13298685.06,54.69,27.34
1786400616.26,5104.36,13298929.69,244.63,122.31
1786400618.28,5106.38,13299093.75,164.06,82.03
1786400620.65,5108.76,13299183.59,89.84,44.92
1786400622.67,5110.77,13299183.59,0.00,0.00
1786400624.69,5112.79,13299371.09,187.50,93.75
1786400626.71,5114.81,13299393.55,22.46,11.23
1786400628.72,5116.82,13299565.43,171.88,85.94
1786400630.74,5118.84,13299654.79,89.36,44.68
1786400632.76,5120.86,13299654.79,0.00,0.00
1786400634.77,5122.88,13299874.51,219.73,109.86
1786400636.79,5124.89,13299925.29,50.78,25.39
1786400638.80,5126.90,13300059.57,134.28,67.14
1786400640.82,5128.92,13300166.99,107.42,53.71
1786400642.84,5130.94,13300167.48,0.49,0.24
1786400644.86,5132.96,13300270.51,103.03,51.51
1786400646.88,5134.98,13300270.51,0.00,0.00
1786400648.90,5137.00,13300467.29,196.78,98.39
1786400650.91,5139.01,13300608.89,141.60,70.80
1786400652.92,5141.02,13300746.58,137.70,68.85
1786400654.94,5143.04,13300878.91,132.32,66.16
1786400656.96,5145.06,13300879.39,0.49,0.24
1786400658.97,5147.07,13301025.39,146.00,73.00
1786400661.00,5149.10,13301222.66,197.27,98.63
1786400663.02,5151.12,13301248.05,25.39,12.70
1786400665.03,5153.14,13301248.05,0.00,0.00
1786400667.06,5155.16,13301372.56,124.51,62.26
1786400669.08,5157.18,13301372.56,0.00,0.00
1786400671.10,5159.20,13301651.37,278.81,139.40
1786400673.11,5161.22,13301651.86,0.49,0.24
1786400675.13,5163.24,13301675.78,23.93,11.96
1786400677.14,5165.25,13301848.14,172.36,86.18
1786400679.16,5167.27,13302016.60,168.46,84.23
1786400681.18,5169.28,13302252.44,235.84,117.92
1786400683.19,5171.29,13302311.04,58.59,29.30
1786400685.21,5173.31,13302346.19,35.16,17.58
1786400687.23,5175.33,13302875.98,529.79,264.89
1786400689.24,5177.35,13302875.98,0.00,0.00
1786400691.26,5179.36,13303105.96,229.98,114.99
1786400693.28,5181.38,13303106.45,0.49,0.24
1786400695.29,5183.39,13303279.79,173.34,86.67
1786400697.31,5185.41,13303280.27,0.49,0.24
1786400699.32,5187.42,13303438.48,158.20,79.10
1786400701.44,5189.55,13303522.46,83.98,41.99
1786400703.46,5191.56,13303522.46,0.00,0.00
1786400705.47,5193.57,13303640.14,117.68,58.84
1786400707.49,5195.59,13303640.62,0.49,0.24
1786400709.50,5197.60,13304010.74,370.12,185.06
1786400711.51,5199.62,13304011.23,0.49,0.24
1786400713.53,5201.63,13304011.23,0.00,0.00
1786400715.54,5203.65,13304183.59,172.36,86.18
1786400717.56,5205.66,13304183.59,0.00,0.00
1786400719.57,5207.67,13304356.93,173.34,86.67
1786400721.59,5209.69,13304459.47,102.54,51.27
1786400723.60,5211.70,13304459.47,0.00,0.00
1786400725.62,5213.72,13304555.66,96.19,48.10
1786400727.63,5215.73,13305067.87,512.21,256.10
1786400729.64,5217.75,13305067.87,0.00,0.00
1786400731.66,5219.76,13305304.69,236.82,118.41
1786400733.68,5221.78,13305304.69,0.00,0.00
1786400735.70,5223.80,13305304.69,0.00,0.00
1786400737.73,5225.84,13305496.58,191.89,95.95
1786400739.75,5227.85,13305541.99,45.41,22.71
1786400741.76,5229.87,13305810.55,268.55,134.28
1786400743.78,5231.89,13305810.55,0.00,0.00
1786400745.80,5233.90,13305970.70,160.16,80.08
1786400747.81,5235.91,13306051.76,81.05,40.53
1786400749.83,5237.93,13306446.78,395.02,197.51
1786400751.85,5239.95,13306576.66,129.88,64.94
1786400753.86,5241.96,13306655.76,79.10,39.55
1786400755.88,5243.98,13306883.79,228.03,114.01
1786400757.90,5246.00,13306916.50,32.71,16.36
1786400759.91,5248.02,13307022.95,106.45,53.22
1786400761.94,5250.05,13307158.69,135.74,67.87
1786400763.96,5252.06,13307358.40,199.71,99.85
1786400765.97,5254.08,13307451.17,92.77,46.39
1786400767.99,5256.09,13307472.66,21.48,10.74
1786400770.00,5258.10,13307762.70,290.04,145.02
1786400772.01,5260.11,13307763.18,0.49,0.24
1786400774.18,5262.28,13307797.85,34.67,17.33
1786400776.19,5264.29,13308209.47,411.62,205.81
1786400778.20,5266.30,13308320.31,110.84,55.42
1786400780.23,5268.33,13308345.21,24.90,12.45
1786400782.24,5270.34,13308552.25,207.03,103.52
1786400784.25,5272.36,13308615.72,63.48,31.74
1786400786.27,5274.37,13308923.34,307.62,153.81
1786400788.28,5276.39,13309059.57,136.23,68.12
1786400790.29,5278.39,13309258.79,199.22,99.61
1786400792.36,5280.46,13309373.54,114.75,57.37
1786400794.45,5282.55,13309444.34,70.80,35.40
1786400796.46,5284.56,13309777.83,333.50,166.75
1786400798.48,5286.58,13309906.25,128.42,64.21
1786400800.49,5288.59,13310108.89,202.64,101.32
1786400802.51,5290.61,13310109.38,0.49,0.24
1786400804.62,5292.72,13310284.18,174.80,87.40
1786400806.66,5294.76,13310377.44,93.26,46.63
1786400808.68,5296.78,13310583.98,206.54,103.27
1786400810.69,5298.79,13310716.80,132.81,66.41
1786400812.71,5300.81,13310717.29,0.49,0.24
1786400814.74,5302.84,13310799.80,82.52,41.26
1786400816.75,5304.85,13310946.29,146.48,73.24
1786400818.76,5306.87,13310975.59,29.30,14.65
1786400820.78,5308.88,13311181.15,205.57,102.78
1786400822.79,5310.90,13311516.11,334.96,167.48
1786400824.81,5312.91,13311555.18,39.06,19.53
1786400826.82,5314.93,13311647.46,92.29,46.14
1786400828.84,5316.94,13311703.61,56.15,28.08
1786400830.85,5318.95,13311788.09,84.47,42.24
1786400832.87,5320.97,13311878.42,90.33,45.17
1786400834.88,5322.99,13312013.67,135.25,67.63
1786400836.90,5325.00,13312013.67,0.00,0.00
1786400838.99,5327.10,13312105.47,91.80,45.90
1786400841.02,5329.12,13312412.60,307.13,153.56
1786400843.04,5331.14,13312412.60,0.00,0.00
1786400845.05,5333.15,13312511.72,99.12,49.56
1786400847.07,5335.17,13312713.87,202.15,101.07
1786400849.08,5337.18,13312815.43,101.56,50.78
1786400851.10,5339.20,13312978.03,162.60,81.30
1786400853.11,5341.21,13312978.52,0.49,0.24
1786400855.12,5343.23,13313052.73,74.22,37.11
1786400857.14,5345.24,13313054.69,1.95,0.98
1786400859.15,5347.25,13313142.09,87.40,43.70
1786400861.16,5349.27,13313259.28,117.19,58.59
1786400863.18,5351.28,13313627.93,368.65,184.33
1786400865.19,5353.29,13313702.64,74.71,37.35
1786400867.20,5355.31,13313721.68,19.04,9.52
1786400869.22,5357.32,13313853.52,131.84,65.92
1786400871.24,5359.34,13313938.96,85.45,42.72
1786400873.26,5361.36,13314068.85,129.88,64.94
1786400875.27,5363.37,13314301.76,232.91,116.46
1786400877.28,5365.38,13314601.07,299.32,149.66
1786400879.30,5367.40,13314777.34,176.27,88.13
1786400881.31,5369.41,13314794.92,17.58,8.79
1786400883.33,5371.43,13314930.66,135.74,67.87
1786400885.35,5373.45,13315028.32,97.66,48.83
1786400887.37,5375.47,13315100.59,72.27,36.13
1786400889.48,5377.58,13315102.54,1.95,0.98
1786400891.50,5379.60,13315167.48,64.94,32.47
1786400893.52,5381.62,13315167.48,0.00,0.00
1786400895.53,5383.63,13315442.87,275.39,137.70
1786400897.54,5385.65,13315442.87,0.00,0.00
1786400899.57,5387.67,13315504.88,62.01,31.01
1786400901.59,5389.69,13315649.90,145.02,72.51
1786400903.61,5391.71,13315731.93,82.03,41.02
1786400905.63,5393.73,13315859.86,127.93,63.96
1786400907.64,5395.75,13315951.17,91.31,45.65
1786400909.66,5397.77,13316172.85,221.68,110.84
1786400911.68,5399.78,13316292.48,119.63,59.81
1786400913.69,5401.80,13316292.48,0.00,0.00
1786400915.72,5403.82,13316622.56,330.08,165.04
1786400917.73,5405.83,13316622.56,0.00,0.00
1786400919.75,5407.85,13316898.93,276.37,138.18
1786400921.79,5409.89,13316898.93,0.00,0.00
1786400923.80,5411.90,13316898.93,0.00,0.00
1786400925.81,5413.91,13317138.18,239.26,119.63
1786400928.06,5416.16,13317138.18,0.00,0.00
1786400930.07,5418.18,13317303.22,165.04,82.52
1786400932.09,5420.19,13317508.79,205.57,102.78
1786400934.10,5422.20,13317550.78,41.99,21.00
1786400936.12,5424.22,13317644.53,93.75,46.88
1786400938.13,5426.24,13317645.02,0.49,0.24
1786400940.15,5428.25,13317859.86,214.84,107.42
1786400942.16,5430.26,13318061.52,201.66,100.83
1786400944.19,5432.29,13318195.31,133.79,66.89
1786400946.20,5434.31,13318514.16,318.85,159.42
1786400948.22,5436.32,13318514.16,0.00,0.00
1786400950.23,5438.34,13318688.96,174.80,87.40
1786400952.25,5440.35,13318821.78,132.81,66.41
1786400954.26,5442.36,13318890.62,68.85,34.42
1786400956.27,5444.37,13318893.07,2.44,1.22
1786400958.29,5446.39,13318968.75,75.68,37.84
1786400960.31,5448.41,13319226.07,257.32,128.66
1786400962.33,5450.43,13319400.39,174.32,87.16
1786400964.35,5452.45,13319401.86,1.46,0.73
1786400966.37,5454.47,13319401.86,0.00,0.00
1786400968.39,5456.50,13319712.40,310.55,155.27
1786400970.42,5458.52,13319712.40,0.00,0.00
1786400972.44,5460.54,13319916.99,204.59,102.29
1786400974.46,5462.56,13320034.18,117.19,58.59
1786400976.47,5464.57,13320643.55,609.38,304.69
1786400978.48,5466.59,13320861.33,217.77,108.89
1786400980.50,5468.60,13320861.33,0.00,0.00
1786400982.52,5470.62,13320933.59,72.27,36.13
1786400984.54,5472.64,13320941.89,8.30,4.15
1786400986.61,5474.71,13320984.38,42.48,21.24
1786400988.63,5476.73,13321038.57,54.20,27.10
1786400990.64,5478.74,13321333.98,295.41,147.71
1786400992.66,5480.76,13321333.98,0.00,0.00
1786400994.69,5482.79,13321380.86,46.88,23.44
1786400996.71,5484.81,13321507.32,126.46,63.23
1786400998.72,5486.82,13321507.32,0.00,0.00
1786401000.74,5488.84,13321574.22,66.89,33.45
1786401002.75,5490.86,13321718.26,144.04,72.02
1786401004.77,5492.87,13321894.04,175.78,87.89
1786401006.79,5494.89,13321940.43,46.39,23.19
1786401008.85,5496.96,13322023.44,83.01,41.50
1786401010.87,5498.97,13322128.42,104.98,52.49
1786401012.89,5500.99,13322432.13,303.71,151.86
1786401014.90,5503.01,13322527.34,95.21,47.61
1786401016.92,5505.02,13322565.43,38.09,19.04
1786401018.94,5507.04,13322596.19,30.76,15.38
1786401020.98,5509.08,13322736.33,140.14,70.07
1786401022.99,5511.09,13322736.33,0.00,0.00
1786401025.01,5513.11,13322736.33,0.00,0.00
1786401027.02,5515.13,13322799.32,62.99,31.49
1786401029.04,5517.14,13322900.88,101.56,50.78
1786401031.05,5519.16,13323046.88,146.00,73.00
1786401033.07,5521.17,13323059.08,12.21,6.10
1786401035.09,5523.19,13323059.08,0.00,0.00
1786401037.10,5525.21,13323076.17,17.09,8.54
1786401039.12,5527.22,13323234.38,158.20,79.10
1786401041.13,5529.24,13323332.03,97.66,48.83
1786401043.16,5531.26,13323332.03,0.00,0.00
1786401045.18,5533.28,13323332.52,0.49,0.24
1786401047.19,5535.30,13323495.61,163.09,81.54
1786401049.21,5537.31,13323742.68,247.07,123.54
1786401051.22,5539.32,13323795.90,53.22,26.61
1786401053.25,5541.35,13323937.50,141.60,70.80
1786401055.27,5543.37,13324058.59,121.09,60.55
1786401057.28,5545.39,13324058.59,0.00,0.00
1786401059.31,5547.41,13324207.03,148.44,74.22
1786401061.34,5549.44,13324476.07,269.04,134.52
1786401063.36,5551.46,13324476.07,0.00,0.00
1786401065.37,5553.48,13324640.62,164.55,82.28
1786401067.38,5555.49,13324753.91,113.28,56.64
1786401069.40,5557.50,13324936.04,182.13,91.06
1786401071.41,5559.51,13325026.86,90.82,45.41
1786401073.42,5561.52,13325290.53,263.67,131.84
1786401075.44,5563.54,13325521.97,231.45,115.72
1786401077.47,5565.57,13325557.62,35.64,17.82
1786401079.49,5567.59,13325752.44,194.82,97.41
1786401081.50,5569.60,13325944.82,192.38,96.19
1786401083.52,5571.62,13325944.82,0.00,0.00
1786401085.54,5573.64,13326100.10,155.27,77.64
1786401087.56,5575.66,13326100.59,0.49,0.24
1786401089.58,5577.68,13326283.69,183.11,91.55
1786401091.59,5579.69,13326411.62,127.93,63.96
1786401093.61,5581.71,13326412.11,0.49,0.24
1786401095.63,5583.73,13326685.55,273.44,136.72
1786401097.96,5586.06,13326685.55,0.00,0.00
1786401099.98,5588.09,13327032.71,347.17,173.58
1786401101.99,5590.10,13327059.08,26.37,13.18
1786401104.37,5592.47,13327154.30,95.21,47.61
1786401106.38,5594.48,13327189.45,35.16,17.58
1786401108.39,5596.49,13327549.80,360.35,180.18
1786401110.41,5598.51,13327678.71,128.91,64.45
1786401112.42,5600.53,13327678.71,0.00,0.00
1786401114.44,5602.54,13327678.71,0.00,0.00
1786401116.45,5604.55,13327890.62,211.91,105.96
1786401118.47,5606.57,13327890.62,0.00,0.00
1786401120.48,5608.58,13328113.28,222.66,111.33
1786401122.50,5610.60,13328220.70,107.42,53.71
1786401124.51,5612.61,13328310.06,89.36,44.68
1786401126.52,5614.63,13328336.43,26.37,13.18
1786401128.54,5616.64,13328405.27,68.85,34.42
1786401130.56,5618.66,13328913.09,507.81,253.91
1786401132.58,5620.68,13328993.16,80.08,40.04
1786401134.60,5622.70,13329067.38,74.22,37.11
1786401136.61,5624.72,13329067.38,0.00,0.00
1786401138.63,5626.73,13329067.38,0.00,0.00
1786401140.65,5628.75,13329488.77,421.39,210.69
1786401142.70,5630.80,13329489.26,0.49,0.24
1786401144.72,5632.82,13329686.52,197.27,98.63
1786401146.73,5634.83,13329709.96,23.44,11.72
1786401148.74,5636.85,13329709.96,0.00,0.00
1786401150.76,5638.86,13330017.09,307.13,153.56
1786401152.77,5640.87,13330017.09,0.00,0.00
1786401154.79,5642.89,13330182.13,165.04,82.52
1786401156.80,5644.91,13330227.54,45.41,22.71
1786401158.88,5646.98,13330424.32,196.78,98.39
1786401160.90,5649.00,13330826.17,401.86,200.93
1786401162.91,5651.02,13330875.98,49.80,24.90
1786401164.93,5653.04,13330956.05,80.08,40.04
1786401166.95,5655.05,13331129.88,173.83,86.91
1786401168.96,5657.06,13331137.70,7.81,3.91
1786401170.97,5659.07,13331329.10,191.41,95.70
1786401172.99,5661.09,13331698.73,369.63,184.81
1786401175.00,5663.10,13331735.35,36.62,18.31
1786401177.02,5665.12,13331828.12,92.77,46.39
1786401179.03,5667.13,13331883.30,55.18,27.59
1786401181.04,5669.15,13331958.50,75.20,37.60
1786401183.06,5671.16,13332093.75,135.25,67.63
1786401185.07,5673.18,13332314.94,221.19,110.60
1786401187.09,5675.19,13332401.37,86.43,43.21
1786401189.10,5677.20,13332488.28,86.91,43.46
1786401191.11,5679.21,13332555.18,66.89,33.45
1786401193.13,5681.23,13332555.66,0.49,0.24
1786401195.14,5683.24,13332621.58,65.92,32.96
1786401197.16,5685.26,13332621.58,0.00,0.00
1786401199.18,5687.28,13332726.56,104.98,52.49
1786401201.20,5689.30,13332762.21,35.64,17.82
1786401203.21,5691.31,13332923.83,161.62,80.81
1786401205.23,5693.33,13333129.39,205.57,102.78
1786401207.24,5695.35,13333129.39,0.00,0.00
1786401209.26,5697.36,13333243.16,113.77,56.88
1786401211.28,5699.38,13333297.85,54.69,27.34
1786401213.29,5701.39,13333428.22,130.37,65.19
1786401215.31,5703.41,13333629.39,201.17,100.59
1786401217.32,5705.43,13333778.81,149.41,74.71
1786401219.33,5707.44,13333801.76,22.95,11.47
1786401221.35,5709.46,13333924.32,122.56,61.28
1786401223.37,5711.47,13333924.32,0.00,0.00
1786401225.39,5713.49,13334266.60,342.29,171.14
1786401227.41,5715.51,13334267.09,0.49,0.24
1786401229.43,5717.53,13334267.09,0.00,0.00
1786401231.46,5719.56,13334501.95,234.86,117.43
1786401233.47,5721.57,13334502.44,0.49,0.24
1786401235.49,5723.59,13334667.48,165.04,82.52
1786401237.53,5725.63,13334821.29,153.81,76.90
1786401239.54,5727.65,13335012.70,191.41,95.70
1786401241.55,5729.66,13335126.46,113.77,56.88
1786401243.57,5731.67,13335126.46,0.00,0.00
1786401245.58,5733.69,13335128.91,2.44,1.22
1786401247.60,5735.70,13335360.84,231.93,115.97
1786401249.62,5737.72,13335528.81,167.97,83.98
1786401251.66,5739.76,13335552.73,23.93,11.96
1786401253.67,5741.77,13335786.62,233.89,116.94
1786401255.69,5743.79,13335787.11,0.49,0.24
1786401257.70,5745.80,13336019.53,232.42,116.21
1786401259.72,5747.82,13336198.24,178.71,89.36
1786401261.74,5749.84,13336356.45,158.20,79.10
1786401263.75,5751.86,13336358.89,2.44,1.22
1786401265.88,5753.98,13336358.89,0.00,0.00
1786401267.90,5756.01,13336548.34,189.45,94.73
1786401269.92,5758.02,13336787.60,239.26,119.63
1786401271.93,5760.03,13336909.67,122.07,61.04
1786401273.94,5762.04,13337033.20,123.54,61.77
1786401275.96,5764.06,13337073.73,40.53,20.26
1786401277.97,5766.08,13337468.26,394.53,197.27
1786401279.99,5768.09,13337468.26,0.00,0.00
1786401282.01,5770.11,13337673.83,205.57,102.78
1786401284.09,5772.19,13337673.83,0.00,0.00
1786401286.10,5774.21,13337751.95,78.12,39.06
1786401288.12,5776.22,13337814.45,62.50,31.25
1786401290.13,5778.23,13337977.05,162.60,81.30
1786401292.14,5780.25,13338282.71,305.66,152.83
1786401294.16,5782.26,13338404.30,121.58,60.79
1786401296.17,5784.28,13338432.62,28.32,14.16
1786401298.19,5786.29,13338507.81,75.20,37.60
1786401300.20,5788.30,13338863.77,355.96,177.98
1786401302.21,5790.32,13338865.23,1.46,0.73
1786401304.23,5792.33,13338920.90,55.66,27.83
1786401306.24,5794.34,13339176.76,255.86,127.93
1786401308.26,5796.36,13339177.25,0.49,0.24
1786401310.28,5798.38,13339559.08,381.84,190.92
1786401312.29,5800.39,13339685.06,125.98,62.99
1786401314.31,5802.41,13339771.97,86.91,43.46
1786401316.34,5804.44,13339927.25,155.27,77.64
1786401318.35,5806.45,13340075.20,147.95,73.97
1786401320.36,5808.47,13340251.46,176.27,88.13
1786401322.38,5810.48,13340251.46,0.00,0.00
1786401324.40,5812.50,13340251.46,0.00,0.00
1786401326.43,5814.53,13340470.21,218.75,109.38
1786401328.44,5816.54,13340470.21,0.00,0.00
1786401330.49,5818.59,13340535.64,65.43,32.71
1786401332.52,5820.62,13340737.30,201.66,100.83
1786401334.53,5822.63,13340737.30,0.00,0.00
1786401336.55,5824.65,13340737.30,0.00,0.00
1786401338.58,5826.68,13340941.41,204.10,102.05
1786401340.59,5828.70,13341041.50,100.10,50.05
1786401342.62,5830.72,13341080.57,39.06,19.53
1786401344.63,5832.73,13341080.57,0.00,0.00
1786401346.65,5834.75,13341287.11,206.54,103.27
1786401348.66,5836.76,13341466.31,179.20,89.60
1786401350.94,5839.04,13341557.13,90.82,45.41
1786401352.95,5841.06,13341653.32,96.19,48.10
1786401354.97,5843.08,13341653.32,0.00,0.00
1786401357.03,5845.13,13341781.25,127.93,63.96
1786401359.06,5847.16,13342125.49,344.24,172.12
1786401361.07,5849.17,13342354.00,228.52,114.26
1786401363.09,5851.19,13342396.48,42.48,21.24
1786401365.11,5853.21,13342486.82,90.33,45.17
1786401367.12,5855.22,13342655.76,168.95,84.47
1786401369.13,5857.24,13342717.77,62.01,31.01
1786401371.15,5859.25,13342848.63,130.86,65.43
1786401373.16,5861.27,13342945.31,96.68,48.34
1786401375.18,5863.28,13343214.84,269.53,134.77
1786401377.19,5865.29,13343214.84,0.00,0.00
1786401379.20,5867.30,13343214.84,0.00,0.00
1786401381.22,5869.32,13343383.79,168.95,84.47
1786401383.23,5871.33,13343384.28,0.49,0.24
1786401385.24,5873.34,13343521.48,137.21,68.60
1786401387.26,5875.36,13343625.00,103.52,51.76
1786401389.27,5877.37,13343690.92,65.92,32.96
1786401391.28,5879.38,13343960.45,269.53,134.77
1786401393.30,5881.41,13343960.45,0.00,0.00
1786401395.32,5883.42,13344142.09,181.64,90.82
1786401397.33,5885.43,13344253.91,111.82,55.91
1786401399.35,5887.45,13344295.41,41.50,20.75
1786401401.36,5889.47,13344522.95,227.54,113.77
1786401403.38,5891.48,13344523.44,0.49,0.24
1786401405.40,5893.51,13344679.69,156.25,78.12
1786401407.42,5895.52,13344830.08,150.39,75.20
1786401409.44,5897.54,13344863.77,33.69,16.85
1786401411.44,5899.55,13344927.25,63.48,31.74
1786401413.46,5901.56,13345121.58,194.34,97.17
1786401415.48,5903.59,13345257.81,136.23,68.12
1786401417.50,5905.61,13345441.89,184.08,92.04
1786401419.52,5907.62,13345499.02,57.13,28.56
1786401421.54,5909.64,13345783.69,284.67,142.33
1786401423.56,5911.66,13345783.69,0.00,0.00
1786401425.58,5913.68,13345919.43,135.74,67.87
1786401427.59,5915.69,13346047.85,128.42,64.21
1786401429.63,5917.73,13346113.28,65.43,32.71
1786401431.65,5919.75,13346250.00,136.72,68.36
1786401433.66,5921.77,13346250.00,0.00,0.00
1786401435.68,5923.78,13346318.85,68.85,34.42
1786401437.70,5925.80,13346345.70,26.86,13.43
1786401439.71,5927.81,13346627.44,281.74,140.87
1786401441.73,5929.83,13346731.93,104.49,52.25
1786401443.75,5931.85,13346731.93,0.00,0.00
1786401445.77,5933.87,13346939.94,208.01,104.00
1786401447.79,5935.89,13346939.94,0.00,0.00
1786401449.87,5937.98,13347012.21,72.27,36.13
1786401451.90,5940.01,13347073.73,61.52,30.76
1786401453.92,5942.02,13347073.73,0.00,0.00
1786401455.94,5944.04,13347318.85,245.12,122.56
1786401457.95,5946.05,13347427.73,108.89,54.44
1786401459.96,5948.06,13347488.77,61.04,30.52
1786401461.97,5950.08,13347739.75,250.98,125.49
1786401463.99,5952.09,13347739.75,0.00,0.00
1786401466.01,5954.11,13347841.80,102.05,51.03
1786401468.02,5956.12,13348088.87,247.07,123.54
1786401470.03,5958.14,13348175.78,86.91,43.46
1786401472.05,5960.15,13348301.27,125.49,62.74
1786401474.06,5962.16,13348301.27,0.00,0.00
1786401476.07,5964.18,13348655.76,354.49,177.25
1786401478.08,5966.19,13348758.79,103.03,51.51
1786401480.10,5968.20,13348854.98,96.19,48.10
1786401482.13,5970.23,13348901.86,46.88,23.44
1786401484.14,5972.24,13348901.86,0.00,0.00
1786401486.16,5974.26,13349180.66,278.81,139.40
1786401488.17,5976.27,13349180.66,0.00,0.00
1786401490.19,5978.29,13349284.18,103.52,51.76
1786401492.20,5980.30,13349417.48,133.30,66.65
1786401494.22,5982.32,13349417.48,0.00,0.00
1786401496.23,5984.34,13349546.88,129.39,64.70
1786401498.25,5986.35,13349546.88,0.00,0.00
1786401500.27,5988.37,13349680.18,133.30,66.65
1786401502.28,5990.38,13349725.10,44.92,22.46
1786401504.31,5992.41,13349725.10,0.00,0.00
1786401506.32,5994.42,13349927.73,202.64,101.32
1786401508.34,5996.44,13350155.27,227.54,113.77
1786401510.35,5998.45,13350331.05,175.78,87.89
1786401512.37,6000.47,13350629.39,298.34,149.17
1786401514.39,6002.49,13350629.39,0.00,0.00
1786401516.41,6004.51,13350755.37,125.98,62.99
1786401518.42,6006.52,13351028.81,273.44,136.72
1786401520.44,6008.54,13351050.29,21.48,10.74
1786401522.45,6010.55,13351134.77,84.47,42.24
1786401524.47,6012.57,13351135.25,0.49,0.24
1786401526.49,6014.59,13351294.92,159.67,79.83
1786401528.50,6016.61,13351425.29,130.37,65.19
1786401530.52,6018.62,13351558.11,132.81,66.41
1786401532.54,6020.64,13351613.28,55.18,27.59
1786401534.55,6022.65,13351613.28,0.00,0.00
1786401536.57,6024.67,13351809.57,196.29,98.14
1786401538.59,6026.69,13351809.57,0.00,0.00
1786401540.61,6028.71,13352003.91,194.34,97.17
1786401542.61,6030.72,13352117.68,113.77,56.88
1786401544.63,6032.73,13352117.68,0.00,0.00
1786401546.65,6034.75,13352283.20,165.53,82.76
1786401548.66,6036.76,13352423.34,140.14,70.07
1786401550.68,6038.78,13352623.54,200.20,100.10
1786401552.69,6040.79,13352752.44,128.91,64.45
1786401554.71,6042.81,13352752.44,0.00,0.00
1786401556.72,6044.82,13352833.01,80.57,40.28
1786401558.74,6046.84,13353125.98,292.97,146.48
1786401560.75,6048.85,13353259.28,133.30,66.65
1786401562.76,6050.87,13353301.76,42.48,21.24
1786401564.78,6052.88,13353304.69,2.93,1.46
1786401566.89,6054.99,13353304.69,0.00,0.00
1786401568.91,6057.02,13353415.53,110.84,55.42
1786401570.95,6059.05,13353650.88,235.35,117.68
1786401572.96,6061.06,13353786.13,135.25,67.63
1786401574.98,6063.08,13353999.51,213.38,106.69
1786401576.99,6065.09,13354018.55,19.04,9.52
1786401579.01,6067.11,13354449.22,430.66,215.33
1786401581.03,6069.13,13354449.22,0.00,0.00
1786401583.04,6071.14,13354812.01,362.79,181.40
1786401585.05,6073.16,13354973.63,161.62,80.81
1786401587.07,6075.17,13355057.62,83.98,41.99
1786401589.09,6077.20,13355070.80,13.18,6.59
1786401591.11,6079.21,13355256.84,186.04,93.02
1786401593.13,6081.23,13355357.91,101.07,50.54
1786401595.14,6083.24,13355560.55,202.64,101.32
1786401597.16,6085.26,13355560.55,0.00,0.00
1786401599.17,6087.27,13355560.55,0.00,0.00
1786401601.20,6089.30,13355918.95,358.40,179.20
1786401603.22,6091.32,13355944.82,25.88,12.94
1786401605.23,6093.33,13356023.93,79.10,39.55
1786401607.25,6095.36,13356048.34,24.41,12.21
1786401609.27,6097.37,13356223.14,174.80,87.40
1786401611.28,6099.38,13356482.42,259.28,129.64
1786401613.30,6101.40,13356482.42,0.00,0.00
1786401615.32,6103.43,13356578.61,96.19,48.10
1786401617.34,6105.44,13356578.61,0.00,0.00
1786401619.35,6107.45,13356777.83,199.22,99.61
1786401621.36,6109.46,13357052.73,274.90,137.45
1786401623.38,6111.48,13357052.73,0.00,0.00
1786401625.47,6113.57,13357125.00,72.27,36.13
1786401627.50,6115.60,13357226.56,101.56,50.78
1786401629.52,6117.62,13357333.01,106.45,53.22
1786401631.54,6119.64,13357522.95,189.94,94.97
1786401633.56,6121.66,13357522.95,0.00,0.00
1786401635.61,6123.71,13357522.95,0.00,0.00
1786401637.65,6125.75,13357693.36,170.41,85.21
1786401639.67,6127.77,13357719.73,26.37,13.18
1786401641.68,6129.78,13357859.38,139.65,69.82
1786401643.70,6131.80,13357859.38,0.00,0.00
1786401645.71,6133.82,13357983.40,124.02,62.01
1786401647.72,6135.82,13357998.54,15.14,7.57
1786401649.74,6137.84,13358363.28,364.75,182.37
1786401651.75,6139.85,13358447.27,83.98,41.99
1786401653.76,6141.87,13358447.75,0.49,0.24
1786401655.78,6143.88,13358598.63,150.88,75.44
1786401657.80,6145.90,13358623.54,24.90,12.45
1786401659.82,6147.92,13358913.09,289.55,144.78
1786401661.83,6149.93,13359144.53,231.45,115.72
1786401663.86,6151.96,13359144.53,0.00,0.00
1786401665.87,6153.98,13359287.60,143.07,71.53
1786401667.88,6155.99,13359425.78,138.18,69.09
1786401669.90,6158.00,13359426.27,0.49,0.24
1786401671.92,6160.02,13359851.56,425.29,212.65
1786401673.93,6162.03,13359899.41,47.85,23.93
1786401675.95,6164.05,13359952.64,53.22,26.61
1786401678.01,6166.11,13360040.53,87.89,43.95
1786401680.02,6168.12,13360041.02,0.49,0.24
1786401682.04,6170.14,13360274.41,233.40,116.70
1786401684.18,6172.28,13360274.41,0.00,0.00
1786401686.19,6174.29,13360426.27,151.86,75.93
1786401688.21,6176.31,13360426.27,0.00,0.00
1786401690.22,6178.32,13360426.27,0.00,0.00
1786401692.24,6180.34,13360697.27,271.00,135.50
1786401694.25,6182.35,13360697.27,0.00,0.00
1786401696.26,6184.37,13360935.55,238.28,119.14
1786401698.28,6186.38,13360936.04,0.49,0.24
1786401700.29,6188.40,13361166.99,230.96,115.48
1786401702.31,6190.41,13361495.12,328.12,164.06
1786401704.32,6192.42,13361495.61,0.49,0.24
1786401706.34,6194.44,13361737.79,242.19,121.09
1786401708.35,6196.45,13361751.95,14.16,7.08
1786401710.37,6198.47,13361922.85,170.90,85.45
1786401712.38,6200.48,13362059.08,136.23,68.12
1786401714.40,6202.50,13362059.08,0.00,0.00
1786401716.41,6204.51,13362199.22,140.14,70.07
1786401718.42,6206.53,13362232.42,33.20,16.60
1786401720.44,6208.54,13362290.04,57.62,28.81
1786401722.46,6210.56,13362458.98,168.95,84.47
1786401724.48,6212.58,13362458.98,0.00,0.00
1786401726.49,6214.59,13362695.80,236.82,118.41
1786401728.50,6216.61,13362721.68,25.88,12.94
1786401730.52,6218.62,13363048.34,326.66,163.33
1786401732.54,6220.65,13363255.86,207.52,103.76
1786401734.56,6222.66,13363255.86,0.00,0.00
1786401736.58,6224.68,13363255.86,0.00,0.00
1786401738.59,6226.69,13363397.95,142.09,71.04
1786401740.61,6228.71,13363398.44,0.49,0.24
1786401742.63,6230.73,13363531.74,133.30,66.65
1786401744.65,6232.75,13363532.23,0.49,0.24
1786401746.66,6234.76,13363731.45,199.22,99.61
1786401748.67,6236.78,13363797.36,65.92,32.96
1786401750.72,6238.82,13363931.64,134.28,67.14
1786401752.73,6240.84,13364353.03,421.39,210.69
1786401754.74,6242.84,13364414.06,61.04,30.52
1786401756.76,6244.86,13364573.24,159.18,79.59
1786401758.78,6246.88,13364687.99,114.75,57.37
1786401760.81,6248.91,13364782.71,94.73,47.36
1786401762.82,6250.93,13364911.13,128.42,64.21
1786401764.84,6252.94,13364911.62,0.49,0.24
1786401766.86,6254.96,13365114.75,203.12,101.56
1786401768.89,6256.99,13365216.31,101.56,50.78
1786401770.89,6259.00,13365383.79,167.48,83.74
1786401772.91,6261.01,13365622.56,238.77,119.38
1786401774.93,6263.03,13365622.56,0.00,0.00
1786401776.95,6265.05,13365795.41,172.85,86.43
1786401778.98,6267.09,13365858.40,62.99,31.49
1786401781.00,6269.10,13365875.49,17.09,8.54
1786401783.02,6271.13,13365922.36,46.88,23.44
1786401785.04,6273.14,13365922.36,0.00,0.00
1786401787.05,6275.16,13366106.45,184.08,92.04
1786401789.07,6277.17,13366200.20,93.75,46.88
1786401791.08,6279.18,13366293.95,93.75,46.88
1786401793.09,6281.19,13366364.26,70.31,35.16
1786401795.11,6283.21,13366364.26,0.00,0.00
1786401797.12,6285.23,13366612.79,248.54,124.27
1786401799.14,6287.24,13366761.23,148.44,74.22
1786401801.15,6289.26,13366774.90,13.67,6.84
1786401803.17,6291.27,13366985.84,210.94,105.47
1786401805.18,6293.28,13366985.84,0.00,0.00
1786401807.20,6295.30,13367223.63,237.79,118.90
1786401809.21,6297.32,13367397.95,174.32,87.16
1786401811.23,6299.33,13367500.00,102.05,51.03
1786401813.24,6301.35,13367950.68,450.68,225.34
1786401815.26,6303.36,13367951.17,0.49,0.24
1786401817.28,6305.38,13368159.67,208.50,104.25
1786401819.29,6307.40,13368296.88,137.21,68.60
1786401821.31,6309.42,13368397.95,101.07,50.54
1786401823.33,6311.43,13368885.25,487.30,243.65
1786401825.34,6313.45,13368885.25,0.00,0.00
1786401827.36,6315.46,13369133.79,248.54,124.27
1786401829.38,6317.48,13369295.41,161.62,80.81
1786401831.40,6319.50,13369331.05,35.64,17.82
1786401833.40,6321.51,13369398.93,67.87,33.94
1786401835.42,6323.52,13369398.93,0.00,0.00
1786401837.47,6325.57,13369524.41,125.49,62.74
1786401839.48,6327.59,13369742.19,217.77,108.89
1786401841.50,6329.60,13369944.82,202.64,101.32
1786401843.51,6331.61,13369944.82,0.00,0.00
1786401845.53,6333.63,13369945.31,0.49,0.24
1786401847.55,6335.65,13370015.14,69.82,34.91
1786401849.56,6337.67,13370015.62,0.49,0.24
1786401851.58,6339.68,13370253.42,237.79,118.90
1786401853.61,6341.71,13370421.39,167.97,83.98
1786401855.63,6343.73,13370421.39,0.00,0.00
1786401857.64,6345.74,13370484.86,63.48,31.74
1786401859.66,6347.76,13370579.59,94.73,47.36
1786401861.67,6349.78,13370796.39,216.80,108.40
1786401863.69,6351.79,13370799.32,2.93,1.46
1786401865.71,6353.81,13370799.32,0.00,0.00
1786401867.72,6355.83,13370863.28,63.96,31.98
1786401869.74,6357.84,13371035.64,172.36,86.18
1786401871.76,6359.86,13371241.21,205.57,102.78
1786401873.78,6361.88,13371269.53,28.32,14.16
1786401875.80,6363.90,13371269.53,0.00,0.00
1786401877.81,6365.91,13371468.75,199.22,99.61
1786401879.83,6367.93,13371604.98,136.23,68.12
1786401881.83,6369.94,13371732.91,127.93,63.96
1786401883.85,6371.95,13371732.91,0.00,0.00
1786401885.87,6373.97,13371732.91,0.00,0.00
1786401887.88,6375.98,13371870.61,137.70,68.85
1786401889.90,6378.00,13371946.29,75.68,37.84
1786401891.93,6380.03,13372047.36,101.07,50.54
1786401893.94,6382.05,13372047.36,0.00,0.00
1786401895.96,6384.06,13372061.04,13.67,6.84
1786401897.97,6386.07,13372445.31,384.28,192.14
1786401899.99,6388.09,13372445.80,0.49,0.24
1786401902.01,6390.11,13372620.61,174.80,87.40
1786401904.13,6392.24,13372621.09,0.49,0.24
1786401906.15,6394.25,13372731.93,110.84,55.42
1786401908.16,6396.26,13372887.70,155.76,77.88
1786401910.17,6398.28,13373212.40,324.71,162.35
1786401912.19,6400.29,13373312.99,100.59,50.29
1786401914.20,6402.30,13373509.77,196.78,98.39
1786401916.22,6404.33,13373628.42,118.65,59.33
1786401918.26,6406.36,13373680.66,52.25,26.12
1786401920.27,6408.37,13373743.16,62.50,31.25
1786401922.29,6410.39,13373743.65,0.49,0.24
1786401924.32,6412.42,13373743.65,0.00,0.00
1786401926.34,6414.45,13374053.22,309.57,154.79
1786401928.37,6416.47,13374146.48,93.26,46.63
1786401930.38,6418.48,13374174.32,27.83,13.92
1786401932.39,6420.49,13374287.11,112.79,56.40
1786401934.40,6422.51,13374287.11,0.00,0.00
1786401936.43,6424.53,13374287.11,0.00,0.00
1786401938.46,6426.57,13374663.09,375.98,187.99
1786401940.49,6428.59,13374929.69,266.60,133.30
1786401942.51,6430.61,13375127.93,198.24,99.12
1786401944.52,6432.62,13375128.42,0.49,0.24
1786401946.53,6434.64,13375423.34,294.92,147.46
1786401948.55,6436.65,13375423.34,0.00,0.00
1786401950.57,6438.67,13375479.00,55.66,27.83
1786401952.58,6440.68,13375561.52,82.52,41.26
1786401954.60,6442.70,13375749.51,187.99,93.99
1786401956.61,6444.71,13376052.25,302.73,151.37
1786401958.64,6446.74,13376187.50,135.25,67.63
1786401960.65,6448.76,13376187.50,0.00,0.00
1786401962.67,6450.77,13376250.98,63.48,31.74
1786401964.69,6452.79,13376422.85,171.88,85.94
1786401966.70,6454.80,13376597.66,174.80,87.40
1786401968.72,6456.82,13376665.04,67.38,33.69
1786401970.73,6458.83,13376739.26,74.22,37.11
1786401972.74,6460.85,13376879.88,140.62,70.31
1786401974.76,6462.87,13376879.88,0.00,0.00
1786401976.79,6464.89,13377116.21,236.33,118.16
1786401978.99,6467.09,13377174.80,58.59,29.30
1786401981.02,6469.12,13377305.18,130.37,65.19
1786401983.04,6471.14,13377404.79,99.61,49.80
1786401985.06,6473.16,13377404.79,0.00,0.00
1786401987.08,6475.18,13377644.04,239.26,119.63
1786401989.10,6477.20,13377719.24,75.20,37.60
1786401991.11,6479.21,13377746.58,27.34,13.67
1786401993.14,6481.24,13377987.30,240.72,120.36
1786401995.15,6483.25,13377987.30,0.00,0.00
1786401997.17,6485.27,13378165.53,178.22,89.11
1786401999.19,6487.29,13378258.79,93.26,46.63
1786402001.20,6489.30,13378279.79,21.00,10.50
1786402003.22,6491.32,13378362.30,82.52,41.26
1786402005.23,6493.33,13378498.05,135.74,67.87
1786402007.25,6495.35,13378680.66,182.62,91.31
1786402009.61,6497.71,13378680.66,0.00,0.00
1786402011.63,6499.73,13378822.75,142.09,71.04
1786402013.82,6501.92,13378822.75,0.00,0.00
1786402015.83,6503.93,13379163.09,340.33,170.17
1786402017.84,6505.95,13379307.62,144.53,72.27
1786402019.87,6507.98,13379484.38,176.76,88.38
1786402021.89,6509.99,13379751.95,267.58,133.79
1786402023.92,6512.03,13379798.34,46.39,23.19
1786402025.95,6514.05,13379813.96,15.62,7.81
1786402027.96,6516.06,13380007.81,193.85,96.92
1786402029.99,6518.09,13380362.30,354.49,177.25
1786402032.00,6520.10,13380387.21,24.90,12.45
1786402034.01,6522.11,13380609.86,222.66,111.33
1786402036.02,6524.13,13380609.86,0.00,0.00
1786402038.04,6526.14,13380752.44,142.58,71.29
1786402040.05,6528.15,13380752.44,0.00,0.00
1786402042.07,6530.17,13381105.47,353.03,176.51
1786402044.09,6532.19,13381187.50,82.03,41.02
1786402046.11,6534.21,13381259.28,71.78,35.89
1786402048.12,6536.22,13381354.98,95.70,47.85
1786402050.13,6538.24,13381555.18,200.20,100.10
1786402052.15,6540.25,13381623.54,68.36,34.18
1786402054.17,6542.27,13381659.18,35.64,17.82
1786402056.18,6544.29,13381738.28,79.10,39.55
1786402058.20,6546.30,13381966.31,228.03,114.01
1786402060.21,6548.31,13381966.31,0.00,0.00
1786402062.23,6550.34,13382333.98,367.68,183.84
1786402064.25,6552.35,13382333.98,0.00,0.00
1786402066.26,6554.37,13382441.89,107.91,53.96
1786402068.28,6556.38,13382575.20,133.30,66.65
1786402070.30,6558.40,13382749.51,174.32,87.16
1786402072.32,6560.42,13383014.65,265.14,132.57
1786402074.34,6562.44,13383088.38,73.73,36.87
1786402076.35,6564.45,13383213.38,125.00,62.50
1786402078.39,6566.49,13383412.11,198.73,99.37
1786402080.40,6568.50,13383412.60,0.49,0.24
1786402082.42,6570.52,13383605.96,193.36,96.68
1786402084.43,6572.53,13383605.96,0.00,0.00
1786402086.45,6574.55,13383697.75,91.80,45.90
1786402088.52,6576.62,13383781.74,83.98,41.99
1786402090.54,6578.64,13383781.74,0.00,0.00
1786402092.56,6580.66,13383876.46,94.73,47.36
1786402094.57,6582.67,13383876.95,0.49,0.24
1786402096.59,6584.69,13383876.95,0.00,0.00
1786402098.66,6586.77,13384118.65,241.70,120.85
1786402100.68,6588.78,13384118.65,0.00,0.00
1786402102.69,6590.79,13384308.59,189.94,94.97
1786402104.71,6592.81,13384309.08,0.49,0.24
1786402106.72,6594.83,13384561.52,252.44,126.22
1786402109.09,6597.19,13384654.30,92.77,46.39
1786402111.11,6599.22,13384696.29,41.99,21.00
1786402113.13,6601.23,13384943.85,247.56,123.78
1786402115.14,6603.25,13384944.34,0.49,0.24
1786402117.16,6605.26,13385080.08,135.74,67.87
1786402119.18,6607.28,13385216.31,136.23,68.12
1786402121.19,6609.29,13385297.36,81.05,40.53
1786402123.23,6611.33,13385413.57,116.21,58.11
1786402125.25,6613.35,13385413.57,0.00,0.00
1786402127.27,6615.37,13385482.42,68.85,34.42
1786402129.28,6617.38,13385620.61,138.18,69.09
1786402131.29,6619.40,13385916.50,295.90,147.95
1786402133.31,6621.41,13385916.50,0.00,0.00
1786402135.33,6623.43,13385916.99,0.49,0.24
1786402137.36,6625.46,13386023.44,106.45,53.22
1786402139.37,6627.48,13386161.62,138.18,69.09
1786402141.39,6629.49,13386289.06,127.44,63.72
1786402143.42,6631.52,13386328.12,39.06,19.53
1786402145.43,6633.54,13386328.12,0.00,0.00
1786402147.45,6635.55,13386760.25,432.13,216.06
1786402149.47,6637.57,13386797.85,37.60,18.80
1786402151.48,6639.58,13386958.01,160.16,80.08
1786402153.52,6641.62,13387069.34,111.33,55.66
1786402155.53,6643.64,13387069.82,0.49,0.24
1786402157.55,6645.65,13387386.23,316.41,158.20
1786402159.56,6647.66,13387386.23,0.00,0.00
1786402161.58,6649.68,13387569.34,183.11,91.55
1786402163.60,6651.70,13387681.64,112.30,56.15
1786402165.61,6653.71,13387685.06,3.42,1.71
1786402167.63,6655.73,13387685.06,0.00,0.00
1786402169.67,6657.77,13388011.23,326.17,163.09
1786402171.69,6659.79,13388158.20,146.97,73.49
1786402173.70,6661.80,13388158.20,0.00,0.00
1786402175.72,6663.82,13388319.82,161.62,80.81
1786402177.73,6665.83,13388579.10,259.28,129.64
1786402179.75,6667.85,13388579.10,0.00,0.00
1786402181.77,6669.87,13388613.77,34.67,17.33
1786402183.80,6671.91,13388845.70,231.93,115.97
1786402185.82,6673.92,13389195.31,349.61,174.80
1786402187.83,6675.93,13389420.41,225.10,112.55
1786402189.84,6677.95,13389559.57,139.16,69.58
1786402191.88,6679.98,13389603.03,43.46,21.73
1786402193.89,6681.99,13389741.21,138.18,69.09
1786402195.91,6684.01,13389907.23,166.02,83.01
1786402197.92,6686.03,13390077.15,169.92,84.96
1786402199.94,6688.04,13390077.15,0.00,0.00
1786402201.96,6690.06,13390337.40,260.25,130.13
1786402203.97,6692.07,13390416.99,79.59,39.79
1786402205.99,6694.09,13390417.48,0.49,0.24
1786402208.00,6696.11,13390616.21,198.73,99.37
1786402210.02,6698.12,13390970.70,354.49,177.25
1786402212.06,6700.16,13391050.29,79.59,39.79
1786402214.16,6702.26,13391050.29,0.00,0.00
1786402216.18,6704.29,13391106.93,56.64,28.32
1786402218.19,6706.30,13391320.80,213.87,106.93
1786402220.22,6708.32,13391321.29,0.49,0.24
1786402222.24,6710.34,13391321.29,0.00,0.00
1786402224.25,6712.35,13391321.29,0.00,0.00
1786402226.27,6714.37,13391535.64,214.36,107.18
1786402228.29,6716.39,13391616.70,81.05,40.53
1786402230.30,6718.40,13391639.65,22.95,11.47
1786402232.31,6720.41,13391813.48,173.83,86.91
1786402234.33,6722.43,13391813.48,0.00,0.00
1786402236.34,6724.45,13391813.48,0.00,0.00
1786402238.38,6726.48,13392086.43,272.95,136.47
1786402240.40,6728.50,13392118.16,31.74,15.87
1786402242.42,6730.52,13392309.57,191.41,95.70
1786402244.43,6732.53,13392309.57,0.00,0.00
1786402246.45,6734.55,13392618.65,309.08,154.54
1786402248.47,6736.57,13392618.65,0.00,0.00
1786402250.49,6738.59,13392681.64,62.99,31.49
1786402252.51,6740.61,13392754.39,72.75,36.38
1786402254.52,6742.63,13393001.95,247.56,123.78
1786402256.54,6744.64,13393147.95,146.00,73.00
1786402258.56,6746.66,13393246.58,98.63,49.32
1786402260.57,6748.67,13393259.77,13.18,6.59
1786402262.58,6750.68,13393490.72,230.96,115.48
1786402264.60,6752.70,13393707.03,216.31,108.15
1786402266.63,6754.73,13394032.23,325.20,162.60
1786402268.64,6756.75,13394292.48,260.25,130.13
1786402270.66,6758.76,13394300.29,7.81,3.91
1786402272.67,6760.77,13394449.22,148.93,74.46
1786402274.69,6762.79,13394449.71,0.49,0.24
1786402276.70,6764.80,13394654.30,204.59,102.29
1786402278.72,6766.82,13394688.96,34.67,17.33
1786402280.74,6768.84,13394842.29,153.32,76.66
1786402282.75,6770.85,13394992.19,149.90,74.95
1786402284.77,6772.87,13394992.19,0.00,0.00
1786402286.78,6774.88,13395217.29,225.10,112.55
1786402288.79,6776.89,13395299.80,82.52,41.26
1786402290.81,6778.91,13395299.80,0.00,0.00
1786402292.82,6780.92,13395508.30,208.50,104.25
1786402294.83,6782.94,13395508.30,0.00,0.00
1786402296.85,6784.95,13395756.35,248.05,124.02
1786402298.88,6786.98,13395775.88,19.53,9.77
1786402300.89,6789.00,13395776.37,0.49,0.24
1786402302.91,6791.01,13396022.46,246.09,123.05
1786402304.92,6793.02,13396022.46,0.00,0.00
1786402306.94,6795.04,13396304.69,282.23,141.11
1786402308.99,6797.09,13396332.03,27.34,13.67
1786402311.00,6799.10,13396332.03,0.00,0.00
1786402313.02,6801.12,13396426.27,94.24,47.12
1786402315.03,6803.13,13396426.76,0.49,0.24
1786402317.04,6805.15,13396641.11,214.36,107.18
1786402319.06,6807.16,13396641.11,0.00,0.00
1786402321.07,6809.17,13396643.07,1.95,0.98
1786402323.08,6811.18,13396742.19,99.12,49.56
1786402325.10,6813.20,13396947.75,205.57,102.78
1786402327.12,6815.22,13397045.90,98.14,49.07
1786402329.13,6817.23,13397215.82,169.92,84.96
1786402331.15,6819.25,13397246.09,30.27,15.14
1786402333.16,6821.26,13397386.23,140.14,70.07
1786402335.18,6823.28,13397386.23,0.00,0.00
1786402337.26,6825.36,13397443.36,57.13,28.56
1786402339.29,6827.39,13397562.99,119.63,59.81
1786402341.31,6829.41,13397625.98,62.99,31.49
1786402343.32,6831.43,13398003.91,377.93,188.96
1786402345.34,6833.45,13398003.91,0.00,0.00
1786402347.36,6835.46,13398202.64,198.73,99.37
1786402349.38,6837.48,13398378.42,175.78,87.89
1786402351.39,6839.49,13398401.37,22.95,11.47
1786402353.41,6841.51,13398611.33,209.96,104.98
1786402355.43,6843.53,13398611.82,0.49,0.24
1786402357.46,6845.56,13398784.67,172.85,86.43
1786402359.47,6847.57,13399009.77,225.10,112.55
1786402361.48,6849.58,13399021.00,11.23,5.62
1786402363.50,6851.60,13399357.42,336.43,168.21
1786402365.51,6853.62,13399357.91,0.49,0.24
1786402367.53,6855.63,13399525.39,167.48,83.74
1786402369.55,6857.65,13399758.79,233.40,116.70
1786402371.56,6859.66,13399826.66,67.87,33.94
1786402373.58,6861.68,13400056.64,229.98,114.99
1786402375.59,6863.70,13400056.64,0.00,0.00
1786402377.61,6865.72,13400229.49,172.85,86.43
1786402379.63,6867.73,13400229.98,0.49,0.24
1786402381.64,6869.75,13400382.32,152.34,76.17
1786402383.67,6871.77,13400561.04,178.71,89.36
1786402385.69,6873.79,13400561.52,0.49,0.24
1786402387.70,6875.81,13400878.42,316.89,158.45
1786402389.72,6877.82,13400995.61,117.19,58.59
1786402391.73,6879.83,13401186.04,190.43,95.21
1786402393.74,6881.84,13401370.12,184.08,92.04
1786402395.76,6883.86,13401370.12,0.00,0.00
1786402397.78,6885.88,13401370.12,0.00,0.00
1786402399.80,6887.90,13401613.77,243.65,121.83
1786402401.82,6889.92,13401797.36,183.59,91.80
1786402403.83,6891.93,13401915.53,118.16,59.08
1786402405.85,6893.95,13401915.53,0.00,0.00
1786402407.87,6895.97,13402010.74,95.21,47.61
1786402409.89,6897.99,13402244.14,233.40,116.70
1786402411.90,6900.00,13402399.90,155.76,77.88
1786402413.91,6902.01,13402443.85,43.95,21.97
1786402415.93,6904.04,13402809.08,365.23,182.62
1786402417.95,6906.05,13402823.24,14.16,7.08
1786402420.06,6908.17,13402871.09,47.85,23.93
1786402422.09,6910.19,13403101.56,230.47,115.23
1786402424.10,6912.20,13403119.63,18.07,9.03
1786402426.11,6914.21,13403387.70,268.07,134.03
1786402428.13,6916.23,13403697.75,310.06,155.03
1786402430.14,6918.25,13403831.54,133.79,66.89
1786402432.16,6920.26,13404091.31,259.77,129.88
1786402434.17,6922.28,13404097.66,6.35,3.17
1786402436.18,6924.29,13404273.44,175.78,87.89
1786402438.20,6926.30,13404618.65,345.21,172.61
1786402440.23,6928.33,13404654.79,36.13,18.07
1786402442.24,6930.35,13404911.62,256.84,128.42
1786402444.39,6932.49,13404988.28,76.66,38.33
1786402446.41,6934.51,13405010.25,21.97,10.99
1786402448.46,6936.56,13405060.55,50.29,25.15
1786402450.47,6938.57,13405060.55,0.00,0.00
1786402452.48,6940.59,13405347.17,286.62,143.31
1786402454.50,6942.60,13405347.17,0.00,0.00
1786402456.51,6944.61,13405452.64,105.47,52.73
1786402458.54,6946.64,13405666.02,213.38,106.69
1786402460.56,6948.66,13405666.02,0.00,0.00
1786402462.57,6950.67,13405907.71,241.70,120.85
1786402464.58,6952.69,13405910.64,2.93,1.46
1786402466.60,6954.70,13405911.62,0.98,0.49
1786402468.61,6956.72,13406104.49,192.87,96.44
1786402470.63,6958.73,13406310.06,205.57,102.78
1786402472.65,6960.76,13406310.06,0.00,0.00
1786402474.67,6962.77,13406492.19,182.13,91.06
1786402476.71,6964.81,13407006.35,514.16,257.08
1786402478.82,6966.92,13407259.77,253.42,126.71
1786402480.83,6968.94,13407259.77,0.00,0.00
1786402482.85,6970.95,13407500.98,241.21,120.61
1786402484.87,6972.97,13407603.03,102.05,51.03
1786402486.89,6974.99,13407675.29,72.27,36.13
1786402488.90,6977.01,13407910.16,234.86,117.43
1786402490.94,6979.04,13407910.16,0.00,0.00
1786402492.96,6981.06,13408147.95,237.79,118.90
1786402494.97,6983.07,13408281.25,133.30,66.65
1786402497.34,6985.44,13408394.53,113.28,56.64
1786402499.38,6987.48,13408516.11,121.58,60.79
1786402501.40,6989.50,13408593.75,77.64,38.82
1786402503.42,6991.53,13408736.33,142.58,71.29
1786402505.44,6993.54,13408736.33,0.00,0.00
1786402507.46,6995.56,13408805.18,68.85,34.42
1786402509.47,6997.58,13408805.66,0.49,0.24
1786402511.49,6999.59,13408907.23,101.56,50.78
1786402513.51,7001.61,13409145.02,237.79,118.90
1786402515.52,7003.62,13409145.02,0.00,0.00
1786402517.54,7005.64,13409418.95,273.93,136.96
1786402519.55,7007.66,13409419.43,0.49,0.24
1786402521.57,7009.67,13409419.43,0.00,0.00
1786402523.60,7011.71,13409419.43,0.00,0.00
1786402525.73,7013.83,13409549.32,129.88,64.94
1786402527.74,7015.85,13409701.66,152.34,76.17
1786402529.77,7017.87,13409701.66,0.00,0.00
1786402531.79,7019.89,13409979.00,277.34,138.67
1786402533.80,7021.91,13409979.49,0.49,0.24
1786402535.83,7023.93,13409979.49,0.00,0.00
1786402537.86,7025.97,13410230.96,251.46,125.73
1786402539.87,7027.97,13410373.54,142.58,71.29
1786402541.89,7029.99,13410512.21,138.67,69.34
1786402543.91,7032.01,13410512.70,0.49,0.24
1786402545.93,7034.03,13410676.76,164.06,82.03
1786402547.94,7036.04,13410694.34,17.58,8.79
1786402549.95,7038.05,13410844.73,150.39,75.20
1786402551.97,7040.07,13411016.60,171.88,85.94
1786402553.98,7042.09,13411233.40,216.80,108.40
1786402556.01,7044.11,13411433.11,199.71,99.85
1786402558.02,7046.12,13411662.60,229.49,114.75
1786402560.04,7048.14,13411663.09,0.49,0.24
1786402562.06,7050.16,13411872.56,209.47,104.74
1786402564.07,7052.18,13411893.55,21.00,10.50
1786402566.10,7054.20,13412003.42,109.86,54.93
1786402568.12,7056.22,13412130.37,126.95,63.48
1786402570.14,7058.24,13412437.50,307.13,153.56
1786402572.15,7060.26,13412451.66,14.16,7.08
1786402574.17,7062.27,13412484.38,32.71,16.36
1786402576.19,7064.29,13412871.09,386.72,193.36
1786402578.20,7066.31,13413042.48,171.39,85.69
1786402580.22,7068.32,13413042.48,0.00,0.00
1786402582.24,7070.34,13413150.88,108.40,54.20
1786402584.26,7072.36,13413218.75,67.87,33.94
1786402586.29,7074.39,13413323.73,104.98,52.49
1786402588.30,7076.40,13413562.01,238.28,119.14
1786402590.31,7078.42,13413562.01,0.00,0.00
1786402592.33,7080.43,13413813.48,251.46,125.73
1786402594.35,7082.45,13413882.32,68.85,34.42
1786402596.61,7084.71,13413947.75,65.43,32.71
1786402598.63,7086.73,13414064.45,116.70,58.35
1786402600.64,7088.75,13414159.18,94.73,47.36
1786402602.66,7090.76,13414339.84,180.66,90.33
1786402604.68,7092.78,13414491.70,151.86,75.93
1786402606.69,7094.80,13414543.95,52.25,26.12
1786402608.71,7096.81,13414692.87,148.93,74.46
1786402610.72,7098.83,13414692.87,0.00,0.00
1786402612.74,7100.84,13414905.76,212.89,106.45
1786402614.75,7102.86,13415116.70,210.94,105.47
1786402616.78,7104.88,13415271.97,155.27,77.64
1786402618.80,7106.90,13415490.72,218.75,109.38
1786402620.81,7108.91,13415491.21,0.49,0.24
1786402622.82,7110.93,13415746.09,254.88,127.44
1786402624.84,7112.94,13415944.34,198.24,99.12
1786402626.85,7114.96,13415970.21,25.88,12.94
1786402628.89,7116.99,13416123.05,152.83,76.42
1786402630.90,7119.00,13416123.05,0.00,0.00
1786402632.92,7121.02,13416256.35,133.30,66.65
1786402634.93,7123.03,13416354.98,98.63,49.32
1786402636.94,7125.05,13416374.51,19.53,9.77
1786402638.96,7127.07,13416439.94,65.43,32.71
1786402640.98,7129.08,13416439.94,0.00,0.00
1786402642.99,7131.09,13416507.81,67.87,33.94
1786402645.01,7133.11,13416778.81,271.00,135.50
1786402647.02,7135.12,13416786.62,7.81,3.91
1786402649.03,7137.14,13416930.18,143.55,71.78
1786402651.06,7139.16,13416965.33,35.16,17.58
1786402653.07,7141.17,13417183.11,217.77,108.89
1786402655.09,7143.19,13417487.30,304.20,152.10
1786402657.11,7145.22,13417522.95,35.64,17.82
1786402659.13,7147.23,13417765.14,242.19,121.09
1786402661.14,7149.25,13417765.14,0.00,0.00
1786402663.16,7151.26,13418104.98,339.84,169.92
1786402665.17,7153.27,13418105.47,0.49,0.24
1786402667.19,7155.29,13418209.96,104.49,52.25
1786402669.21,7157.31,13418346.19,136.23,68.12
1786402671.27,7159.37,13418451.17,104.98,52.49
1786402673.28,7161.39,13418538.57,87.40,43.70
1786402675.30,7163.40,13418683.11,144.53,72.27
1786402677.31,7165.41,13418777.34,94.24,47.12
1786402679.33,7167.43,13418777.83,0.49,0.24
1786402681.43,7169.53,13418828.61,50.78,25.39
1786402683.44,7171.54,13418919.92,91.31,45.65
1786402685.45,7173.56,13419341.80,421.88,210.94
1786402687.47,7175.57,13419346.68,4.88,2.44
1786402689.48,7177.59,13419657.71,311.04,155.52
1786402691.50,7179.60,13419713.87,56.15,28.08
1786402693.51,7181.61,13419800.29,86.43,43.21
1786402695.52,7183.62,13420007.81,207.52,103.76
1786402697.54,7185.64,13420007.81,0.00,0.00
1786402699.56,7187.66,13420208.50,200.68,100.34
1786402701.57,7189.68,13420291.99,83.50,41.75
1786402703.59,7191.69,13420304.20,12.21,6.10
1786402705.60,7193.71,13420373.54,69.34,34.67
1786402707.62,7195.72,13420541.99,168.46,84.23
1786402709.64,7197.74,13420541.99,0.00,0.00
1786402711.66,7199.76,13420660.64,118.65,59.33
1786402713.69,7201.79,13420945.31,284.67,142.33
1786402715.71,7203.81,13420945.31,0.00,0.00
